7456,6237,5892,5205,4268,3787,2939,2305,1644,1222,928,673,524,421,333,174,169,151,6159,5384,7102,8930,8283,11231,10818,15881,13572,12727,10828,9195,7481,6565,4654,4183,3105,2491,2455,2330,2214,1292,1174,1161,1248,1313,1491,1787,1933,2199,2510,2706,2958,3124,3236,3377,3438,2294,2272,2099,1950,1753,1477,1333,1168,1134,984,402,382,316,307,301,363,356,356,363,354,168,189,168,172,170,129,142,131,128,157,103,97,91,94,80
6237,45146,36237,53808,4132,3671,2952,2180,1687,1321,1016,882,659,540,377,203,187,164,1997,5703,7691,9375,8598,7344,10896,11572,13578,11614,11184,9985,9193,7229,6558,4883,4870,2987,2788,2832,2748,2675,1621,1528,1543,1521,1776,1941,2222,2373,2667,2765,3082,3281,3293,3511,3457,2514,2393,2187,2182,1959,1666,1585,1461,1250,1211,533,441,423,394,377,474,419,418,445,407,193,195,146,186,180,118,149,133,146,141,114,86,89,84,106
5892,36237,66772,101203,58980,3605,2827,2355,1854,1559,1222,977,809,625,537,314,248,217,2283,2715,7720,9954,8875,7352,7049,11130,9769,11500,10287,10262,9545,8728,7347,6925,5497,4540,3264,3030,3135,2991,2842,1876,1682,1753,1925,2264,2489,2480,2572,2784,3002,3051,3255,3457,3443,2422,2446,2399,2426,2273,1774,1748,1624,1433,1362,592,504,497,445,430,545,459,440,455,394,220,175,183,211,182,136,155,149,156,128,82,108,81,77,67
5206,53808,101203,281418,204177,3604,2995,2393,2032,1632,1385,1154,960,786,643,376,339,267,2979,3123,4036,10931,9834,8592,7903,8273,10306,9110,10979,10067,10758,10120,9873,8197,8342,5785,5770,4351,4163,4160,3828,3575,2711,2682,2775,3140,3199,3036,3330,3466,3518,3913,3726,4080,3943,2937,2782,2812,2796,2712,2186,2164,1948,1837,1810,807,735,595,627,576,700,638,633,557,466,218,199,198,219,228,134,127,119,124,123,86,99,91,80,86
4268,4132,58981,204177,296652,164807,3033,2563,2120,1887,1683,1340,1211,982,765,489,416,389,3365,3627,3397,3697,9561,8440,7777,7997,6949,8720,8259,9595,9626,10017,9800,9273,8659,7828,6125,5681,4055,4121,3992,3665,3570,2626,2589,2997,2758,2678,2893,2878,3130,3323,3348,3588,3421,2633,2617,2545,2608,2489,2235,2229,2077,1957,1854,756,658,708,654,587,690,654,595,538,492,188,221,206,193,228,126,119,123,138,120,87,77,72,106,59
3787,3671,3605,3604,164807,383274,211010,89126,2444,2224,2004,1688,1507,1239,1087,694,600,543,4907,4142,3423,3569,3952,8673,8015,8547,7380,6790,8431,7707,10239,9853,10295,10200,10750,8849,8422,6462,5981,4587,4502,3906,3897,3798,2812,3182,2773,2809,2697,2862,3199,3098,3327,3349,3510,2427,2516,2632,2565,2775,2307,2315,2298,2150,2020,917,796,793,772,621,802,776,701,575,536,230,244,248,239,244,133,153,130,137,128,80,89,90,80,74
2939,2952,2827,2995,3033,211010,425115,246064,99512,2204,2088,1907,1645,1497,1261,865,790,763,5470,4589,3632,3328,3743,3448,7696,8519,7430,6335,6141,7457,7679,9785,9179,10334,11021,9891,8710,8496,6513,6110,4613,3939,4108,4031,4305,3589,2945,2980,2823,3268,3212,3027,3298,3387,3336,2340,2233,2554,2467,2720,2205,2235,2371,2344,2158,1004,893,693,766,699,928,808,773,656,569,233,225,243,245,169,122,142,102,134,116,81,89,77,81,88
2305,2180,2355,2393,2563,89126,246064,302057,222959,109241,2255,2147,1906,1757,1595,1077,1062,1004,5895,4633,4025,3394,3045,3120,3346,7919,7131,6188,5680,5301,7106,7373,9045,8996,10884,10302,10055,8969,8596,6546,5956,4220,3998,4096,4423,5560,3075,3015,2834,2999,2963,2775,2981,2964,3087,2177,2172,2269,2488,2502,2179,2190,2245,2402,2276,1024,953,816,916,766,906,877,808,644,641,282,217,257,205,214,148,123,123,149,110,88,83,64,78,63
1644,1687,1854,2032,2120,2444,99508,222972,304176,198323,103929,2367,2049,1939,1759,1288,1199,1118,5908,4835,4439,3530,2995,2591,2835,3648,6424,6147,5556,5127,5195,6858,6774,8702,9518,9723,9994,9944,8971,8462,6265,5277,4189,4070,4423,5547,3811,2930,2721,2864,2527,2497,2892,2729,2860,2028,1947,2075,2169,2206,2079,1923,2107,2342,2167,957,895,880,928,711,889,947,860,733,639,269,274,250,180,206,127,113,114,130,117,82,75,84,67,68
1222,1321,1559,1632,1887,2224,2204,109239,198324,289664,199114,100475,2349,2219,2066,1445,1447,1451,6077,4920,5111,3803,3372,2649,2639,3259,3420,5767,5356,5111,5070,5209,6335,6412,9027,8547,9749,9876,9833,8936,7942,5487,5505,4364,4290,5401,4037,3955,2767,2730,2553,2458,2689,2491,2660,1891,1964,1797,2054,2090,1889,1784,2000,2345,2031,1037,904,953,940,833,935,891,849,753,681,319,318,281,187,191,144,126,140,115,99,70,70,79,77,56
928,1016,1222,1385,1683,2004,2088,2255,103928,199109,303850,203935,107771,2526,2422,1776,1703,1904,5806,5266,5493,3990,3834,2945,2760,3095,3455,3411,5068,5205,5019,5032,4920,6417,7398,8549,9009,10124,10015,10059,8256,7358,6013,5905,4393,5469,4143,4223,4653,2911,2753,2479,2641,2689,2581,1838,1980,1724,1992,1982,1787,1803,1908,2168,2083,989,972,953,834,875,1052,858,955,871,775,307,336,293,252,228,133,135,129,126,140,79,73,68,71,96
673,882,977,1154,1340,1688,1907,2145,2367,100476,203942,303739,211089,109117,2673,2108,2328,2365,5405,4823,5751,4541,4095,3191,3060,3254,3033,3334,3045,4768,4927,5009,4722,4921,6998,6367,8222,9316,9951,10073,9371,7530,7663,6081,6063,5684,4316,4337,4790,5032,3114,2839,2685,2684,2672,1891,1912,1843,1935,2088,1598,1709,1833,2042,2001,929,929,1022,847,953,1129,1069,993,874,832,340,338,331,291,285,167,154,133,133,119,72,92,74,58,74
525,659,809,960,1211,1507,1645,1906,2049,2349,107773,211078,320283,216986,114439,2602,2911,3108,4624,4928,5908,5087,4510,3773,3502,3747,3284,3191,2892,3201,4956,4779,4950,4914,5536,6377,6203,8822,8820,10068,9632,8931,8167,8301,6614,7957,4625,4595,4977,5518,6144,3257,3129,2746,2600,1901,1801,2003,1869,1884,1581,1684,1785,1833,2005,893,887,1011,912,949,1139,1065,1006,947,891,442,386,419,263,336,190,151,161,143,126,93,85,89,98,69
421,540,625,786,982,1239,1497,1757,1939,2219,2526,109120,216988,330928,232531,112847,3586,3954,4274,4377,6238,5242,4786,4259,4040,4299,3729,3218,3064,3126,3493,4734,4976,4889,5015,4935,6230,6585,8765,8946,9611,9108,9385,8848,8919,8418,6162,4677,5186,5728,6474,7179,3579,3435,2718,2043,1935,1939,1877,2058,1506,1562,1607,1773,1761,864,924,899,848,963,1115,1115,1127,958,937,403,386,383,344,340,218,173,160,150,142,77,92,80,89,73
333,377,537,644,765,1087,1261,1595,1759,2065,2422,2673,114435,232526,363076,233408,132515,5213,3785,4098,6193,5717,5184,4829,4648,5053,4194,3600,3420,3220,3711,3811,5012,4894,5300,4863,4763,6218,6637,8992,8646,9250,9571,9943,9598,11890,6628,6543,5592,6169,6723,7928,8632,4108,3594,2428,1931,1992,2040,1892,1706,1580,1710,1739,1707,856,915,829,878,876,1205,1196,1136,975,1046,436,402,448,362,365,229,208,180,186,154,90,110,72,64,64
174,203,314,376,489,694,865,1077,1288,1445,1776,2108,2602,112855,233409,344722,256828,133099,4033,4424,6995,6037,5970,5707,5211,5770,4683,4160,3731,3149,3355,3315,3776,4338,4924,4807,4540,4552,6121,6494,8209,7745,9291,9892,10586,12170,8212,6920,7307,6254,6851,7949,9150,9987,4511,3433,2139,1899,2070,1807,1496,1486,1433,1477,1480,734,741,768,722,750,926,994,996,891,796,430,335,364,325,346,190,203,172,142,125,84,80,78,71,71
169,187,248,339,416,600,790,1062,1199,1447,1703,2328,2911,3586,132514,256831,392155,341301,129630,5121,7964,7279,7579,7033,6855,7674,6847,6011,5373,4493,4630,4713,4766,4689,6386,5826,5770,5882,6126,7767,7779,8921,10009,11624,12539,16463,10204,10594,9226,10283,8932,9553,10628,12339,14795,5210,3022,2832,2564,2399,1978,1709,1712,1806,1793,818,867,830,867,828,1066,1063,1069,1081,993,485,480,406,430,442,266,235,209,185,182,101,97,87,77,67
151,164,217,267,389,543,763,1004,1118,1451,1903,2365,3108,3954,5214,133104,341296,543047,257153,8223,11019,10303,11306,10783,10718,12476,11446,10873,9669,8636,9245,8649,8875,8356,9406,9720,10283,10551,10101,10570,11919,11261,14172,14885,17078,22827,15081,14534,15826,14581,16382,13405,14720,16749,20339,25776,6385,4373,3868,3476,2823,2643,2499,2446,2564,1178,991,981,963,1054,1331,1221,1272,1314,1200,539,570,578,541,533,299,312,313,283,239,154,126,111,124,83
6159,1997,2283,2979,3365,4907,5470,5895,5909,6077,5808,5406,4624,4274,3785,4033,129627,257154,422118,107825,81515,13129,11973,10667,9964,11799,11071,10595,10081,9517,10390,10755,10724,13090,28887,32580,49736,31085,22048,18628,15877,16900,15608,16436,15348,18718,14701,13281,12088,11667,10121,9301,8461,8112,8010,5814,4999,4656,4395,4258,3095,2966,3093,3298,3096,1593,1403,1389,1289,1311,1306,1296,1286,1318,1171,418,395,389,345,384,122,127,122,101,101,65,66,78,69,80
5384,5703,2715,3123,3627,4142,4589,4633,4835,4919,5266,4823,4928,4376,4099,4424,5121,8223,108007,157156,119455,71729,22646,19891,19765,22270,20230,19339,18484,17774,19497,18760,19485,20291,25505,49316,29496,47662,37657,32583,28644,25660,27765,25948,27279,33115,26271,24945,23576,22481,20128,18641,17988,16833,16290,12129,9388,9040,8651,8678,5730,5376,5641,5589,5563,2669,2471,2445,2433,2407,2634,2447,2316,2427,2246,739,698,658,688,697,196,167,150,179,177,124,134,125,114,92
7102,7691,7721,4036,3397,3423,3632,4025,4439,5111,5493,5750,5907,6237,6192,6995,7964,11019,81407,119408,153102,114078,56696,24776,23977,27018,24497,23638,22579,21919,24361,23785,23480,23990,26704,25954,30726,29783,47292,41322,35662,31256,29206,32054,29945,40524,32109,31414,30303,29281,25427,24348,22768,22061,20719,14785,12212,11716,11551,10899,7234,7093,6794,7209,6886,3250,3174,3155,3176,3076,3362,3248,3156,3082,2989,1097,1070,1005,948,1007,322,300,292,303,290,186,201,191,167,175
8930,9374,9954,10932,3697,3569,3328,3394,3530,3803,3991,4541,5087,5242,5717,6037,7278,10303,13128,71814,114363,159083,89506,55154,24766,26531,24982,23701,22705,22309,25000,24628,24265,24162,26615,24207,25025,26483,26854,40701,36623,30875,28575,27349,29853,36034,31604,30050,30421,29447,27084,24627,24592,22679,22258,14628,12460,12207,11569,11578,7469,7177,7177,6975,6706,3153,3065,3120,3077,3127,3433,3301,3278,3099,3054,1168,1089,1053,995,996,342,366,342,327,330,196,230,231,220,210
8283,8598,8874,9834,9561,3952,3743,3045,2995,3372,3834,4095,4511,4786,5184,5970,7579,11306,11978,22633,56527,89327,100284,80912,27390,30339,27964,26970,25680,24855,28222,27947,27943,28005,29874,26711,27088,27402,27900,28772,39027,34073,31617,30073,28955,38676,31500,32684,31747,32066,30153,29137,27544,26806,24622,17092,14258,13439,13200,13138,8893,8218,7979,7990,7686,3788,3398,3479,3228,3440,3698,3626,3487,3472,3412,1217,1157,1146,1066,1078,415,406,391,379,375,261,233,225,205,235
11231,7344,7353,8591,8440,8673,3448,3120,2591,2649,2946,3191,3775,4259,4829,5707,7034,10783,10675,19875,24781,55096,80964,128276,33643,30477,28948,26855,26383,25743,28697,28292,29152,29196,30180,26682,26575,26966,27026,27072,27678,33794,31985,30098,28588,34651,30725,29941,31808,31240,30192,29748,29185,27502,26728,17966,15208,14035,13758,13478,9318,9071,8315,8334,8173,3702,3528,3580,3399,3440,3821,3751,3548,3569,3530,1253,1160,1194,1121,1168,417,422,419,362,395,280,300,261,259,226
10818,10896,7049,7903,7777,8015,7696,3346,2835,2639,2760,3059,3502,4039,4648,5211,6855,10717,9969,19794,23997,24734,27377,33697,35603,40048,30985,29967,27815,27114,30845,30360,30705,31236,33110,27958,28157,28004,27743,28190,27357,26446,32971,31611,29976,35698,29207,30892,30231,32825,30777,31275,31123,30172,28751,20519,16048,15933,14813,14511,9862,9833,9577,8998,8584,4054,3836,3715,3577,3672,4001,3948,3925,3922,3765,1332,1337,1273,1279,1240,495,501,456,476,465,277,278,314,247,287
15881,11572,11129,8272,7997,8546,8519,7919,3648,3259,3095,3254,3747,4301,5054,5770,7674,12476,12157,22669,27451,27055,30647,30742,40099,48125,46911,36391,35365,33403,37678,37233,37469,38044,39934,34835,33858,33841,33193,33758,32813,30598,30755,37241,36102,42716,35087,34321,36341,36401,37210,35825,37313,36965,36417,25203,21611,19494,18946,17500,12152,11935,11819,11826,10752,5011,4568,4579,4441,4368,4908,4791,4487,4723,4597,1629,1542,1514,1431,1516,567,550,565,530,496,353,349,341,369,338
13572,13578,9769,10307,6950,7380,7430,7131,6423,3420,3455,3033,3284,3728,4194,4683,6847,11447,11399,20652,24973,25469,28247,29225,30960,46916,45875,44608,34910,34447,37568,36734,37316,37863,38992,33940,34012,32907,32698,32393,31855,29753,29601,30367,34443,41308,34342,33098,32850,34664,32919,34875,35122,36239,35677,25989,21488,20796,18880,18427,12058,11804,11822,11888,11634,4973,4536,4530,4252,4342,4643,4757,4517,4652,4451,1459,1572,1541,1546,1471,593,526,550,552,559,320,332,356,341,295
12727,11614,11500,9111,8722,6791,6335,6188,6147,5768,3411,3333,3191,3218,3600,4160,6011,10873,10930,19756,24022,24140,27223,27116,29961,36405,44625,44638,43536,33789,38446,36637,37227,37222,38876,33114,33558,33580,31733,31434,31224,28928,28983,29023,29111,40112,33447,31998,31886,31992,31889,31490,34124,34405,35552,26031,22392,20598,20492,18731,13283,11945,11765,12027,11451,5566,4623,4586,4368,4460,4751,4646,4485,4654,4468,1602,1604,1496,1424,1492,573,536,518,581,554,332,326,372,358,349
10828,11184,10286,10979,8259,8431,6141,5680,5556,5356,5068,3045,2892,3064,3420,3731,5373,9669,10398,18901,23086,23194,25913,26652,27845,35345,34911,43531,42368,42140,38051,37927,36889,37636,38910,32569,32761,32861,32462,31034,30858,28785,28264,28609,28277,34430,32459,31825,31620,31443,29424,30913,30972,33402,33743,25532,22345,21320,20327,20080,13375,13123,11964,11573,11502,5438,5366,4558,4389,4235,4731,4657,4459,4564,4414,1581,1539,1462,1481,1485,513,547,561,617,489,358,370,373,347,336
9195,9985,10263,10068,9596,7707,7457,5301,5127,5111,5206,4768,3201,3126,3220,3149,4493,8636,9883,18180,22360,22709,25101,25946,27112,33430,34416,33810,42078,42162,46590,37358,38059,37351,38212,32631,32802,32491,32316,32394,30365,27660,27858,28034,28484,33385,28595,30735,30909,30819,28708,28132,30049,30450,33030,24055,22131,21610,21506,20309,14853,13209,12992,11777,11241,5427,5233,5084,4348,4427,4821,4730,4417,4496,4382,1515,1515,1406,1455,1485,558,532,554,546,532,344,358,397,323,332
7481,9193,9545,10758,9626,10239,7679,7106,5195,5070,5019,4927,4956,3493,3710,3355,4630,9246,10809,19967,24872,25448,28468,28941,30833,37691,37560,38457,38098,46594,51719,51984,44310,44680,44681,38196,37788,37417,37115,37207,35680,32692,32187,32712,32718,39252,32838,32502,35014,35137,32571,31768,32112,34034,34442,26289,23538,23794,23897,23604,16871,16830,14670,14619,13218,6224,5841,5833,5599,5035,5516,5219,5104,4940,4957,1665,1640,1642,1574,1601,591,585,565,612,527,327,374,379,363,357
6565,7229,8728,10119,10016,9852,9785,7373,6859,5209,5032,5009,4779,4734,3812,3315,4713,8649,11188,19207,24363,25203,28289,28552,30403,37193,36732,36595,37962,37361,51964,51895,52409,44209,45944,37808,38347,37770,36907,36634,35925,33014,32102,32328,32378,39029,32817,31913,32476,34635,32449,31225,31425,31875,33993,23835,22916,22655,23928,23549,17869,16545,16535,14876,14510,6255,5857,5803,5771,5614,5512,5263,4926,5154,4963,1698,1668,1587,1637,1605,599,575,529,579,546,376,333,363,371,369
4653,6558,7347,9873,9801,10295,9178,9047,6773,6335,4920,4722,4950,4976,5012,3776,4766,8874,11056,19880,24025,24806,28247,29408,30734,37487,37356,37173,36900,38055,44330,52404,54072,54259,47588,40319,39019,38801,37948,37745,36363,33582,33447,32844,32822,39327,33235,32665,32503,32405,32351,31572,32304,32225,32008,24072,21288,22642,22798,23762,18241,17778,17079,16786,14889,7045,5885,5825,5763,5844,6665,5337,5195,5127,5047,1747,1731,1692,1606,1532,590,542,529,550,565,363,356,383,368,316
4183,4883,6925,8197,9273,10200,10337,8996,8702,6412,6416,4920,4916,4889,4894,4338,4690,8355,13536,20797,24452,24673,28311,29447,31210,38102,37838,37264,37614,37357,44678,44226,54278,54576,58314,41319,40827,39472,38903,38395,37296,34499,33938,34319,33414,40493,34180,33580,33868,33488,30997,31993,32543,32426,32549,22642,21414,21329,23331,23129,18521,18463,18340,17800,16914,7258,6887,6075,5937,5900,6765,6439,5413,5205,5107,1849,1722,1619,1671,1687,600,571,556,561,569,348,370,383,380,353
3105,4870,5497,8342,8658,10750,11021,10884,9516,9028,7399,6997,5537,5016,5300,4924,6386,9406,29282,25978,27219,27187,30175,30472,33090,39923,39014,38888,38946,38236,44710,45866,47563,58299,61681,54477,44103,43540,41900,41512,39940,36892,36686,37548,36949,43264,36279,35525,35504,35598,32782,32225,33876,33957,34487,23681,21023,21940,21935,23924,17834,18710,19038,19188,17811,8678,7202,7003,6079,6161,6924,6904,6658,5680,5420,1948,1787,1724,1594,1593,585,574,535,558,544,394,369,387,411,347
2491,2986,4539,5785,7828,8850,9891,10302,9723,8546,8548,6368,6377,4936,4863,4807,5826,9720,32946,49748,26507,24722,26965,26857,27953,34811,33937,33145,32543,32633,38159,37819,40319,41284,54510,48702,49734,39102,38516,37339,36328,33020,33031,33369,33405,40626,32267,31712,31683,31438,29306,28392,28268,29804,29888,20392,17833,17424,18685,18874,14831,14914,15870,16547,16107,7359,6906,6019,5931,5193,5873,5679,5499,5601,4565,1591,1498,1396,1417,1359,448,418,428,454,434,278,281,262,283,272
2455,2788,3264,5770,6125,8422,8710,10056,9994,9748,9008,8223,6203,6231,4763,4541,5769,10283,50167,29922,31261,25590,27437,26896,28169,33858,34024,33527,32784,32818,37750,38332,38936,40873,44140,49723,50649,50302,39236,39462,36476,34085,33719,33652,33696,40959,33442,32007,31602,31859,29462,28623,28483,27993,29719,20912,18088,17616,17486,18610,13529,15203,15418,16436,16257,8189,7278,7110,5969,5930,6144,5843,5732,5700,5332,1685,1485,1458,1450,1415,494,469,452,480,472,307,278,270,279,257
2330,2832,3030,4351,5681,6462,8496,8970,9944,9876,10124,9316,8822,6585,6218,4552,5883,10551,31446,48154,30304,26984,27679,27239,27978,33860,32875,33570,32842,32498,37423,37836,38780,39457,43590,39104,50315,49877,49790,39228,38279,33834,33693,33879,33808,40969,33742,33021,31680,31825,29119,28350,28960,28197,28430,20637,17848,17263,17515,17315,13178,13498,15486,15873,16405,8150,7696,7288,6935,6232,7058,6054,5743,5654,5622,2063,1583,1527,1441,1439,443,487,444,461,444,286,310,304,273,267
2214,2748,3135,4163,4055,5981,6513,8593,8971,9832,10015,9951,8821,8766,6636,6122,6126,10101,22404,38057,47858,27329,28233,27223,27701,33147,32687,31707,32458,32338,37129,36919,37931,38916,41855,38509,39248,49816,49363,49433,37723,34804,33633,33996,33228,40232,33800,32730,32587,31542,29145,28445,28635,28551,28088,19196,17625,17576,17271,17345,12201,13637,13509,15556,15599,8208,7899,7714,7221,7238,7243,7091,5793,5773,5619,2070,2080,1508,1511,1434,482,461,501,496,466,286,283,294,265,267
1292,2675,2991,4160,4122,4587,6110,6546,8463,8937,10059,10074,10069,8946,8991,6495,7767,10571,19010,33025,41920,41186,29065,27330,28187,33752,32383,31446,30991,32412,37149,36634,37810,38417,41474,37357,39409,39207,49409,49534,47803,34795,34567,33983,33619,40430,33326,32984,32249,33121,28966,28370,28611,28580,28545,19037,16077,16870,17017,17067,11587,12003,13106,13623,15347,7656,7909,8167,7639,7294,8596,7209,6844,5900,5574,2159,2054,1992,1496,1515,515,476,455,452,453,277,288,289,270,263
1174,1621,2842,3828,3992,4502,4612,5956,6265,7942,8257,9371,9630,9611,8647,8210,7779,11919,16195,29119,36181,37134,39331,28020,27381,32844,31829,31231,30871,30371,35676,35937,36416,37300,39956,36379,36476,38296,37798,47801,47616,43515,34734,34394,33289,40397,32617,32215,32221,32060,29820,27946,28034,28118,28318,18948,15954,15523,16597,16543,11811,11594,11414,12922,13039,7230,7225,7676,7713,7725,8752,8483,7028,6805,5730,2124,2056,1999,1925,1564,548,512,436,472,400,328,281,291,242,234
1161,1528,1875,3575,3665,3906,3939,4220,5277,5487,7358,7530,8931,9107,9249,7746,8921,11261,17224,26069,31710,31315,34365,34078,26481,30623,29764,28961,28789,27651,32725,33048,33554,34483,36872,32996,34086,33790,34730,34818,43539,41570,41320,32670,32713,38517,31157,30464,29853,29747,27213,26688,25547,25454,25386,17464,14862,13858,13930,14532,9771,9955,9941,10188,10777,5331,5854,5863,6224,6345,7512,7088,6807,5763,5676,1995,1667,1751,1744,1659,554,453,409,423,384,258,257,256,227,248
1248,1543,1682,2711,3570,3897,4108,3998,4189,5505,6013,7663,8168,9386,9571,9291,10009,14172,15899,28218,29744,29048,31921,32236,32931,30719,29619,28950,28283,27893,32206,32116,33525,33944,36623,33049,33725,33715,33640,34565,34714,41338,41093,41350,32382,39633,30972,30592,29815,29435,27286,26869,26639,25249,25476,17539,14977,14534,13721,13706,9642,9840,9737,10133,9778,5167,5140,5703,5818,6323,7785,7723,6897,6779,5726,2250,1822,1761,1722,1735,790,523,466,452,389,248,258,221,234,246
1313,1521,1753,2682,2626,3797,4031,4096,4070,4364,5905,6081,8300,8848,9943,9891,11625,14886,16716,26320,32409,27795,30321,30308,31648,37275,30359,29045,28603,28009,32713,32354,32897,34368,37591,33355,33595,33854,33900,34004,34393,32638,41335,41820,41142,40030,32362,30533,30579,29752,27475,26877,26636,26425,25428,17734,14952,14428,14483,13891,9319,9948,9884,9882,9959,4797,5019,5161,5746,5905,7596,7867,7560,7060,6755,2341,2283,1793,1747,1744,740,750,545,445,438,285,266,268,251,268
1491,1776,1925,2775,2589,2812,4306,4422,4422,4290,4393,6063,6614,8920,9599,10587,12536,17077,15616,27631,30322,30282,29237,28827,29909,36072,34450,29095,28370,28464,32681,32387,32863,33408,36963,33412,33726,33788,33170,33597,33293,32725,32364,41074,41059,50118,32211,32052,30427,30456,27776,26571,26655,26827,26317,17641,14879,14488,14508,14321,9135,9169,9896,10217,10043,4732,4439,5174,5074,5769,7138,7695,7481,7660,6755,2928,2360,2138,1796,1742,791,783,697,530,435,268,306,261,260,251
1787,1941,2264,3140,2998,3182,3589,5560,5547,5402,5468,5683,7957,8417,11891,12172,16461,22827,19174,33669,41115,36517,38950,34851,35679,42718,41299,40147,34484,33333,39254,39011,39311,40462,43221,40557,40953,41003,40199,40422,40467,38558,39630,40062,50111,63447,51034,39983,39334,38065,34631,33520,33586,33178,32718,23362,18900,18285,17954,18047,12122,11399,11280,12378,12074,5876,5756,5748,6118,6599,8744,8928,9499,9634,9087,3562,3458,2811,2659,2166,933,931,875,885,586,350,323,300,294,308
1933,2223,2489,3199,2758,2773,2945,3076,3811,4037,4142,4316,4625,6163,6628,8211,10204,15082,15034,26694,32538,32058,31723,30940,29234,35076,34362,33419,32459,28555,32869,32788,33250,34120,36308,32323,33481,33745,33793,33379,32611,31199,30965,32391,32227,50987,42869,42562,34167,33949,29676,29548,29307,28949,28862,20540,18077,17055,17143,16787,11324,11116,10625,10795,11475,5639,5352,5395,5211,6231,7256,8198,8373,9069,8880,3779,3319,3246,2575,2584,936,914,955,833,866,374,359,348,294,287
2199,2374,2480,3036,2678,2809,2980,3015,2930,3955,4223,4337,4595,4677,6543,6920,10592,14534,13670,25408,31832,30531,32967,30185,30881,34342,33112,32009,31832,30787,32467,31909,32603,33593,35604,31691,31961,33010,32735,32989,32263,30474,30562,30545,32103,39961,42530,42442,42491,34460,30978,29036,29389,28461,28620,20372,18233,17956,16875,17008,11565,11145,11304,11012,10751,5585,5387,5529,5467,5485,7048,7312,8191,8614,8839,3984,3561,3316,3228,2682,1327,965,937,898,838,572,362,327,313,290
2510,2666,2572,3330,2893,2697,2823,2834,2721,2768,4654,4789,4977,5184,5592,7307,9227,15827,12475,24020,30809,30949,32077,32152,30243,36356,32842,31956,31574,30930,35011,32447,32530,33886,35513,31610,31541,31695,32655,32280,32151,29821,29824,30569,30380,39296,34171,42538,42097,42149,31251,30611,29196,29093,28863,20371,17943,17825,17985,16814,11287,11265,11291,11513,10690,5105,5313,5354,5264,5574,6129,7051,6963,8190,8160,3855,3681,3689,3293,3100,1392,1224,914,930,874,575,583,332,346,317
2706,2765,2784,3466,2878,2862,3268,2998,2864,2730,2911,5031,5518,5728,6170,6254,10284,14582,12027,22937,29820,30020,32345,31497,32788,36436,34710,31970,31441,30776,35127,34663,32444,33496,35646,31419,31898,31816,31500,33148,32093,29695,29390,29759,30407,38047,33954,34481,42175,42207,40403,30671,30898,29586,29351,20303,18415,18389,18014,18219,11404,11210,11311,11716,11574,4865,4863,5444,5268,5644,6149,6222,7001,7088,8126,3449,3790,3770,3589,3297,1895,1281,1297,947,928,570,554,552,358,314
2958,3082,3002,3518,3130,3199,3212,2963,2527,2554,2753,3114,6144,6474,6724,6851,8932,16382,10431,20558,25864,27500,30462,30379,30810,37276,32922,31914,29415,28711,32588,32454,32350,31003,32749,29313,29482,29130,29177,28943,29785,27131,27341,27515,27728,34589,29661,31002,31231,40382,38551,37924,29079,28855,27645,19552,17165,16683,17019,17132,11447,10746,10429,10764,11014,5033,4481,4574,5029,5233,5840,5809,5995,6843,6763,3457,3493,3810,3795,3552,2023,1913,1492,1369,1069,638,648,647,609,369
3124,3281,3052,3913,3323,3098,3026,2775,2497,2458,2478,2839,3258,7179,7928,7949,9553,13406,9603,19034,24791,25032,29406,29987,31347,35758,34828,31519,30901,28153,31821,31176,31568,31937,32221,28389,28624,28376,28442,28363,27963,26648,26881,26806,26598,33555,29515,29069,30600,30717,37972,36922,37440,28444,28152,19024,17084,16721,16485,16611,11149,11167,10318,10659,10438,4966,4580,4262,4281,4974,5628,5429,5583,5661,6135,2579,2900,3054,3236,3309,1928,1761,1735,1314,1172,573,612,581,632,576
3236,3293,3255,3727,3347,3327,3298,2981,2892,2690,2641,2685,3129,3579,8632,9151,10629,14719,8858,18381,23267,25014,27783,29447,31103,37327,35135,34190,30938,29996,32063,31448,32328,32536,33899,28258,28478,28977,28608,28634,28007,25553,26671,26667,26600,33574,29215,29368,29256,30919,29058,37469,37202,37786,28090,20343,17271,16896,16817,16707,11485,11376,11183,10665,10553,4850,4733,4855,4464,4448,5418,5388,5386,5495,5631,2654,2467,2934,2975,3227,2055,1951,1698,1670,1217,740,551,568,607,536
3377,3510,3457,4080,3588,3349,3387,2964,2730,2491,2689,2684,2747,3435,4108,9988,12339,16749,8427,17280,22450,23088,27083,27656,30204,36930,36235,34379,33376,30468,34069,31865,32233,32394,33952,29783,28021,28220,28563,28603,28120,25432,25269,26429,26818,33165,28954,28496,29079,29617,28817,28380,37813,38011,37729,20250,18576,17189,17147,16854,11404,11516,11481,11346,10599,4994,4748,4734,4735,4460,4842,5569,5469,5386,5283,2179,2345,2400,2823,2900,2083,1968,1928,1693,1647,811,747,619,605,558
3439,3456,3443,3943,3421,3510,3336,3087,2860,2660,2581,2671,2600,2718,3593,4511,14794,20337,8338,16670,21144,22597,24803,26916,28725,36434,35753,35560,33747,32990,34450,33931,31962,32563,34513,29906,29694,28440,28074,28533,28311,25357,25483,25431,26334,32724,28863,28580,28884,29356,27605,28221,28077,37744,38109,29137,18621,18187,17248,17375,11648,11563,11296,11380,11389,4963,4745,4683,4688,4817,4738,4708,5269,5453,5325,2064,2126,2355,2372,2917,1788,1973,1919,1923,1694,1070,827,865,633,572
2293,2514,2422,2938,2633,2427,2340,2177,2028,1891,1838,1891,1900,2043,2428,3434,5211,25776,6065,12379,15017,14866,17247,18112,20577,25212,25975,26063,25553,24065,26329,23837,24050,22628,23680,20402,20874,20631,19172,19058,18954,17446,17535,17755,17627,23374,20572,20366,20364,20316,19560,19033,20382,20247,29104,23798,20803,13803,13712,12738,8893,8778,8720,8780,8757,4131,3658,3629,3619,3669,4142,3680,3494,4351,4248,1654,1593,1598,2008,2090,1606,1654,1911,1964,1875,1073,1084,799,725,541
2272,2393,2446,2782,2617,2516,2233,2171,1947,1965,1980,1912,1801,1935,1929,2139,3022,6386,5155,9602,12440,12669,14445,15320,16010,21632,21507,22431,22345,22098,23558,22915,21247,21411,21035,17836,18035,17878,17616,16111,15967,14887,14979,14967,14815,18875,18088,18209,17949,18398,17168,17056,17242,18594,18651,20767,18856,18595,12952,12992,8547,8557,8251,8291,8200,4083,3945,3472,3327,3565,3904,3932,3429,3631,4160,1622,1592,1572,1665,1965,1188,1556,1662,1941,1856,1204,1078,1075,802,734
2099,2187,2399,2812,2545,2632,2554,2269,2075,1797,1724,1843,2003,1939,1992,1898,2832,4372,4894,9276,11998,12449,13671,14214,15919,19455,20780,20600,21327,21602,23756,22684,22689,21339,21906,17429,17565,17286,17574,16892,15515,13837,14512,14468,14493,18305,17058,17983,17818,18350,16714,16733,16892,17203,18160,13828,18586,18814,18972,12877,9194,8424,8299,8202,8054,4082,3800,3789,3357,3550,3870,3883,3844,3459,3449,1621,1608,1623,1597,1600,1192,1166,1570,1651,1806,1273,1197,1079,1015,774
1950,2182,2426,2796,2608,2565,2467,2488,2169,2054,1992,1935,1869,1877,2040,2070,2564,3868,4566,8842,11806,11770,13348,13833,14796,18935,18875,20447,20360,21501,23864,23933,22784,23356,22011,18715,17491,17495,17234,17033,16610,13891,13727,14475,14514,17979,17135,16907,17982,18012,17006,16493,16845,17173,17224,13712,12937,18964,18960,18704,9513,9184,8365,8443,8053,3999,3876,3887,3718,3592,3732,3775,3687,3904,3448,1326,1569,1591,1522,1668,862,1095,1157,1583,1662,1266,1225,1281,1170,1074
1753,1959,2273,2713,2489,2775,2720,2502,2206,2090,1982,2088,1884,2058,1893,1807,2399,3477,4474,8879,11142,11819,13240,13573,14533,17524,18449,18757,20087,20273,23588,23543,23777,23168,23959,18873,18606,17305,17399,17032,16544,14510,13683,13925,14260,18060,16765,17005,16785,18211,17126,16623,16679,16851,17359,12728,12984,12889,18689,19010,15079,9004,9241,8631,8374,4062,3890,3878,3784,3916,3891,3804,3729,3921,3797,1238,1190,1552,1558,1650,780,769,1101,1159,1564,1099,1260,1239,1293,1090
1477,1666,1774,2186,2235,2307,2205,2180,2079,1889,1788,1598,1581,1505,1706,1496,1978,2824,3188,5877,7361,7582,8961,9419,9871,12133,12069,13301,13367,14854,16911,17884,18228,18510,17845,14806,13538,13151,12188,11616,11792,9810,9649,9330,9142,12099,11296,11567,11288,11381,11463,11125,11479,11394,11661,8893,8523,9216,9513,15077,12749,12495,6926,7096,6269,3156,2849,3025,2859,2921,3461,2888,2716,2935,2848,1230,969,943,1183,1400,779,824,795,1059,1130,1020,1020,1272,1307,1190
1333,1585,1748,2164,2229,2316,2235,2190,1923,1784,1803,1709,1684,1562,1580,1486,1709,2643,3063,5519,7247,7282,8281,9167,9809,11935,11802,11939,13133,13194,16816,16566,17788,18473,18733,14882,15164,13509,13616,11990,11574,9962,9838,9937,9182,11397,11112,11136,11289,11197,10759,11166,11380,11507,11573,8780,8538,8414,9181,9002,12496,12540,12748,7187,7038,3199,3141,2950,2939,3124,3352,3430,2843,2893,2907,1125,1233,930,912,1251,801,757,799,780,1080,734,1089,1148,1212,1204
1168,1461,1624,1948,2078,2298,2371,2245,2107,2000,1908,1833,1785,1607,1710,1433,1712,2499,3227,5785,6953,7310,8063,8417,9596,11883,11842,11730,11953,13000,14663,16546,17084,18319,19020,15862,15435,15492,13522,13098,11446,9958,9716,9892,9880,11297,10646,11295,11296,11298,10478,10350,11163,11486,11305,8722,8249,8294,8352,9231,6919,12761,12805,12944,7138,3769,3068,3063,2838,2923,3441,3373,3340,2835,2858,1185,1091,1240,878,1000,748,784,750,766,837,757,754,1070,1105,1224
1134,1250,1433,1837,1957,2150,2344,2402,2342,2345,2168,2042,1831,1773,1739,1477,1805,2446,3442,5726,7369,7107,8058,8386,8964,11800,11887,11994,11581,11792,14635,14887,16768,17805,19192,16505,16441,15868,15561,13631,12922,10182,10170,9870,10214,12378,10820,11020,11497,11684,10758,10669,10688,11384,11382,8796,8310,8202,8450,8639,7112,7196,12950,12942,13153,3870,3574,3086,2944,2942,3574,3335,3550,3408,2917,1150,1158,1188,1171,970,542,739,815,814,777,544,729,793,1032,1084
984,1211,1362,1811,1854,2020,2158,2276,2168,2031,2083,2001,2005,1761,1707,1480,1793,2564,3259,5709,7044,6863,7821,8279,8587,10748,11622,11423,11517,11272,13236,14509,14885,16916,17785,16119,16254,16398,15600,15334,13030,10780,9775,9917,10019,12077,11457,10755,10689,11607,10994,10460,10548,10637,11390,8761,8201,8041,8035,8360,6272,7036,7144,13164,13118,7466,3619,3710,2996,3170,3453,3479,3390,3439,3432,1162,1071,1121,1159,1235,460,444,740,741,781,503,546,782,757,1138
402,533,592,807,756,917,1004,1024,957,1037,989,929,893,864,856,734,818,1178,1633,2717,3305,3217,3827,3742,4053,4994,4985,5550,5438,5429,6189,6231,7040,7247,8645,7385,8192,8152,8228,7658,7262,5327,5164,4808,4721,5865,5625,5609,5101,4859,5009,4973,4830,4996,4961,4131,4077,4083,4007,4067,3169,3204,3767,3879,7465,4499,4394,2091,2019,1699,1937,1903,1881,1872,2024,896,620,679,648,649,385,232,253,430,454,310,316,308,447,431
382,441,504,735,658,796,893,953,895,904,972,929,887,924,915,741,867,991,1444,2551,3229,3141,3460,3538,3820,4566,4542,4621,5372,5241,5831,5841,5888,6890,7187,6902,7274,7690,7889,7909,7220,5852,5144,5022,4447,5760,5338,5393,5317,4854,4477,4582,4709,4751,4747,3658,3935,3790,3879,3897,2849,3154,3069,3582,3628,4397,4611,4558,2090,2059,1957,1968,1803,1668,1848,812,908,611,628,658,393,445,239,246,419,242,256,292,263,351
316,423,497,595,708,793,693,816,880,953,953,1022,1011,899,829,767,830,981,1451,2488,3217,3189,3519,3618,3729,4581,4546,4588,4546,5076,5804,5800,5827,6066,7014,6010,7103,7291,7721,8169,7672,5879,5711,5158,5151,5768,5395,5524,5362,5464,4564,4278,4858,4731,4678,3620,3472,3767,3880,3880,3029,2950,3069,3085,3708,2096,4562,4383,4505,2039,2473,1941,2000,1863,1917,823,845,840,618,630,362,393,399,227,242,227,243,240,254,250
307,394,445,627,654,772,766,916,928,940,834,847,912,848,878,722,867,963,1361,2504,3270,3115,3256,3424,3583,4438,4268,4376,4384,4340,5579,5770,5776,5924,6055,5926,5962,6938,7192,7635,7725,6208,5840,5755,5074,6152,5195,5464,5277,5274,5024,4297,4462,4723,4705,3610,3324,3358,3715,3796,2852,2932,2838,2950,3011,2022,2089,4507,4700,4507,2390,2574,2010,2025,1865,849,842,926,817,643,375,371,395,429,242,170,225,288,248,262
301,377,430,576,587,621,699,766,711,833,875,953,949,963,876,750,828,1054,1344,2477,3140,3189,3474,3492,3674,4385,4339,4474,4242,4440,5020,5606,5847,5907,6155,5193,5937,6210,7237,7300,7722,6345,6318,5897,5772,6610,6209,5494,5569,5645,5226,4959,4465,4461,4811,3679,3571,3555,3584,3920,2923,3131,2922,2938,3155,1700,2060,2036,4507,4511,5986,2424,2366,2014,2028,877,895,874,859,854,346,392,382,396,409,152,160,236,221,256
363,474,545,700,690,802,928,906,889,935,1052,1129,1139,1115,1205,926,1066,1331,1354,2687,3420,3493,3734,3827,4001,4917,4672,4736,4741,4828,5506,5515,6681,6766,6912,5869,6156,7074,7250,8594,8738,7518,7793,7601,7132,8754,7266,7049,6138,6149,5842,5636,5400,4850,4743,4134,3907,3900,3726,3892,3449,3353,3447,3573,3448,1935,1960,2469,2389,5982,8259,8077,3066,3229,2446,1219,1155,1169,1143,1222,835,557,589,587,541,367,199,230,336,339
356,419,459,638,654,776,808,877,947,891,858,1069,1065,1115,1196,994,1063,1220,1338,2504,3332,3347,3654,3771,3953,4769,4756,4644,4656,4744,5218,5257,5328,6420,6888,5670,5812,6072,7079,7209,8513,7093,7719,7893,7707,8929,8199,7314,7057,6225,5809,5433,5379,5565,4702,3674,3918,3892,3785,3821,2897,3429,3372,3339,3480,1902,1981,1943,2578,2427,8076,8163,8078,3099,3184,1212,1291,1185,1170,1177,823,828,588,528,552,361,413,193,219,325
356,418,441,633,595,701,773,808,860,849,955,993,1006,1127,1136,996,1069,1272,1335,2375,3233,3339,3532,3590,3928,4510,4523,4485,4454,4404,5099,4940,5199,5405,6638,5496,5742,5740,5798,6826,7034,6807,6904,7546,7496,9498,8380,8196,6969,6993,6003,5585,5392,5474,5248,3490,3432,3843,3688,3729,2725,2838,3350,3549,3404,1877,1799,1996,2008,2373,3062,8073,8082,8221,3169,1630,1271,1338,1162,1185,877,826,851,560,560,347,445,395,251,189
363,445,455,557,538,575,656,644,733,753,871,874,947,958,975,891,1081,1314,1369,2484,3116,3127,3471,3579,3926,4736,4640,4656,4556,4515,4933,5149,5122,5208,5689,5591,5705,5643,5758,5896,6809,5764,6766,7060,7662,9609,9061,8611,8184,7082,6853,5661,5509,5390,5446,4356,3627,3463,3908,3928,2938,2893,2829,3408,3434,1867,1670,1864,2031,2023,3233,3100,8224,7966,8435,1668,1666,1190,1275,1214,841,830,870,854,574,381,423,424,420,206
354,407,394,466,492,536,569,641,639,680,775,832,891,937,1046,796,993,1200,1227,2301,3046,3095,3448,3549,3767,4590,4445,4480,4428,4388,4965,4956,5047,5102,5444,4574,5323,5621,5622,5574,5736,5694,5716,6758,6765,9078,8879,8841,8165,8136,6775,6136,5627,5274,5332,4258,4166,3457,3452,3788,2848,2906,2853,2920,3433,2029,1853,1914,1861,2032,2441,3177,3180,8430,8880,4868,1753,1727,1304,1276,879,916,831,939,903,387,412,429,403,506
168,193,220,218,188,230,233,282,269,319,307,340,442,403,436,429,485,539,426,759,1114,1199,1238,1258,1336,1630,1461,1599,1594,1517,1662,1702,1750,1857,1951,1587,1692,2069,2068,2158,2126,1991,2251,2341,2931,3546,3778,3986,3845,3444,3453,2575,2659,2175,2070,1661,1622,1615,1327,1236,1229,1124,1185,1152,1170,896,813,825,846,876,1222,1215,1627,1668,4869,2844,2917,949,982,692,519,507,535,512,557,398,223,242,234,261
189,195,175,199,221,244,225,217,274,318,336,338,386,386,402,335,480,570,396,716,1089,1109,1182,1168,1341,1544,1578,1595,1543,1513,1631,1670,1727,1717,1800,1489,1481,1579,2082,2061,2060,1664,1824,2288,2363,3466,3316,3557,3680,3793,3485,2901,2463,2348,2126,1592,1593,1607,1570,1201,959,1234,1088,1154,1072,620,909,844,844,894,1154,1290,1271,1666,1754,2917,3034,3118,1068,1023,549,568,505,530,538,371,410,255,256,242
168,146,183,198,206,248,243,257,250,281,293,331,419,383,448,364,406,578,395,667,1004,1072,1146,1219,1272,1505,1541,1497,1454,1407,1652,1604,1697,1617,1728,1397,1448,1521,1527,1997,1987,1758,1761,1804,2137,2806,3245,3315,3685,3770,3803,3056,2935,2398,2351,1599,1577,1623,1591,1547,946,928,1233,1188,1120,681,611,841,923,872,1168,1184,1338,1192,1726,950,3118,3124,3214,1034,873,559,619,544,577,401,391,429,234,294
172,186,211,219,193,239,245,205,180,187,252,291,263,344,362,325,430,541,360,696,974,999,1070,1124,1286,1431,1543,1417,1482,1456,1577,1629,1607,1665,1595,1415,1448,1447,1512,1494,1919,1740,1726,1735,1794,2662,2576,3232,3282,3585,3794,3243,2969,2826,2372,2006,1666,1596,1526,1557,1180,911,879,1176,1160,648,628,621,816,860,1142,1169,1162,1270,1305,980,1068,3213,3138,3300,841,875,633,686,593,381,372,405,452,253
170,180,182,228,228,244,169,214,206,191,228,285,336,340,365,346,442,533,396,700,1025,1009,1091,1178,1235,1515,1463,1481,1477,1491,1607,1609,1532,1689,1593,1363,1410,1437,1435,1520,1562,1669,1738,1742,1743,2171,2600,2683,3101,3290,3544,3316,3235,2902,2922,2093,1957,1600,1662,1645,1401,1254,998,973,1229,647,661,632,643,850,1223,1180,1184,1216,1272,692,1023,1034,3300,3437,2769,880,895,603,625,364,402,440,414,483
129,118,136,134,126,133,122,148,127,144,133,167,190,218,229,190,266,299,122,196,322,342,415,417,495,567,593,573,513,558,591,599,590,600,585,448,494,443,482,515,548,554,790,740,791,933,936,1327,1392,1895,2023,1928,2055,2083,1788,1606,1187,1192,862,780,779,801,748,542,460,385,393,362,375,346,835,823,877,841,879,519,550,873,841,2769,2320,2402,765,780,545,376,315,378,367,409
142,149,155,127,119,153,142,123,113,126,135,154,151,174,208,203,235,312,127,167,300,366,405,422,501,550,526,536,547,532,585,575,542,571,574,418,469,487,461,476,512,453,523,750,783,931,914,965,1224,1281,1914,1761,1951,1968,1973,1654,1556,1166,1095,769,824,757,784,739,444,232,445,393,371,392,557,828,825,830,916,507,568,559,875,880,2402,2372,2540,818,831,360,405,383,372,460
131,133,149,119,123,130,102,123,114,140,129,133,161,160,180,172,209,313,122,150,292,342,391,419,456,565,550,518,561,554,565,529,529,556,535,428,452,444,501,455,436,409,466,545,697,875,955,937,915,1297,1492,1735,1698,1928,1919,1911,1662,1570,1157,1101,795,799,750,815,740,253,239,399,395,382,589,588,851,870,831,535,505,619,633,895,765,2541,2494,2641,790,560,419,399,383,461
128,146,156,124,138,137,134,149,130,115,126,133,143,150,186,142,185,283,101,179,303,327,379,362,476,530,552,581,617,546,612,579,550,561,558,454,480,461,496,452,472,423,452,445,530,885,833,898,930,947,1369,1314,1670,1693,1923,1964,1941,1651,1583,1159,1059,780,766,814,742,430,246,227,429,396,587,528,560,854,939,512,530,544,686,603,780,818,2640,2762,2772,585,623,461,446,458
157,141,128,123,120,128,116,110,117,99,140,119,126,142,154,125,182,239,101,177,290,330,375,395,465,496,559,554,489,532,527,546,565,569,544,434,472,444,466,453,400,384,389,438,435,586,866,838,874,928,1069,1172,1217,1647,1694,1875,1856,1806,1662,1564,1130,1080,837,777,781,454,419,242,242,409,541,552,560,574,903,557,538,577,593,625,545,831,790,2772,3128,2006,593,626,422,508
103,114,82,86,87,80,81,88,82,70,79,72,93,77,90,84,101,154,65,124,186,196,261,280,277,353,320,332,358,344,327,376,363,348,394,278,307,286,286,277,328,258,248,285,268,350,374,572,575,570,638,573,740,811,1070,1073,1204,1273,1266,1099,1020,734,757,544,503,310,242,227,170,152,367,361,347,381,387,398,371,401,381,364,376,360,560,585,2006,1392,1466,444,448,319
97,86,108,99,77,89,89,83,75,70,73,92,85,92,110,80,97,126,66,134,201,230,233,300,278,349,332,326,370,358,374,333,356,370,369,281,278,310,283,288,281,257,258,266,306,323,359,362,583,554,648,612,551,747,827,1084,1078,1197,1225,1260,1020,1089,754,729,546,316,256,243,225,160,199,413,445,423,412,223,410,391,372,402,315,405,419,623,593,1466,1560,1571,491,539
91,89,81,91,72,90,77,64,84,79,68,74,89,80,72,78,87,111,78,125,191,231,225,261,314,341,356,372,373,397,379,363,383,383,387,262,270,304,294,289,291,256,221,268,261,300,348,327,332,552,647,581,568,620,865,799,1075,1079,1281,1239,1272,1148,1070,793,782,308,292,240,288,236,230,193,395,424,429,242,255,429,405,440,378,383,399,461,626,444,1571,1702,1768,621
94,84,77,80,106,80,81,78,67,77,71,58,98,89,64,71,77,124,69,114,167,220,205,259,247,370,341,358,347,323,363,371,368,379,411,283,279,273,265,270,242,227,234,251,260,294,294,313,346,358,609,632,607,605,633,725,802,1015,1170,1293,1307,1212,1105,1032,757,447,263,254,248,221,336,219,251,420,403,234,256,234,452,414,367,372,383,446,422,448,491,1768,1700,2107
80,106,67,86,59,74,88,63,68,56,96,74,69,73,64,71,67,83,80,92,175,210,235,226,287,338,295,349,336,332,357,369,316,353,347,272,257,267,267,263,234,248,246,268,251,308,287,290,317,314,369,576,536,558,572,541,734,774,1074,1090,1190,1204,1224,1085,1138,431,351,250,262,256,339,325,189,206,506,261,242,294,253,483,409,460,461,458,508,319,539,621,2107,2232
