0.0,0.0,0.0,0.0,0.0,0.0,0.0,0.0,0.0,0.0,0.0,0.0,0.0,0.0,0.0,0.0,0.0,0.0,0.0,0.0,0.0,0.0,0.0,0.0,0.0,0.0,0.0,0.0,0.0,0.0,0.0,0.0,0.0,0.0,0.0,0.0,0.0,0.0,0.0,0.0,0.0,0.0,0.0,0.0,0.0,0.0,0.0,0.0,0.0,0.0,0.0,0.0,0.0,0.0,0.0,0.0,0.0,0.0,0.0,0.0,0.0,0.0,0.0,0.0,0.0,0.0,0.0,0.0,0.0,0.0,0.0,0.0,0.0,0.0,0.0,0.0,0.0,0.0,0.0,0.0,0.0,0.0,0.0,0.0,0.0,0.0,0.0,0.0,0.0,0.0
0.0,0.0,0.0,0.0,0.0,0.0,0.0,0.0,0.0,0.0,0.0,0.0,0.0,0.0,0.0,0.0,0.0,0.0,0.0,0.0,0.0,0.0,0.0,0.0,0.0,0.0,0.0,0.0,0.0,0.0,0.0,0.0,0.0,0.0,0.0,0.0,0.0,0.0,0.0,0.0,0.0,0.0,0.0,0.0,0.0,0.0,0.0,0.0,0.0,0.0,0.0,0.0,0.0,0.0,0.0,0.0,0.0,0.0,0.0,0.0,0.0,0.0,0.0,0.0,0.0,0.0,0.0,0.0,0.0,0.0,0.0,0.0,0.0,0.0,0.0,0.0,0.0,0.0,0.0,0.0,0.0,0.0,0.0,0.0,0.0,0.0,0.0,0.0,0.0,0.0
0.0,0.0,0.0,0.0,0.0,0.0,0.0,0.0,0.0,0.0,0.0,0.0,0.0,0.0,0.0,0.0,0.0,0.0,0.0,0.0,0.0,0.0,0.0,0.0,0.0,0.0,0.0,0.0,0.0,0.0,0.0,0.0,0.0,0.0,0.0,0.0,0.0,0.0,0.0,0.0,0.0,0.0,0.0,0.0,0.0,0.0,0.0,0.0,0.0,0.0,0.0,0.0,0.0,0.0,0.0,0.0,0.0,0.0,0.0,0.0,0.0,0.0,0.0,0.0,0.0,0.0,0.0,0.0,0.0,0.0,0.0,0.0,0.0,0.0,0.0,0.0,0.0,0.0,0.0,0.0,0.0,0.0,0.0,0.0,0.0,0.0,0.0,0.0,0.0,0.0
0.0,0.0,0.0,0.0,0.0,0.0,0.0,0.0,0.0,0.0,0.0,0.0,0.0,0.0,0.0,0.0,0.0,0.0,0.0,0.0,0.0,0.0,0.0,0.0,0.0,0.0,0.0,0.0,0.0,0.0,0.0,0.0,0.0,0.0,0.0,0.0,0.0,0.0,0.0,0.0,0.0,0.0,0.0,0.0,0.0,0.0,0.0,0.0,0.0,0.0,0.0,0.0,0.0,0.0,0.0,0.0,0.0,0.0,0.0,0.0,0.0,0.0,0.0,0.0,0.0,0.0,0.0,0.0,0.0,0.0,0.0,0.0,0.0,0.0,0.0,0.0,0.0,0.0,0.0,0.0,0.0,0.0,0.0,0.0,0.0,0.0,0.0,0.0,0.0,0.0
0.0,0.0,0.0,0.0,0.0,0.0,0.0,0.0,0.0,0.0,0.0,0.0,0.0,0.0,0.0,0.0,0.0,0.0,0.0,0.0,0.0,0.0,0.0,0.0,0.0,0.0,0.0,0.0,0.0,0.0,0.0,0.0,0.0,0.0,0.0,0.0,0.0,0.0,0.0,0.0,0.0,0.0,0.0,0.0,0.0,0.0,0.0,0.0,0.0,0.0,0.0,0.0,0.0,0.0,0.0,0.0,0.0,0.0,0.0,0.0,0.0,0.0,0.0,0.0,0.0,0.0,0.0,0.0,0.0,0.0,0.0,0.0,0.0,0.0,0.0,0.0,0.0,0.0,0.0,0.0,0.0,0.0,0.0,0.0,0.0,0.0,0.0,0.0,0.0,0.0
0.0,0.0,0.0,0.0,0.0,0.0,0.0,0.0,0.0,0.0,0.0,0.0,0.0,0.0,0.0,0.0,0.0,0.0,0.0,0.0,0.0,0.0,0.0,0.0,0.0,0.0,0.0,0.0,0.0,0.0,0.0,0.0,0.0,0.0,0.0,0.0,0.0,0.0,0.0,0.0,0.0,0.0,0.0,0.0,0.0,0.0,0.0,0.0,0.0,0.0,0.0,0.0,0.0,0.0,0.0,0.0,0.0,0.0,0.0,0.0,0.0,0.0,0.0,0.0,0.0,0.0,0.0,0.0,0.0,0.0,0.0,0.0,0.0,0.0,0.0,0.0,0.0,0.0,0.0,0.0,0.0,0.0,0.0,0.0,0.0,0.0,0.0,0.0,0.0,0.0
0.0,0.0,0.0,0.0,0.0,0.0,0.0,0.0,0.0,0.0,0.0,0.0,0.0,0.0,0.0,0.0,0.0,0.0,0.0,0.0,0.0,0.0,0.0,0.0,0.0,0.0,0.0,0.0,0.0,0.0,0.0,0.0,0.0,0.0,0.0,0.0,0.0,0.0,0.0,0.0,0.0,0.0,0.0,0.0,0.0,0.0,0.0,0.0,0.0,0.0,0.0,0.0,0.0,0.0,0.0,0.0,0.0,0.0,0.0,0.0,0.0,0.0,0.0,0.0,0.0,0.0,0.0,0.0,0.0,0.0,0.0,0.0,0.0,0.0,0.0,0.0,0.0,0.0,0.0,0.0,0.0,0.0,0.0,0.0,0.0,0.0,0.0,0.0,0.0,0.0
0.0,0.0,0.0,0.0,0.0,0.0,0.0,0.0,0.0,0.0,0.0,0.0,0.0,0.0,0.0,0.0,0.0,0.0,0.0,0.0,0.0,0.0,0.0,0.0,0.0,0.0,0.0,0.0,0.0,0.0,0.0,0.0,0.0,0.0,0.0,0.0,0.0,0.0,0.0,0.0,0.0,0.0,0.0,0.0,0.0,0.0,0.0,0.0,0.0,0.0,0.0,0.0,0.0,0.0,0.0,0.0,0.0,0.0,0.0,0.0,0.0,0.0,0.0,0.0,0.0,0.0,0.0,0.0,0.0,0.0,0.0,0.0,0.0,0.0,0.0,0.0,0.0,0.0,0.0,0.0,0.0,0.0,0.0,0.0,0.0,0.0,0.0,0.0,0.0,0.0
0.0,0.0,0.0,0.0,0.0,0.0,0.0,0.0,0.0,0.0,0.0,0.0,0.0,0.0,0.0,0.0,0.0,0.0,0.0,0.0,0.0,0.0,0.0,0.0,0.0,0.0,0.0,0.0,0.0,0.0,0.0,0.0,0.0,0.0,0.0,0.0,0.0,0.0,0.0,0.0,0.0,0.0,0.0,0.0,0.0,0.0,0.0,0.0,0.0,0.0,0.0,0.0,0.0,0.0,0.0,0.0,0.0,0.0,0.0,0.0,0.0,0.0,0.0,0.0,0.0,0.0,0.0,0.0,0.0,0.0,0.0,0.0,0.0,0.0,0.0,0.0,0.0,0.0,0.0,0.0,0.0,0.0,0.0,0.0,0.0,0.0,0.0,0.0,0.0,0.0
0.0,0.0,0.0,0.0,0.0,0.0,0.0,0.0,0.0,0.0,0.0,0.0,0.0,0.0,0.0,0.0,0.0,0.0,0.0,0.0,0.0,0.0,0.0,0.0,0.0,0.0,0.0,0.0,0.0,0.0,0.0,0.0,0.0,0.0,0.0,0.0,0.0,0.0,0.0,0.0,0.0,0.0,0.0,0.0,0.0,0.0,0.0,0.0,0.0,0.0,0.0,0.0,0.0,0.0,0.0,0.0,0.0,0.0,0.0,0.0,0.0,0.0,0.0,0.0,0.0,0.0,0.0,0.0,0.0,0.0,0.0,0.0,0.0,0.0,0.0,0.0,0.0,0.0,0.0,0.0,0.0,0.0,0.0,0.0,0.0,0.0,0.0,0.0,0.0,0.0
0.0,0.0,0.0,0.0,0.0,0.0,0.0,0.0,0.0,0.0,0.0,0.0,0.0,0.0,0.0,0.0,0.0,0.0,0.0,0.0,0.0,0.0,0.0,0.0,0.0,0.0,0.0,0.0,0.0,0.0,0.0,0.0,0.0,0.0,0.0,0.0,0.0,0.0,0.0,0.0,0.0,0.0,0.0,0.0,0.0,0.0,0.0,0.0,0.0,0.0,0.0,0.0,0.0,0.0,0.0,0.0,0.0,0.0,0.0,0.0,0.0,0.0,0.0,0.0,0.0,0.0,0.0,0.0,0.0,0.0,0.0,0.0,0.0,0.0,0.0,0.0,0.0,0.0,0.0,0.0,0.0,0.0,0.0,0.0,0.0,0.0,0.0,0.0,0.0,0.0
0.0,0.0,0.0,0.0,0.0,0.0,0.0,0.0,0.0,0.0,0.0,0.0,0.0,0.0,0.0,0.0,0.0,0.0,0.0,0.0,0.0,0.0,0.0,0.0,0.0,0.0,0.0,0.0,0.0,0.0,0.0,0.0,0.0,0.0,0.0,0.0,0.0,0.0,0.0,0.0,0.0,0.0,0.0,0.0,0.0,0.0,0.0,0.0,0.0,0.0,0.0,0.0,0.0,0.0,0.0,0.0,0.0,0.0,0.0,0.0,0.0,0.0,0.0,0.0,0.0,0.0,0.0,0.0,0.0,0.0,0.0,0.0,0.0,0.0,0.0,0.0,0.0,0.0,0.0,0.0,0.0,0.0,0.0,0.0,0.0,0.0,0.0,0.0,0.0,0.0
0.0,0.0,0.0,0.0,0.0,0.0,0.0,0.0,0.0,0.0,0.0,0.0,0.0,0.0,0.0,0.0,0.0,0.0,0.0,0.0,0.0,0.0,0.0,0.0,0.0,0.0,0.0,0.0,0.0,0.0,0.0,0.0,0.0,0.0,0.0,0.0,0.0,0.0,0.0,0.0,0.0,0.0,0.0,0.0,0.0,0.0,0.0,0.0,0.0,0.0,0.0,0.0,0.0,0.0,0.0,0.0,0.0,0.0,0.0,0.0,0.0,0.0,0.0,0.0,0.0,0.0,0.0,0.0,0.0,0.0,0.0,0.0,0.0,0.0,0.0,0.0,0.0,0.0,0.0,0.0,0.0,0.0,0.0,0.0,0.0,0.0,0.0,0.0,0.0,0.0
0.0,0.0,0.0,0.0,0.0,0.0,0.0,0.0,0.0,0.0,0.0,0.0,0.0,0.0,0.0,0.0,0.0,0.0,0.0,0.0,0.0,0.0,0.0,0.0,0.0,0.0,0.0,0.0,0.0,0.0,0.0,0.0,0.0,0.0,0.0,0.0,0.0,0.0,0.0,0.0,0.0,0.0,0.0,0.0,0.0,0.0,0.0,0.0,0.0,0.0,0.0,0.0,0.0,0.0,0.0,0.0,0.0,0.0,0.0,0.0,0.0,0.0,0.0,0.0,0.0,0.0,0.0,0.0,0.0,0.0,0.0,0.0,0.0,0.0,0.0,0.0,0.0,0.0,0.0,0.0,0.0,0.0,0.0,0.0,0.0,0.0,0.0,0.0,0.0,0.0
0.0,0.0,0.0,0.0,0.0,0.0,0.0,0.0,0.0,0.0,0.0,0.0,0.0,0.0,0.0,0.0,0.0,0.0,0.0,0.0,0.0,0.0,0.0,0.0,0.0,0.0,0.0,0.0,0.0,0.0,0.0,0.0,0.0,0.0,0.0,0.0,0.0,0.0,0.0,0.0,0.0,0.0,0.0,0.0,0.0,0.0,0.0,0.0,0.0,0.0,0.0,0.0,0.0,0.0,0.0,0.0,0.0,0.0,0.0,0.0,0.0,0.0,0.0,0.0,0.0,0.0,0.0,0.0,0.0,0.0,0.0,0.0,0.0,0.0,0.0,0.0,0.0,0.0,0.0,0.0,0.0,0.0,0.0,0.0,0.0,0.0,0.0,0.0,0.0,0.0
0.0,0.0,0.0,0.0,0.0,0.0,0.0,0.0,0.0,0.0,0.0,0.0,0.0,0.0,0.0,0.0,0.0,0.0,0.0,0.0,0.0,0.0,0.0,0.0,0.0,0.0,0.0,0.0,0.0,0.0,0.0,0.0,0.0,0.0,0.0,0.0,0.0,0.0,0.0,0.0,0.0,0.0,0.0,0.0,0.0,0.0,0.0,0.0,0.0,0.0,0.0,0.0,0.0,0.0,0.0,0.0,0.0,0.0,0.0,0.0,0.0,0.0,0.0,0.0,0.0,0.0,0.0,0.0,0.0,0.0,0.0,0.0,0.0,0.0,0.0,0.0,0.0,0.0,0.0,0.0,0.0,0.0,0.0,0.0,0.0,0.0,0.0,0.0,0.0,0.0
0.0,0.0,0.0,0.0,0.0,0.0,0.0,0.0,0.0,0.0,0.0,0.0,0.0,0.0,0.0,0.0,0.0,0.0,0.0,0.0,0.0,0.0,0.0,0.0,0.0,0.0,0.0,0.0,0.0,0.0,0.0,0.0,0.0,0.0,0.0,0.0,0.0,0.0,0.0,0.0,0.0,0.0,0.0,0.0,0.0,0.0,0.0,0.0,0.0,0.0,0.0,0.0,0.0,0.0,0.0,0.0,0.0,0.0,0.0,0.0,0.0,0.0,0.0,0.0,0.0,0.0,0.0,0.0,0.0,0.0,0.0,0.0,0.0,0.0,0.0,0.0,0.0,0.0,0.0,0.0,0.0,0.0,0.0,0.0,0.0,0.0,0.0,0.0,0.0,0.0
0.0,0.0,0.0,0.0,0.0,0.0,0.0,0.0,0.0,0.0,0.0,0.0,0.0,0.0,0.0,0.0,0.0,0.0,0.0,0.0,0.0,0.0,0.0,0.0,0.0,0.0,0.0,0.0,0.0,0.0,0.0,0.0,0.0,0.0,0.0,0.0,0.0,0.0,0.0,0.0,0.0,0.0,0.0,0.0,0.0,0.0,0.0,0.0,0.0,0.0,0.0,0.0,0.0,0.0,0.0,0.0,0.0,0.0,0.0,0.0,0.0,0.0,0.0,0.0,0.0,0.0,0.0,0.0,0.0,0.0,0.0,0.0,0.0,0.0,0.0,0.0,0.0,0.0,0.0,0.0,0.0,0.0,0.0,0.0,0.0,0.0,0.0,0.0,0.0,0.0
0.0,0.0,0.0,0.0,0.0,0.0,0.0,0.0,0.0,0.0,0.0,0.0,0.0,0.0,0.0,0.0,0.0,0.0,256430.04299954037,159247.9307199894,119337.86512296385,0.0,0.0,0.0,0.0,973.1342453526195,1270.6661347926754,996.6328840022945,912.3826219547938,1058.4848293719676,1229.7217585544752,1154.7548977964786,1246.212089808088,1272.610225525225,1164.2639392124156,1205.191824632105,1054.0123895934448,1103.9753042833636,1076.1342838933206,1058.0273216315031,965.650128446245,1151.8790578569751,955.8986479851831,1153.7324591738106,1101.899582339962,1008.9201377184188,1103.698130042861,1151.0781873467981,1123.2977811137775,1063.0187749884647,935.2694489053711,1009.5170379938957,845.2399723144791,843.0868934005412,948.8853538675398,903.6653808359856,713.0091708340283,781.7052754878459,689.158698894087,773.1343453364732,420.36904283068964,319.22441727745826,373.71338977896306,269.9196667205369,279.06538512992796,132.04265200173177,124.98145689393009,143.96532659599953,117.4189381907703,182.54628282911466,186.33510682226895,120.21533166924729,130.98300904280717,199.34698604749923,187.5379166004028,14.781212161267536,22.39953464366008,51.372643122250444,32.244931388709276,44.72608833927971,0.0,0.0,0.0,0.0,0.0,0.0,0.0,0.0,0.0,0.0
0.0,0.0,0.0,0.0,0.0,0.0,0.0,0.0,0.0,0.0,0.0,0.0,0.0,0.0,0.0,0.0,0.0,0.0,159291.82100857492,220168.62705841532,167649.13067776547,86931.33314898357,0.0,0.0,0.0,1252.3722474181322,1613.7880218852858,1305.8337059264502,1235.5998951168272,1286.917597237933,1577.6602603716628,1516.6937971855111,1452.4470662053127,1604.4938943437944,1379.6670782584047,1193.541588435408,1425.2614854384183,1330.43606666794,1227.3826455528163,1328.8377602777648,1287.4851254473954,1391.9497647291628,1109.145162766279,1296.5813495480882,1320.9895326440005,1443.9640472757292,1295.9825946974372,1631.7913180166354,1592.6360316798773,1285.4278343208487,1151.601526427471,1197.3230641693106,1108.822109417444,1027.9639965645347,1242.6321429267089,1230.102528508816,886.7807179352628,978.1745029866252,760.3320896586114,1052.054324666387,378.62887349937444,498.645923679616,457.3168248303822,373.31310510981587,335.8257085949045,196.13622959781054,204.2455060759739,221.52802278517146,120.95877941758349,261.2298356897739,125.46629179588308,178.46653016599464,184.16731886436025,141.0185728603334,181.96436749533305,46.88928045044595,28.03551098262332,35.01619416199385,33.936953330017126,58.93600810886643,0.0,0.0,0.0,0.0,0.0,0.0,0.0,0.0,0.0,0.0
0.0,0.0,0.0,0.0,0.0,0.0,0.0,0.0,0.0,0.0,0.0,0.0,0.0,0.0,0.0,0.0,0.0,0.0,119113.3718912692,167686.5268996125,215123.3007318458,154073.37158688702,54685.34822114033,0.0,0.0,1476.9231411048058,1682.2374752087974,1547.0365846234715,1211.0580295221714,1335.4219311679249,1800.7735849262133,1912.9308108704186,1678.2688359076894,1877.086961405442,1676.8812496992166,1760.355418024191,1554.3550106619473,1570.1959745632378,1314.5101276660919,1471.8192962516416,1474.8506523843187,1409.2840996913174,1182.5830081108277,1483.0876185130533,1681.4255761171066,1722.5256238385496,1463.5895058703388,1510.5364629987707,1776.643595352502,1472.4332321068425,1386.8508051592785,1361.2238140372772,1156.2768267795846,1288.0346993085946,1314.5798742282163,1214.962066838671,1198.8670210742441,1072.6020913286316,977.7527623771796,1073.966944022028,514.8736498851658,601.0329232667871,578.7924769323025,536.0634661286381,327.18702317031574,210.89499329072504,170.51582102240985,249.55047370208413,205.51311519776303,240.68771468900698,143.0770932894162,147.23141517788173,285.7880360215943,160.24455522736727,184.6683142034108,60.537063990516934,17.93397991821817,36.76270339021088,36.93333326660916,93.02722233267235,0.0,0.0,0.0,0.0,0.0,0.0,0.0,0.0,0.0,0.0
0.0,0.0,0.0,0.0,0.0,0.0,0.0,0.0,0.0,0.0,0.0,0.0,0.0,0.0,0.0,0.0,0.0,0.0,0.0,86738.32314879238,152655.10094243704,235780.1565056736,106972.08287682547,54268.824299898915,0.0,1571.8592553244962,1455.3287837562589,1453.4467128175825,1278.4990899261222,1293.0705712234687,1584.0695606418055,1477.8335274413175,1643.5938472908638,1770.8903922582917,1731.1451655035503,1492.512337021148,1562.911203852953,1402.1876396363616,1539.9260516984111,1534.4773141692308,1397.4266318203145,1231.8120846239592,1160.722564284391,1289.760312224032,1534.3239816179262,1853.9525858768677,1222.4209671967594,1477.749551134574,1584.8852224350076,1332.67336597451,1612.5653876223294,1354.651114405608,1109.7152315405874,1221.045172044695,1181.2527579322916,1180.4903035968632,1017.649851857223,830.4630051555945,1015.4631336661848,959.5193945960444,481.5349804628129,438.4906479392683,587.2666663723793,574.8004827890336,346.84169008231953,279.199773576461,232.74099069656705,295.5902356915892,220.6508134649216,256.8514802419487,187.27215648222608,189.601536623796,220.6558253279998,152.19946959694846,175.3603208447464,51.49640904726814,25.36933876526473,52.09202108617253,58.39942133872974,58.640769698284934,0.0,0.0,0.0,0.0,0.0,0.0,0.0,0.0,0.0,0.0
0.0,0.0,0.0,0.0,0.0,0.0,0.0,0.0,0.0,0.0,0.0,0.0,0.0,0.0,0.0,0.0,0.0,0.0,0.0,0.0,53511.21539020602,106944.5106759631,114805.3616524862,81742.99527732043,0.0,980.7892130783843,904.7990651175892,865.0049370194909,900.2264126710319,787.9654965301102,1053.020535576196,934.285818591211,1209.930143522336,947.1899186091991,1125.943137307067,1025.204140659971,827.3482108798354,864.3969989583467,909.0770129378955,894.4884925133531,912.6250100998836,641.2506341159976,924.4510129001878,719.3370069482107,945.7590770663903,1091.081793919888,772.137236423786,868.5217240040538,888.5147128357393,980.3547998593614,992.8516310136497,764.6973933760464,764.1228908541514,753.1821362440396,744.321932806047,682.7016399590568,730.522582149982,481.44331942286203,568.171276114454,648.471540857191,304.6951335853655,243.8244634308268,314.0433747550975,304.4669658263066,243.82320866752906,127.85060359227224,138.5663162337053,131.02933434516433,143.19891790817283,121.8334897813611,100.40905171936939,94.82592372779031,97.24174845133223,103.37829186347389,117.58653811604121,40.90792593720603,23.639297558097578,26.31645503857068,41.2406298901181,54.85187756374964,0.0,0.0,0.0,0.0,0.0,0.0,0.0,0.0,0.0,0.0
0.0,0.0,0.0,0.0,0.0,0.0,0.0,0.0,0.0,0.0,0.0,0.0,0.0,0.0,0.0,0.0,0.0,0.0,0.0,0.0,0.0,54138.04639265972,81894.02486610746,165552.0011655227,0.0,995.274297496991,831.3467967535255,935.3696247806001,942.5157488917408,820.4438522323098,1065.4555894881921,963.388502682965,1023.0809751463172,987.3353275782442,1144.3954325452767,857.683674611902,801.4211084273808,839.2873726623036,831.7639885402322,822.1190420427373,906.9161666980069,663.3988693884239,974.1324433520506,841.8490421139755,714.2053262898593,1142.9749243311421,766.8355310109172,850.9996978542273,824.167433665693,898.5659527139039,901.5023546601141,623.0248624643625,746.026662859168,727.6956306965826,804.0168588743447,718.9816817065594,648.8921907105819,543.4274673483802,505.2980716712875,655.3224383791836,309.5944632293475,338.1145599741163,309.2254352732739,321.59063038174605,252.8258417759854,90.50345448119705,156.428006549705,65.81025376504549,169.15765171183958,151.02910535580685,93.53469866716182,126.18685863049367,46.70517331540036,157.54005613730808,131.29586056600806,28.240268507423835,27.62461677334271,53.040109719330964,24.286548252080728,22.279958003722832,0.0,0.0,0.0,0.0,0.0,0.0,0.0,0.0,0.0,0.0
0.0,0.0,0.0,0.0,0.0,0.0,0.0,0.0,0.0,0.0,0.0,0.0,0.0,0.0,0.0,0.0,0.0,0.0,0.0,0.0,0.0,0.0,0.0,0.0,0.0,0.0,0.0,0.0,0.0,0.0,0.0,0.0,0.0,0.0,0.0,0.0,0.0,0.0,0.0,0.0,0.0,0.0,0.0,0.0,0.0,0.0,0.0,0.0,0.0,0.0,0.0,0.0,0.0,0.0,0.0,0.0,0.0,0.0,0.0,0.0,0.0,0.0,0.0,0.0,0.0,0.0,0.0,0.0,0.0,0.0,0.0,0.0,0.0,0.0,0.0,0.0,0.0,0.0,0.0,0.0,0.0,0.0,0.0,0.0,0.0,0.0,0.0,0.0,0.0,0.0
0.0,0.0,0.0,0.0,0.0,0.0,0.0,0.0,0.0,0.0,0.0,0.0,0.0,0.0,0.0,0.0,0.0,0.0,1458.4710571231608,1706.356226467988,2055.9616221980214,2250.269035493111,1372.8649094585728,1332.6510743106144,0.0,139.30830417059138,126.00133264114498,123.46476685069081,138.00637885977716,118.80022717422156,132.4283616298803,153.08291292451563,110.32215303595983,153.8987997620127,198.93461431419354,196.37512587446014,115.36248696988548,123.05031071413126,162.85735395048178,128.94641302318243,132.6808460244177,110.21535195684754,103.6667061394835,136.93643198284263,157.90655136097593,132.37089356307922,122.50028429409346,139.73024991577066,135.6582899712761,166.46787345178166,141.6321034674024,122.20464153623932,104.29692666132956,114.0692006637097,117.2427659074292,85.86672975421423,129.38641074308842,89.99764961740419,82.09783904750654,112.27477556810757,31.267824510890915,36.603109815442764,62.83496705819388,60.62276844194388,30.012369681712034,8.414069399565557,17.640164076947443,21.197764817349636,13.11037559508192,6.501995242606773,14.862641033031,18.4950705354916,17.49271349957928,6.796678377716682,28.810424038091476,7.7974080054894745,1.752627846267933,6.314484985615868,2.515145866246091,6.129811249701653,0.0,0.0,0.0,0.0,0.0,0.0,0.0,0.0,0.0,0.0
0.0,0.0,0.0,0.0,0.0,0.0,0.0,0.0,0.0,0.0,0.0,0.0,0.0,0.0,0.0,0.0,0.0,0.0,1870.3135455090614,2204.4415347306476,2233.902435913331,2004.327248549028,1206.618498332205,1134.6566107682374,0.0,166.0414851035386,150.87487549595502,173.94282341261604,129.65799755298082,150.0083492475298,156.5554165516293,153.47304803928498,164.12372091985029,116.70850757874052,162.00838043329856,114.96591711605475,164.96297515489934,113.06343804662698,152.20792444695005,157.54138090204162,109.01621142021035,124.92511740067593,163.0204100527365,126.73812440318437,149.9660940241079,152.02041023827428,115.14086057539785,131.81908561519646,179.4910671016903,137.5064618249085,141.499536251765,131.55535563249987,151.6995782637288,129.2582396075443,136.54875500856323,117.93045002017206,93.26443899482065,103.99302838559983,72.8192204072349,72.94977550648322,35.430937876885324,42.35288987506067,53.43198627496419,39.546272213235014,37.75128112892429,10.94994194904074,19.01805484581319,20.695101386916004,18.021469598567386,35.946953570406855,11.886217958081488,8.359257856495116,28.042421568840766,21.312391016633015,22.459216009143862,6.485212222900689,0.0,5.580822098711947,3.5620420949867846,4.805846069620689,0.0,0.0,0.0,0.0,0.0,0.0,0.0,0.0,0.0,0.0
0.0,0.0,0.0,0.0,0.0,0.0,0.0,0.0,0.0,0.0,0.0,0.0,0.0,0.0,0.0,0.0,0.0,0.0,1411.2529402461769,1861.0305650874882,2099.3182405071093,2091.114267091606,1214.593422826251,1215.8391649520265,0.0,130.93711321499785,140.86392516120597,160.6722385130212,119.79279856539476,102.24091226741086,123.27783799580612,131.11527950708833,164.83793985673114,146.52955709182282,141.64563794776694,151.112697484346,131.9558306481639,120.24815796382467,143.29989350350144,166.47331697489722,154.29995425019206,97.85420732200699,95.22340539342072,128.89044884819356,114.95295029780215,126.07093683205613,116.39900236736582,123.35213235239286,120.84142197034552,144.5130610980299,116.19431882518145,113.35639540816196,120.53848744404846,93.40574559689122,104.73306168164243,96.79925141161304,88.48523968771062,83.72872916999727,97.03754284663202,108.74308495276144,53.5703974824291,40.00511508392271,39.71110803155852,45.06354541364995,33.344650705340015,13.927875399130022,7.767004889718612,13.813546217249218,9.005061758327018,21.9738010479849,30.70531159359438,23.269834831178535,12.903850597018566,27.611212086618146,16.50985520345447,0.40965400182479567,0.0,4.938538871055561,1.3225903203932527,6.460663817603449,0.0,0.0,0.0,0.0,0.0,0.0,0.0,0.0,0.0,0.0
0.0,0.0,0.0,0.0,0.0,0.0,0.0,0.0,0.0,0.0,0.0,0.0,0.0,0.0,0.0,0.0,0.0,0.0,1325.3552682711506,1731.7024367915717,1852.2503658271844,1902.5505234626212,1186.766412149407,1295.5079856192406,0.0,121.5708005932693,117.29027716402557,153.0708523669707,93.17482059662491,114.82627326525574,165.4358981992598,152.93187292769176,146.0699725359742,112.46648224536892,147.6561512392567,100.49292806353291,147.11793350821478,112.185705490488,139.27757956180363,118.60242098431945,135.7497542901106,92.91787171171175,91.68348884489856,93.07576921772896,91.99673819529394,140.19982155976385,84.99745312172828,121.68632671889867,118.8679444434317,139.86346056682268,123.00095296913668,125.08638027241646,109.23786780495469,135.0464346487152,93.41778226395057,107.6712285931223,83.6774734615892,57.68082000057103,91.75071985713313,112.20752730979554,42.943561428199686,46.79173456683347,52.427908036086755,43.44612688111782,36.89471348133583,16.33777139104978,23.863438824735574,13.990807563233492,16.962247433844084,17.298011703278725,19.21240365650019,17.428769970673642,31.240418890218127,7.687789561696449,18.720471228356026,0.9535667334560961,1.9108311638013935,14.066598756192182,3.0913371382561308,3.86863496584209,0.0,0.0,0.0,0.0,0.0,0.0,0.0,0.0,0.0,0.0
0.0,0.0,0.0,0.0,0.0,0.0,0.0,0.0,0.0,0.0,0.0,0.0,0.0,0.0,0.0,0.0,0.0,0.0,1449.150410560702,1821.6956424000068,2001.7575674002628,1880.0155673783147,1187.5512936032173,1132.7207419644722,0.0,129.00188690481843,119.65123178249756,99.38352227381023,79.31720636592397,104.20287965239515,132.5260267459078,148.5004383134433,145.3488817260423,154.32434164169192,142.3520868326487,133.80612362126692,115.77850133959944,122.88764374911219,140.6521900756034,114.71643428220628,123.67952762131179,120.79901888050398,113.7343592899496,92.74321724261839,134.64246941520128,151.75581375579856,123.6264680103014,152.4714127278356,111.89565770543678,102.94202969567976,129.47432487924476,138.3544059917319,99.91998243963253,101.56944334325384,135.97035966040497,94.60592583889775,121.71296271694924,95.6592901269303,84.7121551408897,90.49922092141092,69.94823271908189,42.76819765938756,38.1751816890218,35.91159082981211,29.863476455819065,10.743330942067221,16.388276996605384,12.962285225596922,19.353409426019166,13.560204749005699,15.295665687993345,15.939648185478827,8.609195166694992,22.13232646097014,22.410078371980156,6.4506451942651175,0.46697083713459386,0.0992197570672704,8.435807853677758,8.33619570329498,0.0,0.0,0.0,0.0,0.0,0.0,0.0,0.0,0.0,0.0
0.0,0.0,0.0,0.0,0.0,0.0,0.0,0.0,0.0,0.0,0.0,0.0,0.0,0.0,0.0,0.0,0.0,0.0,1777.9805970139387,2285.9173610991647,2518.32975723244,2285.63944040203,1255.7227902575805,1387.3279206422403,0.0,154.95959493843992,182.4903462321996,142.7147790642203,143.93654285587291,171.10350142036256,160.72072229185835,163.25961294722316,191.48554062937615,152.23322568319648,197.196267124724,171.96708128278613,130.64631772692871,164.8491316262805,129.85307063597088,137.41037770048428,134.56947881944097,122.44432256805536,150.46012747528613,157.43771907239557,181.69307000597954,186.38024272871095,148.69049821893543,141.4902174797459,161.71559540991575,159.41194590217583,139.38258330459766,123.44790519840237,104.19204588359321,138.30466687571237,167.05514450544368,116.87931643076112,104.36914228378532,137.69234922274438,110.19485994758904,96.07953056478541,38.20820351373955,54.50654226125522,60.22482806892179,36.84926072979022,38.228623396438095,25.301999767023894,18.395017309167354,15.036201064373389,18.33674508793376,16.762373649811565,26.816603173182713,24.905801187116605,19.600538443825315,17.628715204182132,27.049124028274118,5.589115900153624,2.9819348170053743,3.4327451112944845,7.395500491084938,0.21540652281435324,0.0,0.0,0.0,0.0,0.0,0.0,0.0,0.0,0.0,0.0
0.0,0.0,0.0,0.0,0.0,0.0,0.0,0.0,0.0,0.0,0.0,0.0,0.0,0.0,0.0,0.0,0.0,0.0,1656.094110983914,2141.9123454481114,2612.474282887262,2101.6825391119737,1302.6786946819918,1288.214783980227,0.0,133.0402884330431,153.7918439553046,128.10526980041752,156.35349204487443,121.11552139891728,167.96915466001474,159.39589048265464,194.3824126128279,210.4868530644335,163.7306583756839,126.44497510823338,144.19061991244047,142.50025608403683,140.05888556439973,141.57049303494085,140.29759818260953,152.354000885743,144.92992604757197,122.2047734864193,129.48735581870164,150.1951755813749,141.72821419821946,155.37190220617657,151.34612459140646,141.34629266910224,147.40081939643076,163.626124194544,122.36269421838577,115.4412747370672,131.94198428422982,135.75256274833814,112.49620986099033,85.95866758746027,101.68807832539557,85.32112813773719,64.18265954423612,47.698697198739715,51.12531685243011,62.851059030753326,22.732996787269727,21.161257128432027,33.093852270965144,12.093029696915398,41.9036065921512,12.199002894024453,16.617320525842995,14.917193245505459,21.840384170775906,14.844950018142372,19.15890555139638,1.8272330485569228,0.44657324074498755,7.642246733955004,4.0989413257175755,1.946245892711066,0.0,0.0,0.0,0.0,0.0,0.0,0.0,0.0,0.0,0.0
0.0,0.0,0.0,0.0,0.0,0.0,0.0,0.0,0.0,0.0,0.0,0.0,0.0,0.0,0.0,0.0,0.0,0.0,1712.822312002775,1980.3571884275975,2406.500068443896,2304.347002644412,1560.4311154340949,1389.636893081342,0.0,163.5811931460948,171.20752085106807,159.95676917700598,135.1937963055868,126.1253282925816,193.82169101443841,194.26893585305103,138.4822134560615,164.65646593314085,151.290805975732,146.75706306033314,111.59148579328037,152.72631769532353,144.23134335437794,132.51701792402787,216.7798250931562,148.59419079408354,137.09976069041574,173.2094637049121,135.94959935559106,195.4324367368286,155.62595686082003,173.6120621767859,185.3248913457694,145.78978253925277,114.28169228946305,134.67951245834394,120.19103432167793,105.05903595092387,128.7796294005382,112.94122360488751,124.03180558968569,105.59325241992586,106.8035783808458,102.87654330448834,25.81574100611285,41.05923336382357,63.40003006335475,66.03342535207479,32.806468995892196,25.50420077890428,29.494078952317615,29.185896796867798,31.656900436999443,21.085915748060756,15.292734507541077,10.724854143048471,25.32711378436541,27.936969298719994,29.63834859470519,1.4390069103271765,0.0,6.315017075808964,3.0235562030789547,11.226042186805234,0.0,0.0,0.0,0.0,0.0,0.0,0.0,0.0,0.0,0.0
0.0,0.0,0.0,0.0,0.0,0.0,0.0,0.0,0.0,0.0,0.0,0.0,0.0,0.0,0.0,0.0,0.0,0.0,1809.3258334370612,2176.010569669655,2417.364093841954,2437.842832698153,1322.6052114346082,1366.7833826423605,0.0,135.93716404751962,175.10186787545274,149.42326750809585,134.02221229220643,159.3847642778822,223.1904799626522,158.6689406560157,218.92074762517473,185.36604742701638,202.67388258387183,188.94719213073967,179.91008946421468,171.7853360777615,146.67754103521293,201.96012175284852,137.46695361407683,176.28227514428568,101.77077979788581,157.5163658277394,145.7159858975293,167.39829192193775,151.00673101014235,178.90415392473096,150.29781408543926,147.58832179399104,154.70484369688245,164.46427991338885,135.7571026695485,123.60288774819303,144.2299995451829,101.2567250239116,79.6490197502135,95.70426102913783,85.82476966518585,94.33006392405129,38.07426347273254,42.176931599658595,77.64614713159176,39.76458230355189,44.72646722769856,27.047834985468747,24.946020019636176,19.15410547152892,16.514164121401436,22.34050756185811,18.470804756393125,17.50904267478504,15.104579186749799,20.835867720942396,19.832838726485193,7.161072043922166,4.653915350608471,0.7868225105653565,4.994656751714478,1.8531021188389236,0.0,0.0,0.0,0.0,0.0,0.0,0.0,0.0,0.0,0.0
0.0,0.0,0.0,0.0,0.0,0.0,0.0,0.0,0.0,0.0,0.0,0.0,0.0,0.0,0.0,0.0,0.0,0.0,1539.5752750797067,1816.4739591281982,2396.6535662189563,2445.106336145686,1598.1865162941697,1541.9349151604629,0.0,182.87160292939703,181.27537504419772,135.25341107824994,129.521357362019,106.8638495205734,183.51899917862133,161.53724917231608,194.85649251605912,179.92034639410744,204.3032124405866,161.7923405833157,140.5855343250043,132.72558161638503,146.5804680319921,169.4171727982208,154.49288606026573,125.92733945904138,116.61316919412695,149.37261136296834,150.17335621884052,197.18191273471223,139.243553225782,179.63252836256595,155.39520849997987,134.07632362920285,144.8775476139661,155.18564289378386,102.33948705507053,114.53776938702343,129.1305360522396,140.5174661034428,103.30059143426024,93.28189313563533,92.82502560598064,99.29413816390036,61.925670951922086,44.14927065958589,110.12256467325972,59.48009535156825,22.398234605047918,16.327788153526093,27.752278486627723,28.981151824755912,29.70446194132738,29.80396927498404,13.506388645612134,10.319690631693428,22.876039583057334,26.138814353872515,20.462777758659737,0.7940776698814234,0.7704988077608027,0.9402911705315108,3.8352051581208313,6.0157933049105825,0.0,0.0,0.0,0.0,0.0,0.0,0.0,0.0,0.0,0.0
0.0,0.0,0.0,0.0,0.0,0.0,0.0,0.0,0.0,0.0,0.0,0.0,0.0,0.0,0.0,0.0,0.0,0.0,1663.1422297937802,1800.6134387772313,2456.1243931530344,2142.996725406657,1411.2357719870276,1168.2091700137937,0.0,147.80157750377668,141.55934892918918,138.06268268164786,127.63710788235022,148.6100968313889,191.29920260014657,151.6540694077359,167.54596852109455,209.86175165453116,175.33521296805924,186.716017660311,148.2431810703438,136.9982894845194,117.34589423747803,149.60900053120946,118.38879627422743,122.49397459097261,128.3527669513886,118.95449441754654,107.08239145428938,145.7548615194399,136.4663723485033,141.94594826930964,153.48951899670556,141.16851431393718,122.35308038663962,134.68502706486146,125.00341602924885,145.11325301167315,127.50545706604677,92.37212062436282,101.99634241055783,112.90692245485839,72.9327497654322,125.48678367559847,37.15993858371766,36.633057730591595,60.157321379909874,45.28483774993078,24.007684254987808,32.61023951171805,16.21026021361487,23.632317819070582,27.51819893459166,17.640948087960645,25.089690004965682,32.85046586134148,18.890181369313325,15.232904582347363,24.702486468919584,7.186500174547014,1.2787918698511005,2.2543923923927096,5.465364948749904,5.672475800435428,0.0,0.0,0.0,0.0,0.0,0.0,0.0,0.0,0.0,0.0
0.0,0.0,0.0,0.0,0.0,0.0,0.0,0.0,0.0,0.0,0.0,0.0,0.0,0.0,0.0,0.0,0.0,0.0,1431.5194093071736,1964.739561068631,2121.306312676384,2109.245664336372,1087.8323185222569,1194.2389125433708,0.0,143.39004546169267,122.99524325711727,93.07901788682682,123.12746000340034,147.48784233291224,159.30910907569904,153.93681239982678,146.37815775482196,166.36957217088602,111.96106209555731,155.90905649608374,115.0035277814432,146.0283655368681,115.86225930925218,141.25730604315982,155.42541217599043,126.83802306420921,106.96527669493653,99.65357377714203,101.18326596376693,168.38972971485728,166.8253631699161,160.4867811698452,137.64288587098073,132.69867928147707,155.83098622349058,107.75719858073546,93.61059527063476,110.96826972367356,86.1337139997675,118.97059833807188,136.33872494552128,108.5911574534225,83.58785935784073,87.0581256149969,33.6951909552055,46.760112492808275,42.1168310960208,50.91922933132008,45.00786395240398,16.232672556044587,20.129199462576878,20.992794435418283,22.229478703535534,9.839202091354084,15.720684553660568,10.557735687069975,34.91313167636956,11.372846211947977,27.804969084918874,7.735095857306582,8.999177047006931,5.4115713587048155,1.763993716225736,5.165321971614463,0.0,0.0,0.0,0.0,0.0,0.0,0.0,0.0,0.0,0.0
0.0,0.0,0.0,0.0,0.0,0.0,0.0,0.0,0.0,0.0,0.0,0.0,0.0,0.0,0.0,0.0,0.0,0.0,1538.2678062789553,1879.6225585382772,2276.3027090809906,1909.4023597994176,1163.4293602171579,1111.6485408189305,0.0,143.64071890822785,98.48669974304259,182.7445416912614,117.75092993580519,104.00575166302717,180.64455370780612,122.98522149752114,154.5442174564456,182.92742336772042,150.80622706682541,140.5537960029929,159.41251546503193,123.18786726127573,106.39012693546326,164.60094947770804,119.17443762285221,117.97590424804662,162.7929650560576,118.67411800114556,113.99003945895592,112.90806427414468,115.30995567731624,146.6538433373577,149.1071436813036,116.75608994162805,130.85417182656334,87.04540536303764,94.95868579071609,119.15677814124376,141.4854186928828,115.42164698976437,64.96039853652162,84.6448717781462,65.65913362938463,82.5635821962045,63.509665839544446,38.43890726015999,60.89911837608647,32.64084528459505,45.28677318717406,23.866470686196138,20.76015652115203,8.986326963881341,28.261397498899527,6.395043035169673,16.937107795633345,14.010645441094173,22.00627685037436,22.43863429426496,15.751810803768924,4.925654380346521,2.7439468479366065,2.849318384703777,2.35946578053612,5.663044241810587,0.0,0.0,0.0,0.0,0.0,0.0,0.0,0.0,0.0,0.0
0.0,0.0,0.0,0.0,0.0,0.0,0.0,0.0,0.0,0.0,0.0,0.0,0.0,0.0,0.0,0.0,0.0,0.0,1457.703077148013,1807.1670098796212,2008.8566523546738,2080.0590656392033,1227.8406970086896,1085.3911601900693,0.0,158.96499210347594,109.18261100070619,95.47410688612828,139.7635275399303,120.25341417935223,117.86413175964313,156.9441943598388,159.89751195618953,150.66397641843997,134.81051206425727,151.59987403773533,140.87797944965277,113.47766857046858,131.66449716674776,134.0271262367835,116.23513301182003,130.39506204051855,113.03181523491858,113.49904468698891,137.0508154303278,131.10011894538172,143.39455454821626,138.0570307899094,147.26392775264395,118.67911394212584,121.0795300012398,108.84701366964961,114.6354488870316,91.51776732069517,116.5349626575426,111.9614120894627,108.64648066020891,92.94913485878786,91.81726665698946,114.90588130198327,39.664266487774064,34.325161939458305,53.423186310642464,39.986696899808244,31.500807364255408,19.008467628528262,11.424491109165823,27.24269480822713,23.50548161553387,10.668761703085412,19.45321300442796,10.247041174118777,21.391211279016403,25.2362945803256,17.654565435912993,4.064453272551434,0.0,3.2201369856663,9.22125117405924,5.8006440511706625,0.0,0.0,0.0,0.0,0.0,0.0,0.0,0.0,0.0,0.0
0.0,0.0,0.0,0.0,0.0,0.0,0.0,0.0,0.0,0.0,0.0,0.0,0.0,0.0,0.0,0.0,0.0,0.0,1560.9256441363914,1851.454242895839,2073.8533347423195,2023.2837717322495,1233.9392370285655,1102.1478920363172,0.0,129.36113295898605,109.0449122603075,106.59695237772476,160.69062186468284,103.72223020608476,152.80032128865187,182.7792198117341,149.6966329662535,204.53643730487894,180.3804135177068,155.17793192914544,113.88336718295997,126.0153199545938,126.11784242486246,121.64349403962902,136.91006049823446,96.23092948251237,106.53965127330892,120.44170246294178,142.60991993604904,148.25408298574513,131.38694377677388,156.22367836137238,129.19618842032247,152.16451102920374,114.14192032971002,99.77260893243856,133.50105404995762,106.12501721503882,114.2487279514454,104.18817944574819,117.68855690801834,55.03813007986953,74.97406785844562,106.24159440123685,39.56227558213165,35.63002013938537,60.80809986241165,30.3381304747081,35.11785054828532,22.661122532755236,17.961511600352967,13.089866571863595,18.62868742098317,27.04686584139794,22.29045365600598,20.478334312896926,12.505196154751129,24.706248148026134,3.145551032035051,0.0,1.1478034754270088,3.939715844692146,4.530204087053015,17.444117077409267,0.0,0.0,0.0,0.0,0.0,0.0,0.0,0.0,0.0,0.0
0.0,0.0,0.0,0.0,0.0,0.0,0.0,0.0,0.0,0.0,0.0,0.0,0.0,0.0,0.0,0.0,0.0,0.0,1469.8362178230118,1876.8575251596003,2094.3594364460255,1919.4444845665403,1304.188436556033,1273.7653763227622,0.0,140.81162704822998,136.514098272081,113.98273191952117,112.87341021009661,139.64659124819082,156.63296853519768,137.23165147236273,143.11137180747266,139.42366133453658,124.65638569146034,136.17168125543262,159.6623370962883,118.51202842014831,137.01941423791592,132.830708307192,118.10771132783388,115.14715617222407,79.28323091919457,158.5893802783916,121.34335091982014,111.03969606822722,115.92373238270429,128.35381700205758,133.34512764689828,109.68317648140857,109.34246086285498,119.00270999189817,102.2518082781647,117.77750875961388,131.7401192109243,93.15625572011011,112.68305983039058,83.18709408482978,74.14707874275624,105.19285279002318,34.76754006777456,31.326379796038957,57.169502917030655,34.18442389262214,47.28114038734046,18.300026434839076,27.911114790999413,10.042379216450952,21.9187581305537,16.657872023907455,24.45022970205021,9.860767178859573,16.98198508887313,11.171767005689091,15.185104235598786,6.367521704923114,0.0,0.8780106288667383,0.8485952175698532,5.8382054581066045,0.0,0.0,0.0,0.0,0.0,0.0,0.0,0.0,0.0,0.0
0.0,0.0,0.0,0.0,0.0,0.0,0.0,0.0,0.0,0.0,0.0,0.0,0.0,0.0,0.0,0.0,0.0,0.0,1775.909699929774,2005.3095754795431,2106.409183364718,1700.1117362404602,926.0538795634181,872.7321877063689,0.0,136.1269842663767,135.542737289267,113.37953721440314,95.35477843013103,115.84255203273278,141.0626250584834,123.57067855338217,200.24151331946518,147.08960994380567,149.47560963149073,157.8819620414938,88.75385805603045,119.02529366223871,114.70503633063151,127.93596952554304,136.18842849334536,114.84444759098525,126.87001603917768,140.1225646484862,140.22790520164364,128.1942399406472,96.92120904157201,124.37642558459059,141.4614644764082,115.75057331279463,91.40510096596714,127.77028162550403,98.42071610939396,78.43519683787036,90.7724239375983,98.52867632950755,75.99196392022347,105.5147202181316,92.09341940770983,70.21926457839453,18.892407849966688,35.19987153779262,30.816576590221594,45.30960731629878,33.71198003743034,10.46715201563881,7.73675385767831,22.48808585807467,12.561564773154604,6.751631858608474,12.14939707013394,8.35693336020795,25.32412892328527,11.86265216799631,15.614275828201624,2.3284108716126837,0.8819437577045371,4.288230370540741,1.0778851227220665,4.861928300327824,0.0,0.0,0.0,0.0,0.0,0.0,0.0,0.0,0.0,0.0
0.0,0.0,0.0,0.0,0.0,0.0,0.0,0.0,0.0,0.0,0.0,0.0,0.0,0.0,0.0,0.0,0.0,0.0,1388.7851240953974,1487.0090757155835,1713.6134601973279,1674.1631755282235,1189.0943005844697,1279.1929957581192,0.0,116.79114528751187,109.92309372120782,89.96242679394557,106.62668391321145,96.13844202423047,124.58756499240954,141.58092496614324,95.24548366785976,148.5914103895312,134.83185820813725,119.85476933913131,124.92141195164585,125.90769483145675,123.4687479547085,119.1399714523435,137.4039145823741,133.11983295418446,102.82135931498298,124.84242801891357,93.06821542249327,130.40144056654873,104.96542739689693,151.31664481368884,105.22713539334335,120.13195640434398,126.52746281256094,118.11175558920213,98.54417135127262,87.70708802249378,95.34967723595547,90.50607011011432,91.37602720640174,84.67536048734883,74.86806932438687,88.36743010650768,39.30737530370338,54.808732766055094,42.81988429285396,46.14730968543317,29.977940294947523,20.22787651280962,9.934621283100363,7.882878743867617,14.149896552920637,20.566455070630756,6.726417529512689,22.19374469664863,17.4857549984076,4.313747985998977,30.041375017278398,1.3325987593855415,1.614506074540093,4.83150007938966,2.0494243353208774,3.051240420366786,0.0,0.0,0.0,0.0,0.0,0.0,0.0,0.0,0.0,0.0
0.0,0.0,0.0,0.0,0.0,0.0,0.0,0.0,0.0,0.0,0.0,0.0,0.0,0.0,0.0,0.0,0.0,0.0,1502.8490209843198,1856.4169265373084,1982.2946828849672,1789.4540683308492,1057.6795057651818,1147.6525439747272,0.0,103.8379456905941,123.36061094064499,99.98750978950815,105.66911686724107,117.20392688246676,159.70288071992633,141.1896130357812,118.1351784691109,112.10175990101104,158.07369881542854,109.6509733669073,126.31992683128482,91.90968688647413,93.21420356004967,132.8028897629,120.03533646588629,114.065394689875,138.68313228124916,111.4780848170301,117.41826335591131,143.36715540682354,104.84660709859227,135.01604636922946,104.42848187298455,128.26246937627604,120.73190167869036,135.82174109871184,78.67377096210984,109.77538043791009,117.10135744469838,108.72210279596726,78.63967139623132,56.47387930801186,52.91167163159994,112.2864480719637,35.355773208308634,49.90086995800153,59.87493208466377,55.08787463606201,27.899938955242053,10.362532599363359,9.262171518541695,11.366131300063643,11.575404690124362,8.584760794245078,12.7744101926588,21.914030470874973,20.628389110034746,13.357540328806689,15.674490075395553,10.227574703667585,0.0,3.237650228885458,7.5690092800445985,2.3041540973558874,0.0,0.0,0.0,0.0,0.0,0.0,0.0,0.0,0.0,0.0
0.0,0.0,0.0,0.0,0.0,0.0,0.0,0.0,0.0,0.0,0.0,0.0,0.0,0.0,0.0,0.0,0.0,0.0,1548.9243655214345,1825.1327717539552,2275.5144936745846,2093.6642597213786,1250.9415093232028,997.8800086886797,0.0,162.0347788679529,138.09975751056962,155.52181704195468,144.24218998820285,114.89852496587494,144.4073961708278,139.95945133769948,157.8409784198015,145.5150818230404,164.80896597396514,113.12062686877843,170.49697410090204,112.5091983958217,136.39994003140384,117.20195593145733,102.49003872897137,111.85370010110614,135.16651099112278,117.90565294195898,107.29450425162443,144.02729853257534,122.39279649723017,137.47046052712784,158.87208397658583,145.07312404565076,132.71782049987542,138.40202704067806,102.81471770087279,87.47462636417069,91.09879304280426,105.42112786385846,99.08460995453824,87.32152227163509,72.00198807603002,57.748326959584425,52.93258010783106,40.10574167564246,53.39741897323564,41.90578817129995,35.27796146258141,20.351918299827926,16.858163764364846,19.997982604453593,21.99044500679634,9.87355871054245,14.928260670601606,19.909223166741995,6.235484784499391,7.467866536351224,28.19951973323988,3.027828245464871,3.7010440225889374,5.424247499198008,2.9244992285872202,14.476514501363017,0.0,0.0,0.0,0.0,0.0,0.0,0.0,0.0,0.0,0.0
0.0,0.0,0.0,0.0,0.0,0.0,0.0,0.0,0.0,0.0,0.0,0.0,0.0,0.0,0.0,0.0,0.0,0.0,1554.304614888239,2092.8690947021296,2308.186470791765,2430.931619331066,1348.910247049438,1441.044416078941,0.0,144.3794181922306,153.9367822139673,140.0053015930514,129.84762639604884,164.2692009818632,158.65562069430055,152.64685165973683,170.85615139430007,142.183356196792,170.73918732557948,136.9286585982823,146.41367462448693,168.8424959827288,158.88424020727098,142.54541501353833,182.23819300588488,133.72231831877662,140.1303439049481,140.03751000094795,180.28972362514406,173.6064325887188,148.56935587059246,159.30082317484542,160.5634829903679,178.96234147186857,143.50951223056313,136.79465710710974,124.68606546707963,132.39025175459614,113.29506022929948,132.70811810816434,131.27867426650377,90.93958763312962,95.58086949123148,152.3342601245948,38.39867434919968,43.01670670762728,57.341809897153766,48.756957550692114,36.714940950144616,18.036677207035392,21.94941452057072,32.44265945333994,18.329439087969707,24.345779365089093,8.326641161084211,26.508692256891816,17.637229503396494,29.758497290202634,35.4128084741561,7.060724498263355,0.0,4.182367930171722,8.928334974295183,5.8907860158808605,0.0,0.0,0.0,0.0,0.0,0.0,0.0,0.0,0.0,0.0
0.0,0.0,0.0,0.0,0.0,0.0,0.0,0.0,0.0,0.0,0.0,0.0,0.0,0.0,0.0,0.0,0.0,0.0,1535.9000938987879,1839.932935538468,2126.782901392216,1714.7549546276605,1147.1512743254216,1063.6251826424207,0.0,137.59999244380612,123.95124059395752,98.2069160649456,77.04438266442124,110.66524195279146,134.3912049580182,166.29414783664276,118.53969658683457,168.3022280424753,140.84612373358678,140.71515303291437,117.07803369404024,66.19788538702001,114.15194478749524,120.97242367323445,117.75813691187858,113.27134508755687,127.1128718127634,82.96800838063088,124.68904430099724,152.6947951352946,91.05744796449429,92.38790461366152,116.34576819599283,126.99943172024128,157.22245836703635,128.94071938750406,115.21518927280908,99.43768518859761,102.57601460564902,98.90929201446194,113.72843282467889,90.09036280177222,57.83367668332798,83.30406041757784,30.77534841700028,33.594752515372136,72.68301744863544,49.41112013835883,16.003538382358776,11.956643566988443,30.277025686299716,16.659071355881384,18.56911723316569,17.23292369365257,11.653052613168018,24.088615281027685,11.283242181489792,9.907542937141827,17.44243208596024,12.090675565999463,0.5236003036312841,0.44314805693743814,3.8593371248295276,0.23689874019830637,0.0,0.0,0.0,0.0,0.0,0.0,0.0,0.0,0.0,0.0
0.0,0.0,0.0,0.0,0.0,0.0,0.0,0.0,0.0,0.0,0.0,0.0,0.0,0.0,0.0,0.0,0.0,0.0,1769.0987080706961,2068.2567513348117,2271.2515835534077,1948.9193510922282,1200.7541024080829,1165.8151460260474,0.0,149.0541625382395,156.84278683248013,86.12920232448693,153.35702535706764,135.92414374264354,139.71366855692472,159.278110533448,140.53136458489072,187.8523155531857,158.74631496645128,168.17275175351784,130.29397906853453,149.12951399092813,159.58967868435244,133.53361160167992,107.83855931917121,123.11481304909915,144.45313869446898,91.18574032203193,152.73080198708143,132.27881644815525,156.31214822302536,144.87874659862538,153.09676081061477,155.0527183967879,118.09772487502606,124.65275822465264,121.8427381884377,122.86448360049107,101.09472456852697,104.42048600562583,92.34031843598954,77.92343354857096,86.44968393390643,86.31433672143967,45.39361114632092,64.04110360631323,64.82126934551107,48.283914057582734,24.93852483543367,31.050133231763063,11.611701576813983,11.709075483316777,12.515998401177288,11.540911002891292,10.764277576043028,35.37398091916053,35.57498821212387,17.177169065534578,15.185716801249974,12.321218919876113,2.390974241521443,8.583477431081782,1.5183203197373734,8.735962332211095,0.0,0.0,0.0,0.0,0.0,0.0,0.0,0.0,0.0,0.0
0.0,0.0,0.0,0.0,0.0,0.0,0.0,0.0,0.0,0.0,0.0,0.0,0.0,0.0,0.0,0.0,0.0,0.0,1620.4566467804796,2180.6308201076354,2346.608965165533,2044.1414088878869,1293.8713362202882,988.7662849683452,0.0,129.71529118954797,137.45520278846624,186.76252258794705,124.07321040823557,136.4563721922215,149.1839846158784,132.17377059561062,160.6362887669124,198.17055643581546,153.0416338920526,170.85940113834351,106.074779944373,114.56346566061251,143.9142931389164,137.37639747205864,116.33502835308775,121.64819184859095,108.70514379327966,126.50074032873853,128.5755550365146,194.3059507538896,116.23491492398885,185.7419497986251,154.31033120014277,128.13299273681702,132.1719578799166,151.12662094008743,114.76074648337848,133.58599814738392,126.6201988276126,113.8538125703958,91.12156804278405,121.38917736319074,81.5009548097521,116.25293717073468,51.412337177570116,58.482879856995226,56.68764778085768,60.653170763043775,42.370095523981526,17.39676936106313,25.08322675280962,31.77854998380751,19.92108651136078,19.24438571298039,16.33871993802156,12.127064318700693,18.41081420739569,8.885253535201862,12.925575351425449,17.728136471513636,0.585936856462101,3.8669556167443164,7.25250551242362,20.221365206963966,0.0,0.0,0.0,0.0,0.0,0.0,0.0,0.0,0.0,0.0
0.0,0.0,0.0,0.0,0.0,0.0,0.0,0.0,0.0,0.0,0.0,0.0,0.0,0.0,0.0,0.0,0.0,0.0,1469.5716366072488,1846.804511290513,2124.239310980105,2008.7766789342863,1387.191724549626,1210.1716534466823,0.0,128.93755613522578,165.38516486345588,135.02129128441044,131.63290308367155,121.97607641736707,169.3418143623705,148.47653509047828,122.4640476877262,178.61869613622827,149.0475958079914,125.4933548353327,137.31098957343767,110.82195491524095,113.95960748765035,153.46351061085866,104.66810630653092,137.3995598284183,114.34809135163603,112.08984703316942,151.43262748667715,176.15636043570626,98.92490343778498,144.41313331541645,142.56178055934896,116.5205533939764,114.86586792462957,130.0816730176619,93.72077011374192,102.40432616750597,88.43901073848656,136.81594685578287,75.28544557884057,91.37646434095352,74.86949583512569,80.96154478201046,40.61403227549866,31.407824350532927,55.80105607486667,34.02790018369731,23.90421202245883,18.164886128823905,24.694477355164373,15.264218433535952,17.84004649015742,21.981033948194813,12.170155115409967,30.07170851994246,18.044000513369014,9.656458428435213,18.147072201510618,1.8581045752331606,0.38883777854708146,4.653918302851166,2.0237249332977094,8.405779255989025,0.0,0.0,0.0,0.0,0.0,0.0,0.0,0.0,0.0,0.0
0.0,0.0,0.0,0.0,0.0,0.0,0.0,0.0,0.0,0.0,0.0,0.0,0.0,0.0,0.0,0.0,0.0,0.0,1245.9643606671139,1590.5990891119504,1907.020219445398,2218.741024444302,1410.5522348861691,1122.36963419256,0.0,171.32212435747022,126.77086484181409,127.36884626286756,148.0455777510669,99.74193332822955,180.16212919979583,143.20392946593995,166.2911461361936,128.7438024431926,105.06893396340381,147.18734986279094,138.07506463205266,112.3117976886889,129.95941254946868,115.59564348581313,125.06091922990392,115.65824739942857,124.86469996037934,107.63568626974588,136.91586350319767,123.34556910316705,108.18436289571035,116.24923816856219,124.88111284966838,130.52883091100912,113.70520274791264,131.42227582675187,82.23950312411283,108.6295973886653,95.42139706309419,108.26305360314623,106.24016373532368,80.67621379155574,67.77434461890806,86.37293531314819,36.13218471183973,45.94558108852521,42.19946741914861,35.91813128342397,29.950717639606374,16.99775024327133,12.166296493088156,14.941878632520115,18.151909195789017,11.95969964771976,25.10943616811609,17.07639163969032,12.884722386843404,14.074811974632036,16.530013074137642,4.1612437784804275,0.0,2.6756815620924357,6.638976026671513,7.292946877709138,0.0,0.0,0.0,0.0,0.0,0.0,0.0,0.0,0.0,0.0
0.0,0.0,0.0,0.0,0.0,0.0,0.0,0.0,0.0,0.0,0.0,0.0,0.0,0.0,0.0,0.0,0.0,0.0,1413.6259981296203,1628.349177872884,2006.2446216871278,1914.4826927448162,1038.0463187552755,969.9700789450534,0.0,126.3574241381192,105.51179874880697,133.70798090263108,109.96517038848623,111.49395794855089,114.11808374050607,123.6895960052033,129.96049761063108,117.71271098468725,132.62248675018265,117.39697653694164,143.49600553691477,92.2747466913235,133.85622889199522,122.20215488281413,101.20096675366489,103.95305878949186,128.40861049886314,130.2339938700689,115.31776613418447,123.97950267953067,101.40392279509807,124.11889197604714,115.54783712515892,126.89373952686299,122.04600375680519,136.56186984509324,97.80265388159127,83.5376039641312,108.50404580060973,110.98502563717949,102.05403410792638,74.92702480727019,80.4299437535346,95.63769034344283,28.763171822331365,49.617368706846435,51.97666471695339,35.990464485466646,32.791532737729376,15.785708225512215,9.646133381891543,4.920304730073982,8.315241675066629,8.37918457386734,8.113064415680004,17.265580959950036,6.687312694863274,17.438061023070404,14.916694689880138,1.3405338315846849,1.3507833671543525,13.33328986882416,10.204900904370188,8.397618354838293,0.0,0.0,0.0,0.0,0.0,0.0,0.0,0.0,0.0,0.0
0.0,0.0,0.0,0.0,0.0,0.0,0.0,0.0,0.0,0.0,0.0,0.0,0.0,0.0,0.0,0.0,0.0,0.0,1218.7843786223482,1626.931843158418,1655.3041343795703,1522.2034038405745,999.5164352281793,991.3984386228027,0.0,110.93143548281647,148.86776689348784,119.56320122063093,112.43714070172756,131.50246364249548,128.03435917199832,138.05233712822337,149.03055410470893,122.931315350087,127.0581002945938,127.8446310031336,101.74722287123078,121.30211847038113,103.72928302380113,107.41611327184222,99.19928000801498,99.85982200924668,90.10234520178932,110.19416592394188,125.43611019585423,134.11872732724504,109.6204429620521,96.33654317204702,91.09618502480043,135.4071573744802,87.23242123551705,111.90166187897677,86.88383441789898,94.31646612473111,76.18958742737172,101.6082671618147,95.04119357460088,82.44807163142754,76.04609531989603,86.35827863133812,32.63198831571091,29.581329936996553,40.740132573795464,25.174311018876274,48.658716619905874,21.88558565473559,20.211521241842533,12.529782550397009,25.652749693387054,17.37211024180424,0.9454299558057913,17.821813687574576,15.656410946127725,7.580315798242106,12.280541979341193,2.100449357167714,3.3757190226825147,11.760108916699254,4.607157577172054,5.64521549420823,0.0,0.0,0.0,0.0,0.0,0.0,0.0,0.0,0.0,0.0
0.0,0.0,0.0,0.0,0.0,0.0,0.0,0.0,0.0,0.0,0.0,0.0,0.0,0.0,0.0,0.0,0.0,0.0,1273.7765157192446,1564.7485498236542,1806.8635517865262,1607.8669844770668,1009.413014385965,998.2157641085075,0.0,117.06045616729286,115.06151589358319,96.31894871675314,100.18994238941637,149.79692015708926,155.70113487131766,126.5693480874924,103.374876960466,128.99227114956028,123.3186535996607,100.1970633072366,90.11459973487813,101.59324601238175,113.74316466068821,150.65818205720763,120.49699239177235,94.9703957687928,99.92152092034426,113.3801574561979,79.41835704380607,134.14674253393997,104.11558598052343,124.5284480030956,114.95384339894858,94.47112959808142,108.39168517629929,78.67839516266785,119.48958123324601,68.97817252227983,88.75124392990946,92.15496215486468,80.5930525454045,64.5441162739068,73.74434240167612,54.489219682135484,44.282830210555645,45.81500106918698,34.52606437550241,34.779472786688316,24.431376568282023,18.487503088955204,19.791301346288986,19.58977696937923,6.726114128021199,25.183698848520443,11.300027995528716,10.630000317707239,19.65011951573236,21.24086206629029,18.268168571271577,0.15553539134812325,0.8510265261218976,3.5445758226047714,2.084489233278515,3.3736245182333375,0.0,0.0,0.0,0.0,0.0,0.0,0.0,0.0,0.0,0.0
0.0,0.0,0.0,0.0,0.0,0.0,0.0,0.0,0.0,0.0,0.0,0.0,0.0,0.0,0.0,0.0,0.0,0.0,1435.175962807472,1613.2150143617635,1794.7424771473145,1603.7878779364974,992.5415178478594,1076.1589861403227,0.0,139.54653695515282,129.06254978752827,118.7515921972614,126.29003992075711,96.94847758608029,137.48622533613133,102.41850705460223,122.23184605363039,153.27012634881086,124.31791228616916,134.13033636217378,113.95620148461343,112.13373323647446,88.41445531085272,117.20438986295737,117.09336782923333,82.7467786730612,96.2885945225963,115.83004534860893,94.36604838161497,139.33012468417317,108.78026836015016,121.11557959407352,86.96202468305029,131.65740328464167,114.7187433778995,118.24868455009226,78.09998823986265,79.2873650572297,78.89185297913903,111.98651920107626,84.44581823766597,74.38488664279362,91.10100953833307,94.79994186796642,35.37856502003916,24.41006649649614,38.83924173924141,30.799785294356557,14.689402608095227,15.319878091902504,28.872181159317627,7.593237644124924,11.277991992624795,22.768710845983964,10.472442077411365,5.193717747658081,24.76800699935142,17.617537480210096,12.741144210845581,3.1655752975556535,6.956568683038115,2.618048557560892,0.0,3.3654002590282124,0.0,0.0,0.0,0.0,0.0,0.0,0.0,0.0,0.0,0.0
0.0,0.0,0.0,0.0,0.0,0.0,0.0,0.0,0.0,0.0,0.0,0.0,0.0,0.0,0.0,0.0,0.0,0.0,1264.9939323948151,1669.0233143490518,1737.5570000217797,1657.269322396909,962.5959663837526,952.0747349731039,0.0,122.11894984416705,116.68058519454502,112.94388933508723,99.69334715674962,78.11915127321171,149.9321318059558,103.7207529462894,117.98900860253812,150.67948328577023,155.80935606919672,123.89241578891193,115.11641414755394,87.15804560661714,102.062398592254,115.40139159362025,99.83695179352314,118.88476747977329,95.01871482541591,97.23398397825859,114.7573970639057,103.06445940539416,90.92045193775891,104.17170860309594,114.49478028590454,99.36801710501078,86.44877795120519,138.22252872578758,95.20887772144236,87.27290636609352,95.63538111015258,101.56015465016968,61.398614965484015,46.17741312943876,91.43378799678047,85.21277296237324,40.309519263837764,22.5122486578292,28.396131761252896,44.72310151098544,29.421907381848555,6.082159367671423,12.634728826299705,11.579125826384209,29.19808860453339,17.439354484984495,8.569367349151452,15.293987000626561,15.547905305119514,9.8116977146234,24.211823600200283,0.8327737662562089,2.6189831233498855,11.697171269902045,2.24260767310956,4.940044298301016,0.0,0.0,0.0,0.0,0.0,0.0,0.0,0.0,0.0,0.0
0.0,0.0,0.0,0.0,0.0,0.0,0.0,0.0,0.0,0.0,0.0,0.0,0.0,0.0,0.0,0.0,0.0,0.0,1205.2321962141486,1281.6612877122254,1587.7396506159735,1393.5958628684982,849.7929157900062,867.3975695264526,0.0,94.14618297148891,93.15524552017543,92.92088019461596,94.66530393415206,77.52653648798156,110.08980302495016,102.5402254287207,117.77516814625238,115.69571694217368,101.64630583814326,96.99431157651037,94.18157923944844,83.1071121161104,90.4668846833022,107.96037830379794,80.09858375479546,80.70462605808838,108.29110263169858,85.20412811832256,70.60249725416733,117.0257913282817,81.76207531699956,96.7893836621219,118.04345407487834,101.74185520374239,102.44163760429453,64.34360389838223,76.78605282628192,85.13822160335029,93.65994813870064,73.06775377531271,42.05803192009397,53.66263345055463,81.35846941094876,68.55901424374838,30.86797063772847,25.069063036011126,17.59481231513174,17.56925809995959,20.250669333773303,10.618358382477066,13.7377156308682,13.463290977159055,5.808200850618675,18.583756974907004,10.051318137092188,6.4926437454604,10.386856906783612,20.136168058425056,20.853968502635986,2.016441749205081,2.806632044231497,4.237608303200067,0.41618948560491753,3.355477612489715,0.0,0.0,0.0,0.0,0.0,0.0,0.0,0.0,0.0,0.0
0.0,0.0,0.0,0.0,0.0,0.0,0.0,0.0,0.0,0.0,0.0,0.0,0.0,0.0,0.0,0.0,0.0,0.0,1066.6115628909663,1422.4524123083065,1468.516680029024,1224.0447408445339,733.3191366584977,762.2463058905345,0.0,79.86956614304108,101.42069833619911,96.85890072159316,40.671086711811135,66.7833498168091,116.34976821155674,85.56363488824684,95.91700930934142,104.90630745642967,93.30368931849958,87.04473128908342,115.50207472255164,75.60261688257839,88.20983700649214,73.36215594257467,81.83647224698791,94.15888432593047,93.55670368483655,70.96974951020101,112.75804275592424,105.8339856809296,92.75532801995831,106.49109019581554,83.7983063378438,94.87796541711975,89.8087208458847,82.98136654989295,80.29171470106044,58.31699527531477,91.9030474603668,76.8571760908135,62.47680819630823,73.44205645103376,33.97132868484485,58.88335522905194,35.59257404682129,17.791882142056412,24.550926041063118,50.24108230189097,25.957756797702753,13.120174029393477,9.418196987052767,9.686395806575781,21.488893517110796,8.836820972430033,5.729151257384876,15.305094878292843,19.96188245214053,12.480337117179321,10.61352803493568,10.593413416880033,0.0,1.0494402961914966,0.0,2.5550974631610694,0.0,0.0,0.0,0.0,0.0,0.0,0.0,0.0,0.0,0.0
0.0,0.0,0.0,0.0,0.0,0.0,0.0,0.0,0.0,0.0,0.0,0.0,0.0,0.0,0.0,0.0,0.0,0.0,876.1837054642505,1141.2653454863994,1365.4107922433968,1362.5245759879517,787.9802297857232,745.8813723932498,0.0,82.84817221978587,120.779549469041,81.55674795526248,111.59935504405067,72.94395459920027,96.74095573029557,76.88198510573459,86.21087274373744,110.84350247517763,88.96172968794073,91.3409640310885,87.62210404343352,72.56083683749448,76.16858970704857,60.95971079048684,89.33867498391689,63.83436506186323,54.89508932796857,70.15777746801818,79.71074589425109,117.88690008229916,68.2438188630661,88.13795485835067,74.37304233196481,83.32677412771679,113.26211627137928,91.21900607712266,85.3738939698912,66.78288040505325,87.26800860369632,61.96048827387925,59.659005445116335,51.06094452356575,43.44871487269216,60.00957724387091,42.30605928231724,29.034044340526606,29.34148235815553,25.439522495931566,15.40166700063616,10.437852419614781,8.238573835713732,8.532262578020983,8.738575552878931,6.2898782659212245,11.697305387849893,14.825902973136436,2.78685045170212,14.160001039625019,14.72233448545028,0.0,3.961739714299458,2.925608878106328,3.08220183041854,3.3254312548112708,0.0,0.0,0.0,0.0,0.0,0.0,0.0,0.0,0.0,0.0
0.0,0.0,0.0,0.0,0.0,0.0,0.0,0.0,0.0,0.0,0.0,0.0,0.0,0.0,0.0,0.0,0.0,0.0,1098.3101442693405,1445.5314768826913,1476.9078787071007,1376.23661924212,867.986428448359,789.8429323895928,0.0,122.95863781112377,111.90285386816421,79.97790739909094,106.8039081360002,82.00175028723689,78.21795915627388,115.45701319344326,113.07038383642865,115.18367364547242,91.65236775437955,111.17596649591783,66.16202289869375,78.87338010747727,127.42027055899203,107.22129505468237,63.83933013040516,61.120735548906495,114.05239943742353,73.48041143732578,86.60085464542115,99.54025808817387,75.37116685441507,117.9615028897318,107.73065296734215,113.24660409956873,69.94843152170709,86.81589433323946,87.24486205330643,81.58989340654799,94.12824157085586,69.87937584946691,61.50992051974493,47.88037561501226,82.48525387102035,63.98524818108994,36.48647956474739,30.574444795476406,45.882438768316355,14.693065318572602,32.29451201569765,16.296696074514678,15.54963153518686,17.244829219257962,15.660781549752173,18.204971392803408,7.351138445165527,13.12912747650132,10.897435960328256,22.134565628412915,9.114745613477455,2.049946547857897,0.9003762770952348,1.6470902520712085,1.8231036532765066,0.8686603789158011,0.0,0.0,0.0,0.0,0.0,0.0,0.0,0.0,0.0,0.0
0.0,0.0,0.0,0.0,0.0,0.0,0.0,0.0,0.0,0.0,0.0,0.0,0.0,0.0,0.0,0.0,0.0,0.0,569.4420025521512,591.6609295422579,689.871182570112,642.6213504598786,461.6922876319288,399.38332716615423,0.0,41.887714080794424,45.32843442211278,35.60866907144461,43.38149230003677,19.65426807539911,53.64556221242647,51.2865944265155,46.27894423419559,54.613477290790875,45.855517881225325,36.454490437526914,47.13750176059817,57.303716241737874,46.09764410084668,50.06093039343869,71.15573829873372,35.73850697325836,39.192487351658656,43.05052896994755,49.533475512110094,33.31619060559903,37.37680041788214,59.19203393387568,43.81493708428228,43.444791411831,55.77179042223703,39.41489481903395,40.996933155787346,43.755240805749054,52.407809421120135,40.283351536169484,45.5209060303526,31.91008635414797,20.573457179993255,32.56636281466328,10.377036486777474,17.926781664454673,21.539863124841208,10.64054373639269,6.131079384793875,9.759498475870725,9.691553810930964,6.20330467843371,2.4639191205099276,11.382824027828535,0.3657812521527995,2.6778485166135306,1.2962249652089126,4.398500059666031,3.9414808746033483,0.6185245368156337,4.573541461268265,0.0,1.21064383270678,1.1197825697859547,0.0,0.0,0.0,0.0,0.0,0.0,0.0,0.0,0.0,0.0
0.0,0.0,0.0,0.0,0.0,0.0,0.0,0.0,0.0,0.0,0.0,0.0,0.0,0.0,0.0,0.0,0.0,0.0,480.1647776705719,765.3778787296396,852.9414699125595,588.326136905486,337.2075218460775,357.1635278605721,0.0,41.67234287014675,45.81613391428694,44.27381636671591,30.037063733357588,47.70674198164113,48.05270400587265,35.316734369533286,56.9416815341673,51.754502108145545,81.20307227701431,37.59931035526895,48.75535218683912,31.31132124551262,48.74703479896156,25.83340476777065,38.81483256981611,25.325603782319085,37.68865309519136,52.12919607292059,42.95086403713726,70.8053780680554,40.45409440661925,77.94396697897157,38.228625246046704,41.35304159736799,41.35421674202804,39.69137017887063,42.120920381267496,47.580153905158085,29.139614069699093,42.402195585649785,35.19887938458014,36.25216497485398,28.142751027860314,26.127822752647308,7.252277565293669,12.222933905350866,18.80097610566648,9.18152545729097,13.71792571084872,5.531814894305919,7.628956399051644,8.659197702739043,1.6811221592354397,6.093497802330914,2.056938681515816,6.4292646762252055,7.360176315704018,3.4534162484110347,4.835030734670777,0.0,0.9691074736128513,0.0,0.0,0.5260979902979107,0.0,0.0,0.0,0.0,0.0,0.0,0.0,0.0,0.0,0.0
0.0,0.0,0.0,0.0,0.0,0.0,0.0,0.0,0.0,0.0,0.0,0.0,0.0,0.0,0.0,0.0,0.0,0.0,481.3204618011227,708.1477691105313,803.1414771478906,728.6337721096838,481.73467808653476,438.656144658038,0.0,28.356743761813245,54.37311564976524,36.70713043562863,39.98702562785866,73.44607189650966,49.486761558737484,46.18258593152646,60.9399497860033,94.9654704851503,91.91644317456378,61.39509189046333,56.16470147304404,64.06353464394864,38.04400490342766,52.970326259076984,41.5660433577084,39.12556701921465,26.06690436185932,53.76142866827264,34.12571621501365,52.793945986936,28.970461832755966,64.28597425877537,55.20783683611561,63.099667634812675,65.86987018945804,50.55850968077601,45.89630959919709,69.48058021342607,41.1570501098979,68.28023391730318,35.47740800470137,39.44287173344281,33.500519678027246,14.459931475965833,9.097131136127933,10.013832311482764,10.500023709483816,17.128760539043203,36.10958125884692,5.462560600397868,9.328255291826274,0.6507403245006705,0.8213472384824051,12.846893332032597,7.480309703300557,5.331481849289586,5.915793101025033,8.264735445704071,15.717359258780125,0.0,0.0,2.7433481694748756,4.083293702428423,5.059215146740798,0.0,0.0,0.0,0.0,0.0,0.0,0.0,0.0,0.0,0.0
0.0,0.0,0.0,0.0,0.0,0.0,0.0,0.0,0.0,0.0,0.0,0.0,0.0,0.0,0.0,0.0,0.0,0.0,426.3355911592509,522.0888228577797,670.3795234390694,735.8863919200305,462.3915743570188,360.79431928838454,0.0,59.788321339939614,56.87893225855869,46.08039594456846,35.7514351601868,37.844891996908075,28.539298516232463,33.14564127804017,40.34059390440619,49.08364940642497,46.657064286576826,53.93639110849246,43.60353736603166,38.94366485072999,56.419123726520695,46.08678981423246,34.78142924076219,43.79341890615176,37.551019398872675,31.644382140391908,35.017484644073654,49.94591782723093,18.77284756564614,34.313614656191774,47.08183325170591,40.85107919884863,58.04967723057413,29.597897616001948,32.91974277997487,47.55479744933984,28.236421739210186,33.06379780940637,36.85980130516393,30.27296373207948,39.50226983939081,15.666817949038352,12.90794136813713,19.014164924532672,11.473474687910036,16.421648115286914,12.165642013235287,1.2897008135858858,10.72483299772103,10.424695562560453,1.0438696964399652,5.798131729905915,2.4788711838567834,2.819178119617437,6.298051780305382,5.158852447470636,8.460565935748214,2.325710005358614,0.2327252774589638,0.19718143488855447,0.8601501897653211,6.41806808564138,0.0,0.0,0.0,0.0,0.0,0.0,0.0,0.0,0.0,0.0
0.0,0.0,0.0,0.0,0.0,0.0,0.0,0.0,0.0,0.0,0.0,0.0,0.0,0.0,0.0,0.0,0.0,0.0,414.3864000996442,447.79203360213694,484.83051740811703,512.8111695482253,318.65627284606165,338.75698510708634,0.0,40.251768187239584,38.679554072928305,24.74700893085675,21.844324513120046,31.66200947206871,42.8853062605437,49.07747492665267,25.36950095575667,43.12750651796305,49.943381418784895,60.79136315591793,28.247474499422744,30.948068297494615,25.662624074751086,40.81552975715937,50.59464459789362,31.412849862127263,27.85189068322878,14.603457165558892,23.366558876982207,47.40012743033877,30.777582873647873,33.798503753118425,37.853096590759016,28.08421900283853,29.007039223414978,25.833593627441985,24.132781292026277,35.06051622580013,20.966100944920424,27.387330296009655,22.761691225167926,17.341427673618696,17.142049694304806,29.76034408650892,12.173289086917025,12.355656725425646,9.46670670448782,6.113847022255622,18.15363360725231,2.279602084769987,6.832719413735984,1.172907140477672,9.021332693371082,15.227683039735457,4.176289612547132,1.295568857259661,2.5659267435424344,2.0886974564994496,3.468122533612858,0.4452642749542801,2.708243311793756,9.589023025245229,0.506180652105768,1.1584941862976277,0.0,0.0,0.0,0.0,0.0,0.0,0.0,0.0,0.0,0.0
0.0,0.0,0.0,0.0,0.0,0.0,0.0,0.0,0.0,0.0,0.0,0.0,0.0,0.0,0.0,0.0,0.0,0.0,218.89884298530507,261.77211621472316,331.23227571179547,376.4609730059339,209.78686591781658,137.7348455652301,0.0,11.15463900024571,8.352928455227428,18.7520560088784,13.38093140327876,23.51341804643946,9.966710609165254,15.718696416479354,19.195459511525083,15.735806288968156,33.45310990093856,5.164170096754486,16.37777819558442,14.530660981714195,11.237280366696385,15.092491007187157,8.209055875584905,18.187608625963684,12.577584797038899,23.221900078530645,37.57016452836767,13.309639852125537,29.368735606715564,15.829719735299175,11.649304514484353,26.685856473675003,13.81913571406842,24.57646981807428,18.717535584402867,10.87716873547196,24.49141317969917,16.696900680523015,4.859756765549974,14.10607691121665,15.01452473872062,9.41924756192152,4.366232200263601,2.418633785948551,7.775270173174495,5.968666395654672,6.43812533031641,1.265923709691014,0.8312121935116472,3.9930563554158067,0.568405185715368,1.3604637805350506,0.0,0.7449012403225412,5.037013338936346,2.3158867034126973,6.736060194272421,2.0453297895407743,0.882385922768215,0.0,0.0,0.0,0.0,0.0,0.0,0.0,0.0,0.0,0.0,0.0,0.0,0.0
0.0,0.0,0.0,0.0,0.0,0.0,0.0,0.0,0.0,0.0,0.0,0.0,0.0,0.0,0.0,0.0,0.0,0.0,255.40934878825777,279.2793572544988,271.3218015615988,345.4654220980407,170.71949052980042,253.07995098131863,0.0,6.056650768177139,17.681246918948926,8.978279141250695,29.314993027497977,24.465368680494024,12.240204621865129,36.40726012767654,25.125636863272486,28.6118875598778,21.994987642797398,15.523292624167727,26.872576564694654,24.653978933811175,7.424274780520655,23.554869335238255,16.685250353020656,28.04057075657507,9.174694233202011,15.670386304299369,15.683057563354852,31.275147377894665,21.406002312183208,15.201230391049302,22.574706138204146,13.164927146624647,12.252223972469267,15.768097734304291,12.643747952996753,27.967529147517617,16.015005680143247,11.659938028172075,17.20011512756703,15.444583243366427,9.287338258540153,4.560548795938374,5.843271429783658,17.659524871388363,12.247970379616318,0.0,4.707862868082175,1.3866281085084795,3.465127394873173,0.0,1.0512502519965028,0.0,0.0,0.9165949835142214,4.947259097487265,5.9017964232041225,4.700234391280751,0.0,1.4162377138168405,0.4040668140765531,0.0,4.905291932967363,0.0,0.0,0.0,0.0,0.0,0.0,0.0,0.0,0.0,0.0
0.0,0.0,0.0,0.0,0.0,0.0,0.0,0.0,0.0,0.0,0.0,0.0,0.0,0.0,0.0,0.0,0.0,0.0,170.06536003402277,322.31921996966526,331.45842910213986,347.10902807912544,180.04986213335337,120.33195657662685,0.0,16.095151965598614,30.36162055712356,3.385203072124594,22.652588961152777,29.576862620162807,21.46983568648904,17.220227401377024,28.738725140196337,16.035944978881517,30.98674895862027,26.77019208226228,12.35594484570085,26.18509464646183,15.191453005190542,17.879022961538276,11.879054274372546,19.56836295244819,14.393605533804234,17.66631807885343,19.569773658395135,25.927455207167068,20.337099788841247,20.84970487543122,15.497791288564349,23.32245213154578,19.265507914100045,29.515804166719423,17.895949800053398,7.761864084424501,5.009199030815393,18.052063914651782,19.075176317371614,7.102265271693526,10.782499544143372,17.339473383737737,4.278871879162195,17.018264119030565,6.41953027325186,8.595589375054903,9.489676924582701,2.934724851544669,6.350737345070659,4.946242004434058,7.870515803367172,1.9324331135565618,2.1101184980137146,10.696754668102308,2.1574155384697464,1.4003091310740339,3.569072620867831,0.456392719305585,0.0,0.0,0.0,0.0,0.0,0.0,0.0,0.0,0.0,0.0,0.0,0.0,0.0,0.0
0.0,0.0,0.0,0.0,0.0,0.0,0.0,0.0,0.0,0.0,0.0,0.0,0.0,0.0,0.0,0.0,0.0,0.0,146.09121535741932,171.83557786585956,285.16621354226646,302.7282940302307,220.00246739489467,253.43155025567108,0.0,23.618688796438313,22.8214695116422,25.213426628076807,17.273763536489078,15.551252864821068,20.797159278269994,14.848711607593906,12.116342393067658,29.485196986505795,25.102659774904453,22.701497103231162,16.956059122818594,20.081657017161604,28.690337413686574,18.131245226095402,17.32478374538342,18.238061860039252,15.113980318492988,20.042187547487014,24.239619602097743,41.63769401570293,25.869107157764024,20.176337836233113,20.345264663121387,10.707920601685935,9.88571217510864,13.493569332173852,11.015403870284299,12.41679770578753,7.704912149506006,9.580894596740835,22.065006588368234,15.85311242750094,6.9539831362474676,23.855414620805888,9.046191436134778,4.102501195520266,3.9701846271135404,3.281654591966621,4.704935074043669,1.1221560306543625,3.442955812995548,0.2423853369901863,5.150057389192918,4.505138700455699,1.5373202052696315,0.0,0.5291508556783356,2.444728966924489,0.27829610613166855,0.0,0.0,0.0,0.0,0.0,0.0,0.0,0.0,0.0,0.0,0.0,0.0,0.0,0.0,0.0
0.0,0.0,0.0,0.0,0.0,0.0,0.0,0.0,0.0,0.0,0.0,0.0,0.0,0.0,0.0,0.0,0.0,0.0,255.77271808464457,303.042469620033,331.55263465467226,347.19409511247096,165.37598595667797,175.633179396133,0.0,16.950653654536687,21.647700360828324,25.268678687669844,19.47740645735793,15.007251153065095,32.66486816609468,41.15087097320487,21.85289690213174,24.82809735385085,27.345799121549693,18.45215558696932,18.982717940891373,17.30173610500623,7.815992184503127,30.455542914530078,27.101197814319,18.57179434777842,7.448854148612481,19.360363136401972,13.02429352290192,35.979550582023194,11.709854558932415,27.55402874053975,15.633204843958325,30.796300735245946,14.42732683280221,12.233784731178549,9.323422469809962,15.60028057818209,19.485568570257286,26.291026721243874,14.47139123487392,18.907305025847048,14.170424959428269,27.849907245980486,7.628753080511338,3.886826015327747,15.501755662852215,8.865037514112249,2.4729916925103876,1.3571595197192272,0.3894769567477858,2.1230047395685756,5.593363505961825,3.3901699242597148,0.880759561256778,3.7077983437016138,8.58877308108521,12.115006674017133,4.870443291398802,0.5788203071827809,0.0,0.0,5.864691664966304,1.0593536910847532,0.0,0.0,0.0,0.0,0.0,0.0,0.0,0.0,0.0,0.0
0.0,0.0,0.0,0.0,0.0,0.0,0.0,0.0,0.0,0.0,0.0,0.0,0.0,0.0,0.0,0.0,0.0,0.0,294.90097136271737,195.9679215356726,225.2176230975388,275.9466408676619,155.8733854895751,139.61563676542477,0.0,13.277336461888044,19.031978933208137,14.560891478381182,8.425122207501591,8.594288281094341,15.637124393738821,18.930777919337267,10.765440676173311,11.551100343518822,10.208477160455868,19.25485979088233,10.189081005773904,13.774244282456852,18.39813083504203,39.26327270546676,7.522250312089987,18.075628797859764,12.764552806982069,13.772218359918158,16.94013433485118,27.51117238619924,6.723593134823057,23.973180083701664,20.352589533647624,12.9016893494867,8.151920092574727,18.502451688103534,4.444653316218076,8.810722801183687,10.097045135664079,12.626734839937804,13.962359311508507,6.6827743401559605,11.015213830141589,5.661679282700309,10.005835072813692,5.3668445939334175,0.0,0.9912554449709599,2.046993597296577,1.3890048498768546,0.0,1.351859271856636,1.264002934702125,1.7829407666433812,0.1901499289716751,0.0,0.0,1.0468362083543057,4.159852156597876,0.0,0.0,0.3419893247792089,0.0,3.741145248372958,0.0,0.0,0.0,0.0,0.0,0.0,0.0,0.0,0.0,0.0
0.0,0.0,0.0,0.0,0.0,0.0,0.0,0.0,0.0,0.0,0.0,0.0,0.0,0.0,0.0,0.0,0.0,0.0,213.83012177504415,235.03379352438617,218.4099139144195,265.0772675332527,129.3690176312527,171.25077562743473,0.0,16.922770190943993,20.337170077334555,14.166507169615112,20.01016556790839,5.448384376081705,23.923352904742163,13.914176610564208,21.221046887274134,16.889621710302382,21.83835728322753,26.9451062951479,5.048553987652351,19.63211655043929,20.692579509965842,23.695335280151866,20.32270098768075,12.563930537323776,16.1533125822672,9.196432810530466,8.642040131274804,31.72965257372683,18.332260021956394,15.107118754772188,22.635643921931717,16.748092372306033,20.116087975028396,5.626986391726705,15.928032763835876,15.384251630644371,17.025299803974022,10.935462941388439,10.053278162089281,11.859654617337561,4.2496757274893735,3.6306344166864566,8.092262725923758,11.314675526519082,5.181586694234293,10.310314064673282,7.4835925427818655,3.3373484161214018,8.024467997838894,0.15966654175509148,4.315487132105058,2.8601405517823486,3.492505143532395,0.0,2.2320775232920442,1.7903785021426735,2.368095403614054,0.0,1.0567998638594078,0.0,0.0,0.08094681868821905,0.0,0.0,0.0,0.0,0.0,0.0,0.0,0.0,0.0,0.0
0.0,0.0,0.0,0.0,0.0,0.0,0.0,0.0,0.0,0.0,0.0,0.0,0.0,0.0,0.0,0.0,0.0,0.0,175.3855581944549,297.58001857297705,422.15174952472546,320.2907296091913,149.77536944409024,68.14911621049711,0.0,28.70855056158174,13.618279304363895,8.287704607069646,20.923542087962407,9.454642643491791,14.365999844155095,24.553696179735535,23.43682815798368,30.099433692936536,11.894666329923654,27.16905055729316,22.75568983129171,18.401116120676978,20.45467272538066,19.453786557280388,24.96885218862935,14.42794943674933,7.037191698591343,15.321506271646527,16.748737494635805,21.16236906921133,7.474759928811827,28.512327782514497,12.47744908094264,10.688756375797855,8.267114103464007,15.308999877753237,20.455365499153494,25.454975100546132,14.520080343981135,14.276650732436448,23.780240450342106,9.136961714207255,9.999582743244716,15.924799189991713,0.0,4.38857208282335,2.816304023572026,5.2475701955952765,2.5525411311865462,3.3153597018615444,2.1897365416085446,0.0,2.882277596165781,3.4626540965967116,0.8032805962283301,6.686703040525973,0.24349771034401427,4.01324053131796,2.6192696695609117,0.0,0.0,1.9983269456302706,0.0,2.7584863160975868,0.0,0.0,0.0,0.0,0.0,0.0,0.0,0.0,0.0,0.0
0.0,0.0,0.0,0.0,0.0,0.0,0.0,0.0,0.0,0.0,0.0,0.0,0.0,0.0,0.0,0.0,0.0,0.0,231.2237210696236,181.31202142758252,245.50910182394688,226.8046982934336,131.8190359679632,194.50434939339578,0.0,18.06889481235497,20.8288440258008,25.756919527936198,8.961636258055304,17.93092740951991,14.719279055045938,21.319237326794266,15.48786911681069,20.42337385281718,23.479225043122316,25.85012263697874,19.385107616428954,20.78854260558567,11.669222371993724,8.959588637845396,16.066539935045483,20.762859748539984,9.833282510618163,16.862728091201284,31.073732732277136,15.257686438713419,10.54844050131107,10.263141466961013,14.597225716323202,8.761154311725653,12.973415395797478,11.46643413984113,14.429684486924474,12.992274184207298,21.456848058642123,18.51659416999385,7.117722533465136,11.602084951567802,2.8859689021163693,12.53546166625544,11.947210938105961,2.5233087943290986,3.9319067000372927,5.739688493533709,9.18799414557856,3.9539728367276186,0.0,1.722740804482229,1.9993057436269424,4.392560987470145,3.156348270463214,3.997939074434378,2.755652341471443,1.4797793671415076,0.0,0.0,0.0,0.0,0.05953016844065146,1.2382770263022969,0.0,0.0,0.0,0.0,0.0,0.0,0.0,0.0,0.0,0.0
0.0,0.0,0.0,0.0,0.0,0.0,0.0,0.0,0.0,0.0,0.0,0.0,0.0,0.0,0.0,0.0,0.0,0.0,265.38344352574006,231.9332720644702,250.347130193272,202.30936204141523,159.72317728990754,180.61327650282774,0.0,30.605097269648134,10.524265155005686,17.115720934034087,24.744662153416268,22.096920325776026,18.236524885766897,13.987785094804028,22.913299759336716,30.62706481203665,30.29229825439849,28.098338411449102,21.163289013737085,12.454227477988397,23.292805511881316,22.13252775509857,8.891535867785652,9.67520084222083,7.290114529895241,15.873061704011427,4.409515090070962,34.20857042601003,17.075195141691914,15.835517490587765,26.39164490267077,19.56212075652666,8.393377465600937,18.44131285776593,21.667164514217383,18.656066192372982,17.079578807279255,17.464421352728596,19.69751158523482,9.44467825593765,11.846130600633288,4.212613317978822,2.319886869541108,8.410380309908676,2.374134219314956,4.576270281801005,2.920169393037981,5.080939223268485,0.0,4.374662869753902,0.0,1.525352423231301,0.5658839393400728,0.0,0.3924531123609404,3.1613983867270736,4.182550058911713,4.241544131852339,0.0,0.0,0.0,1.3241802990511526,0.0,0.0,0.0,0.0,0.0,0.0,0.0,0.0,0.0,0.0
0.0,0.0,0.0,0.0,0.0,0.0,0.0,0.0,0.0,0.0,0.0,0.0,0.0,0.0,0.0,0.0,0.0,0.0,22.63940383154748,72.79819225335757,84.38245506255244,76.57850020423028,50.1284756756142,40.016345162924026,0.0,0.323471133590841,3.649595061789751,0.9016894719675735,7.274440007746645,11.244777004130741,4.779410677569002,2.0561150044492207,5.077058143633193,7.917371540236266,1.0090958186134635,7.906805359370917,2.017862200944243,0.0,0.8564484798751997,5.984774974349572,1.6019750097906218,3.589241965316513,10.347870020977563,7.265422845504544,3.014260875313563,5.997936020729929,2.559962298746015,3.4327237540299738,7.234531988598917,12.744523230405118,10.024695971775738,10.657371608405903,3.4134079005684876,1.445560304581417,2.687623445518922,3.0980604807532766,0.6743084089052266,6.115964600190402,4.090471332335183,5.086271233804619,0.0,0.0,10.142921866934643,1.3621390332163494,0.8982178796101093,0.0,2.206348387850827,2.8349352223780495,0.14582448674927198,0.0,0.0,0.0,0.0,0.7385794879464641,0.0,0.0,0.0,0.0,0.0,0.0,0.0,0.0,0.0,0.0,0.0,0.0,0.0,0.0,0.0,0.0
0.0,0.0,0.0,0.0,0.0,0.0,0.0,0.0,0.0,0.0,0.0,0.0,0.0,0.0,0.0,0.0,0.0,0.0,32.84410443715198,39.32090528079277,27.992791307350494,29.45988822736829,27.794850405307088,13.108862417197471,0.0,12.288034416806756,0.0518601077734795,4.554099673117615,0.5463254907901902,4.931293047041472,0.0,0.8917577186438996,0.1674575286170023,5.8283892904514,0.0,2.94567225739957,0.4824817757929459,11.979541214628535,0.0,0.9484526931035349,0.0,1.8249524364607934,4.41313185438117,2.4183464195325035,7.011780159583897,0.7064144644251515,0.4668044149419348,1.3730835359925149,3.3643027260922045,4.603006960419441,0.0,0.0,0.0,9.066689732956334,2.488455842933477,6.670689457837254,1.9667731378409328,0.0,0.6806173927128407,0.3885972365899181,0.0,3.6000340646737596,1.2179763607074683,3.5164065144324677,3.1413931726606017,0.0,1.5348899967683207,0.0,0.0,0.0,0.0,0.0,0.0,0.0,0.0,0.0,0.0,0.0,0.0,0.0,0.0,0.0,0.0,0.0,0.0,0.0,0.0,0.0,0.0,0.0
0.0,0.0,0.0,0.0,0.0,0.0,0.0,0.0,0.0,0.0,0.0,0.0,0.0,0.0,0.0,0.0,0.0,0.0,78.54118029280208,60.95588160710007,36.25378774680194,65.65215350938078,50.491358247016215,45.13408291540999,0.0,3.631840307922741,3.2642919978580456,2.0903446305997893,2.5929222052954195,3.0579259567638815,4.328407137101731,6.208013673156132,0.026913297280281953,13.345908058790675,4.999535228594334,4.1763942417927,4.940328126934203,10.383646893936751,0.7226548587399599,1.4449225378268948,3.633673731293213,1.4571810560675236,2.899605312547643,2.8092326274045702,10.732020285289142,0.9495823039233316,1.1961540186019457,10.802022666813167,4.722122578287189,4.715386683633602,1.9484154091428871,11.453447597965598,0.811227520033706,5.504183486972805,3.625348652746048,5.464007127512524,3.215638348083285,4.325046066754111,0.5132271420037283,5.37926614612487,2.1229767319639548,1.963081508894604,1.0193724897703509,1.9669344350227416,0.0,0.7370386959575955,0.3057215409115423,0.0,0.0,3.0213965745296028,0.0,1.2291835752309448,1.8518904328524664,0.0,0.0,0.0,0.0,1.582976723285615,0.0,1.9253589113571437,0.0,0.0,0.0,0.0,0.0,0.0,0.0,0.0,0.0,0.0
0.0,0.0,0.0,0.0,0.0,0.0,0.0,0.0,0.0,0.0,0.0,0.0,0.0,0.0,0.0,0.0,0.0,0.0,36.049481093805056,61.89765045966459,66.87449371994795,82.16667479267102,62.0096162199449,47.67902986219566,0.0,12.748535820280917,4.170334660508856,5.696838286237197,5.287066507924643,1.6428308217015783,7.242432810413399,10.06620069107516,6.3761022852943885,3.054291297213741,5.8523355769027345,2.365470315738386,5.814382898828999,4.725903245162549,6.954015087832967,6.978483614507291,3.263766006468133,7.749481936680561,3.9736628998930654,10.471885432121748,5.4369402212142655,3.1439571916362086,1.4952994398289736,1.642073714566828,1.2627279312059676,8.669105736093137,1.2393978841473272,12.425908969120893,6.215064720598455,4.0348439413543895,3.3721217021013774,4.040333674617133,2.0671625152498616,6.048083411928991,4.795819682506934,2.19362572572726,0.6516348921449333,0.0,1.3929617217400347,0.0,0.0,0.0,0.0,0.0,1.1172702732355846,1.708887721081498,0.0,0.41608344212628356,0.08172627858499164,1.9528030821585938,0.1640906733759042,0.0,0.0,0.0,0.0,0.7364639310703684,0.0,0.0,0.0,0.0,0.0,0.0,0.0,0.0,0.0,0.0
0.0,0.0,0.0,0.0,0.0,0.0,0.0,0.0,0.0,0.0,0.0,0.0,0.0,0.0,0.0,0.0,0.0,0.0,43.93675676292614,82.76050507531195,113.94974878174669,80.03759971070966,90.07909700676153,42.527630274519105,0.0,6.753295153868635,1.7500319011666472,1.3893182333255303,5.521684170752662,11.157300994270985,2.979441262848447,1.0885994388752143,8.244895400019418,3.5851061870364807,4.70896046484509,3.9195803301350356,7.8120480456922206,5.02883733068656,9.149334465807343,10.581929922655883,3.462983370028488,7.401017865428104,8.03085024750953,4.88456463285775,7.19824058232713,4.249545347414993,8.485082732237956,6.171210614738258,2.86840814786256,1.9334596476152364,3.2558141815690456,1.8243426034924892,4.262067856452758,8.426979149144678,5.418799496664765,4.116408000758769,14.816723100423902,0.0,2.1065944613278074,9.263293711895153,0.929728207257048,4.236749892525948,1.4935446978759008,2.1515345942766992,0.21867785918927518,1.235137334580318,0.0,0.0,1.607462253288896,0.0,3.498490554437767,0.4698341453271695,0.0,0.0,0.0,0.0,0.0,2.344825373915316,0.37474125271880254,0.0,0.0,0.0,0.0,0.0,0.0,0.0,0.0,0.0,0.0,0.0
0.0,0.0,0.0,0.0,0.0,0.0,0.0,0.0,0.0,0.0,0.0,0.0,0.0,0.0,0.0,0.0,0.0,0.0,0.0,0.0,0.0,0.0,0.0,0.0,0.0,0.0,0.0,0.0,0.0,0.0,0.0,0.0,0.0,0.0,0.0,0.0,0.0,0.0,0.0,0.0,0.0,0.0,0.0,0.0,0.0,0.0,0.0,0.0,0.0,0.0,0.0,0.0,0.0,0.0,0.0,0.0,0.0,0.0,0.0,0.0,0.0,0.0,0.0,0.0,0.0,0.0,0.0,0.0,0.0,0.0,0.0,0.0,0.0,0.0,0.0,0.0,0.0,0.0,0.0,0.0,0.0,0.0,0.0,0.0,0.0,0.0,0.0,0.0,0.0,0.0
0.0,0.0,0.0,0.0,0.0,0.0,0.0,0.0,0.0,0.0,0.0,0.0,0.0,0.0,0.0,0.0,0.0,0.0,0.0,0.0,0.0,0.0,0.0,0.0,0.0,0.0,0.0,0.0,0.0,0.0,0.0,0.0,0.0,0.0,0.0,0.0,0.0,0.0,0.0,0.0,0.0,0.0,0.0,0.0,0.0,0.0,0.0,0.0,0.0,0.0,0.0,0.0,0.0,0.0,0.0,0.0,0.0,0.0,0.0,0.0,0.0,0.0,0.0,0.0,0.0,0.0,0.0,0.0,0.0,0.0,0.0,0.0,0.0,0.0,0.0,0.0,0.0,0.0,0.0,0.0,0.0,0.0,0.0,0.0,0.0,0.0,0.0,0.0,0.0,0.0
0.0,0.0,0.0,0.0,0.0,0.0,0.0,0.0,0.0,0.0,0.0,0.0,0.0,0.0,0.0,0.0,0.0,0.0,0.0,0.0,0.0,0.0,0.0,0.0,0.0,0.0,0.0,0.0,0.0,0.0,0.0,0.0,0.0,0.0,0.0,0.0,0.0,0.0,0.0,0.0,0.0,0.0,0.0,0.0,0.0,0.0,0.0,0.0,0.0,0.0,0.0,0.0,0.0,0.0,0.0,0.0,0.0,0.0,0.0,0.0,0.0,0.0,0.0,0.0,0.0,0.0,0.0,0.0,0.0,0.0,0.0,0.0,0.0,0.0,0.0,0.0,0.0,0.0,0.0,0.0,0.0,0.0,0.0,0.0,0.0,0.0,0.0,0.0,0.0,0.0
0.0,0.0,0.0,0.0,0.0,0.0,0.0,0.0,0.0,0.0,0.0,0.0,0.0,0.0,0.0,0.0,0.0,0.0,0.0,0.0,0.0,0.0,0.0,0.0,0.0,0.0,0.0,0.0,0.0,0.0,0.0,0.0,0.0,0.0,0.0,0.0,0.0,0.0,0.0,0.0,0.0,0.0,0.0,0.0,0.0,0.0,0.0,0.0,0.0,0.0,0.0,0.0,0.0,0.0,0.0,0.0,0.0,0.0,0.0,0.0,0.0,0.0,0.0,0.0,0.0,0.0,0.0,0.0,0.0,0.0,0.0,0.0,0.0,0.0,0.0,0.0,0.0,0.0,0.0,0.0,0.0,0.0,0.0,0.0,0.0,0.0,0.0,0.0,0.0,0.0
0.0,0.0,0.0,0.0,0.0,0.0,0.0,0.0,0.0,0.0,0.0,0.0,0.0,0.0,0.0,0.0,0.0,0.0,0.0,0.0,0.0,0.0,0.0,0.0,0.0,0.0,0.0,0.0,0.0,0.0,0.0,0.0,0.0,0.0,0.0,0.0,0.0,0.0,0.0,0.0,0.0,0.0,0.0,0.0,0.0,0.0,0.0,0.0,0.0,0.0,0.0,0.0,0.0,0.0,0.0,0.0,0.0,0.0,0.0,0.0,0.0,0.0,0.0,0.0,0.0,0.0,0.0,0.0,0.0,0.0,0.0,0.0,0.0,0.0,0.0,0.0,0.0,0.0,0.0,0.0,0.0,0.0,0.0,0.0,0.0,0.0,0.0,0.0,0.0,0.0
0.0,0.0,0.0,0.0,0.0,0.0,0.0,0.0,0.0,0.0,0.0,0.0,0.0,0.0,0.0,0.0,0.0,0.0,0.0,0.0,0.0,0.0,0.0,0.0,0.0,0.0,0.0,0.0,0.0,0.0,0.0,0.0,0.0,0.0,0.0,0.0,0.0,0.0,0.0,0.0,0.0,0.0,0.0,0.0,0.0,0.0,0.0,0.0,0.0,0.0,0.0,0.0,0.0,0.0,0.0,0.0,0.0,0.0,0.0,0.0,0.0,0.0,0.0,0.0,0.0,0.0,0.0,0.0,0.0,0.0,0.0,0.0,0.0,0.0,0.0,0.0,0.0,0.0,0.0,0.0,0.0,0.0,0.0,0.0,0.0,0.0,0.0,0.0,0.0,0.0
0.0,0.0,0.0,0.0,0.0,0.0,0.0,0.0,0.0,0.0,0.0,0.0,0.0,0.0,0.0,0.0,0.0,0.0,0.0,0.0,0.0,0.0,0.0,0.0,0.0,0.0,0.0,0.0,0.0,0.0,0.0,0.0,0.0,0.0,0.0,0.0,0.0,0.0,0.0,0.0,0.0,0.0,0.0,0.0,0.0,0.0,0.0,0.0,0.0,0.0,0.0,0.0,0.0,0.0,0.0,0.0,0.0,0.0,0.0,0.0,0.0,0.0,0.0,0.0,0.0,0.0,0.0,0.0,0.0,0.0,0.0,0.0,0.0,0.0,0.0,0.0,0.0,0.0,0.0,0.0,0.0,0.0,0.0,0.0,0.0,0.0,0.0,0.0,0.0,0.0
0.0,0.0,0.0,0.0,0.0,0.0,0.0,0.0,0.0,0.0,0.0,0.0,0.0,0.0,0.0,0.0,0.0,0.0,0.0,0.0,0.0,0.0,0.0,0.0,0.0,0.0,0.0,0.0,0.0,0.0,0.0,0.0,0.0,0.0,0.0,0.0,0.0,0.0,0.0,0.0,0.0,0.0,0.0,0.0,0.0,0.0,0.0,0.0,0.0,0.0,0.0,0.0,0.0,0.0,0.0,0.0,0.0,0.0,0.0,0.0,0.0,0.0,0.0,0.0,0.0,0.0,0.0,0.0,0.0,0.0,0.0,0.0,0.0,0.0,0.0,0.0,0.0,0.0,0.0,0.0,0.0,0.0,0.0,0.0,0.0,0.0,0.0,0.0,0.0,0.0
0.0,0.0,0.0,0.0,0.0,0.0,0.0,0.0,0.0,0.0,0.0,0.0,0.0,0.0,0.0,0.0,0.0,0.0,0.0,0.0,0.0,0.0,0.0,0.0,0.0,0.0,0.0,0.0,0.0,0.0,0.0,0.0,0.0,0.0,0.0,0.0,0.0,0.0,0.0,0.0,0.0,0.0,0.0,0.0,0.0,0.0,0.0,0.0,0.0,0.0,0.0,0.0,0.0,0.0,0.0,0.0,0.0,0.0,0.0,0.0,0.0,0.0,0.0,0.0,0.0,0.0,0.0,0.0,0.0,0.0,0.0,0.0,0.0,0.0,0.0,0.0,0.0,0.0,0.0,0.0,0.0,0.0,0.0,0.0,0.0,0.0,0.0,0.0,0.0,0.0
0.0,0.0,0.0,0.0,0.0,0.0,0.0,0.0,0.0,0.0,0.0,0.0,0.0,0.0,0.0,0.0,0.0,0.0,0.0,0.0,0.0,0.0,0.0,0.0,0.0,0.0,0.0,0.0,0.0,0.0,0.0,0.0,0.0,0.0,0.0,0.0,0.0,0.0,0.0,0.0,0.0,0.0,0.0,0.0,0.0,0.0,0.0,0.0,0.0,0.0,0.0,0.0,0.0,0.0,0.0,0.0,0.0,0.0,0.0,0.0,0.0,0.0,0.0,0.0,0.0,0.0,0.0,0.0,0.0,0.0,0.0,0.0,0.0,0.0,0.0,0.0,0.0,0.0,0.0,0.0,0.0,0.0,0.0,0.0,0.0,0.0,0.0,0.0,0.0,0.0
