8554,7626,6935,6437,6152,6767,5904,5495,5391,5593,5527,5159,4848,4879,6962,6217,6172,7310,8635,8281,9882,9891,10135,10038,10284,9642,9667,9653,9803,9825,10030,9888,10062,10063,10371,9570,9845,9728,9674,9718,9314,9074,9243,9165,9150,8828,8704,8816,8613,8789,8902,8989,8716,8688,8968,6832,6741,6686,6746,6719,6339,6291,6170,6255,6061,3603,3517,3442,3318,3365,4340,4236,4373,4289,4196,2731,2662,2560,2666,2529,2180,2211,2008,1993,2030,1441,1488,1494,1424,1326
7613,6797,6276,5718,5535,6284,5236,5029,4869,5034,4932,4575,4463,4418,6369,5561,5741,6533,7103,7691,9079,8904,9063,9164,9068,8536,8607,8822,8720,8938,9212,9177,8955,9115,9223,8723,8667,8579,8684,8661,8229,8207,8246,8207,7970,7784,7890,7800,7576,7793,7940,8244,7976,7868,8010,6234,6054,6030,5895,6053,5843,5562,5552,5435,5407,3236,3147,3043,3046,2940,3889,3882,3840,3762,3782,2459,2350,2359,2321,2371,1981,1908,1855,1933,1889,1267,1315,1330,1275,1208
6862,6226,5739,5259,5078,5625,4852,4545,4479,4632,4604,4386,4025,4011,5973,5127,5246,5968,6490,6663,8291,8588,8463,8451,8552,7842,7944,7952,8190,8129,8326,8262,8210,8348,8324,8134,7885,8196,8103,8019,7665,7604,7582,7639,7333,7199,7114,7121,6934,7020,7394,7537,7167,7188,7341,5518,5530,5595,5383,5401,5376,5176,5088,4939,5134,2966,2881,2707,2713,2643,3523,3501,3586,3553,3353,2265,2158,2153,2123,2121,1839,1711,1865,1780,1703,1200,1224,1268,1090,1120
6479,5719,5309,5004,4797,5344,4639,4428,4303,4326,4420,3973,3855,3851,5541,4893,5088,5814,6307,6365,7830,8214,7943,8281,8333,7405,7536,7620,7651,7885,7938,8055,7944,7900,8031,7501,7622,7536,7757,7552,7291,7293,7149,7252,7054,6848,6693,6722,6562,6870,7048,7185,7046,6925,6959,5496,5285,5353,5193,5217,5047,4973,4791,4843,4612,2841,2801,2643,2633,2615,3396,3394,3491,3445,3373,2145,2101,2054,2079,1949,1692,1572,1670,1627,1676,1116,1132,1261,1072,1075
6223,5715,5046,4777,4628,5340,4531,4269,4092,4271,4315,3944,3773,3727,5266,4788,4911,5612,6241,6194,7751,7860,8038,8026,8073,7481,7482,7548,7440,7711,7742,7986,7681,7765,7833,7648,7459,7547,7577,7372,6977,7069,6896,7045,7029,6726,6642,6740,6606,6585,6681,6856,6609,6730,6907,5235,5116,5181,5152,5451,5018,4848,4727,4719,4568,2740,2688,2631,2602,2530,3278,3243,3360,3335,3220,2168,2112,2058,1988,1961,1613,1647,1595,1578,1584,1115,1140,1165,1072,1072
6915,6111,5712,5356,5242,5832,4934,4673,4565,4866,4859,4465,4144,4130,6044,5156,5298,6106,6699,6856,8182,8370,8695,9065,9006,8194,8282,8242,8373,8335,8612,8513,8521,8448,8747,8298,8481,8112,8232,8073,7787,7689,7827,7622,7674,7405,7387,7390,7045,7293,7552,7701,7411,7657,7292,5893,5822,5721,5656,5686,5502,5313,5331,5154,5172,3061,3040,2907,2731,2778,3593,3645,3685,3631,3628,2300,2287,2173,2215,2169,1913,1826,1705,1748,1845,1278,1246,1253,1194,1106
5943,5402,4795,4674,4543,5008,4239,4171,3933,4178,4132,3814,3610,3515,5319,4514,4712,5516,5867,6084,7380,7349,7453,7710,7852,7164,7136,7124,7230,7256,7537,7367,7594,7520,7587,7198,7177,7269,7176,7117,6784,6726,6908,6836,6648,6309,6498,6377,6185,6132,6607,6659,6446,6472,6514,5123,4892,5044,4946,4972,4847,4544,4531,4455,4442,2663,2579,2529,2400,2406,3078,3096,3139,3109,3075,1963,1921,1903,1863,1829,1605,1501,1450,1542,1493,1010,1002,1070,1013,1056
5597,5026,4556,4408,4318,4802,4204,4002,3893,3950,4071,3613,3506,3516,4925,4488,4441,5303,5638,5876,7186,7276,7354,7356,7429,7024,6797,7024,7033,7129,7185,7187,7176,7116,7132,6862,6838,6978,6875,6946,6599,6675,6357,6561,6211,6171,6105,6172,5908,5929,6300,6314,6302,6052,6190,4870,4714,4763,4685,4837,4623,4459,4493,4374,4242,2471,2368,2392,2378,2332,2962,3067,3064,3103,3075,1942,1916,1822,1828,1764,1427,1440,1467,1463,1413,967,1063,1051,964,906
5414,5051,4631,4413,4205,4683,4061,3850,3772,3887,3937,3562,3456,3416,4823,4295,4521,5232,5745,5955,7017,7039,7104,7184,7349,6526,6621,6669,6726,6925,7002,6994,7067,6974,7111,6771,6603,6755,6715,6814,6216,6275,6298,6339,6545,6020,6044,5874,5737,5813,6215,6297,5860,6110,6286,4690,4887,4614,4587,4576,4448,4340,4352,4248,4157,2445,2413,2409,2389,2346,2934,2966,2991,2992,2970,1817,1851,1819,1767,1822,1489,1355,1510,1421,1403,1008,1004,1005,952,942
5556,5036,4718,4324,4277,4834,4050,3872,3796,4028,4025,3605,3523,3578,5007,4373,4555,5275,5970,5943,7398,7320,7467,7708,7586,6665,6849,7016,6874,7095,7331,7276,7174,7313,7326,7096,7029,7042,6960,6954,6715,6627,6551,6627,6352,6127,6260,6157,6058,6246,6367,6413,6295,6418,6177,4916,4939,4903,4736,4746,4598,4564,4530,4645,4668,2567,2566,2496,2418,2417,3022,3125,3096,3065,2933,1913,1876,1856,1865,1761,1552,1427,1542,1540,1529,997,1058,1035,1033,873
5586,4910,4537,4288,4322,4782,4217,4043,3916,4063,3892,3689,3547,3481,5216,4336,4614,5242,5801,5958,6948,7204,7248,7466,7578,6733,6821,6935,7198,7250,7345,7343,7214,7342,7369,6855,7118,7274,7010,7021,6694,6706,6624,6646,6405,6242,6391,6163,6095,6126,6498,6443,6289,6335,6291,4923,4826,4915,4886,4908,4830,4551,4431,4495,4498,2607,2578,2445,2501,2357,3135,3086,3160,3097,3067,1908,1972,1964,1822,1813,1555,1488,1514,1463,1494,964,1059,1011,981,979
5158,4590,4216,3988,4036,4407,3818,3604,3581,3604,3717,3386,3246,3267,4698,3944,4184,4829,5389,5539,6717,6758,6848,6984,7070,6217,6379,6400,6450,6746,6750,6742,6893,6798,6795,6552,6343,6460,6496,6410,6169,6195,6160,6023,6081,5732,5749,5685,5631,5620,5858,6102,5736,5781,5748,4476,4398,4307,4384,4469,4285,4203,4210,4205,4056,2491,2397,2229,2143,2136,2959,2798,2920,2882,2837,1869,1726,1755,1684,1694,1424,1428,1334,1396,1383,899,998,958,888,870
4854,4443,3972,3914,3705,4246,3647,3486,3425,3627,3498,3249,3102,3065,4449,3918,4083,4704,5277,5288,6346,6615,6662,6897,6723,6213,6095,6122,6232,6145,6414,6412,6401,6414,6576,6254,6220,6195,6234,6235,5802,5898,5971,5804,5773,5522,5544,5435,5459,5467,5766,5830,5550,5546,5574,4415,4300,4199,4231,4233,4136,4049,3981,3951,3939,2380,2348,2313,2150,2073,2685,2719,2790,2743,2812,1683,1593,1749,1639,1554,1356,1311,1346,1281,1317,864,1030,919,919,852
4808,4378,3991,3811,3856,4109,3624,3433,3398,3568,3398,3283,3131,3124,4381,3912,4213,4724,5441,5609,6479,6889,6856,6905,6991,6048,6151,6050,6163,6274,6433,6556,6561,6491,6445,6336,6260,6174,6149,6312,5887,5918,6075,5924,5816,5567,5476,5664,5598,5476,5608,5714,5633,5553,5769,4459,4294,4350,4211,4328,4233,3944,4083,3968,3865,2243,2341,2309,2279,2130,2683,2782,2848,2807,2784,1806,1687,1700,1690,1667,1413,1362,1280,1456,1347,889,912,902,887,897
7133,6333,5838,5505,5479,5971,5236,4963,4921,5194,4963,4670,4531,4490,6484,5888,5924,6938,7795,8014,9563,9642,9767,10034,9983,8762,8823,8813,8984,9248,9302,9229,9293,9174,9340,8909,8869,8971,8986,8881,8520,8479,8554,8461,8265,7903,7841,7939,7721,7743,8130,8319,7992,7887,8031,6139,6192,6204,6007,6120,6045,5724,5724,5765,5545,3357,3276,3243,3172,3128,4009,4065,4100,3995,3976,2521,2400,2502,2509,2331,1990,1940,1850,1953,1974,1331,1403,1453,1304,1266
6060,5606,4985,4828,4684,5219,4508,4453,4276,4467,4413,3961,3844,3965,5734,5151,5465,6422,7397,7711,9115,9333,9253,9526,9696,8257,8266,8420,8382,8327,8613,8829,8548,8920,8735,8255,8247,8393,8454,8467,8067,7858,8000,7969,7903,7596,7713,7614,7329,7473,7741,8034,7759,7561,7746,6043,6035,6064,5971,5803,5822,5739,5691,5528,5438,3400,3367,3156,3253,3107,4269,3994,4177,4287,4063,2634,2519,2507,2395,2345,2159,1979,2026,1990,1977,1266,1405,1404,1377,1235
6302,5807,5370,5175,4877,5301,4590,4437,4454,4601,4623,4222,4023,4168,5948,5420,5734,6479,7914,8029,9368,9670,9765,9827,10071,8503,8457,8645,8667,8888,8761,8739,8957,8774,9154,8654,8713,8698,8662,8691,8196,8018,8397,8191,7990,7824,7794,7676,7606,7708,8080,8260,7860,7813,7890,6190,6186,6061,6016,5938,5929,5801,5638,5662,5695,3430,3359,3385,3229,3267,4436,4438,4484,4309,4193,2618,2692,2544,2500,2458,2113,2005,1944,2165,2072,1424,1440,1442,1371,1298
7434,6604,5948,5667,5592,6145,5452,5241,5166,5280,5367,4916,4653,4609,7047,6239,6594,7851,9082,9307,11203,11021,11411,11463,11601,9852,9916,10082,10040,9977,10375,10254,10063,10375,10435,9780,9835,10107,9906,9978,9508,9558,9665,9467,9409,9121,8957,8982,8772,8926,9166,9383,9213,9211,9326,7131,7151,7000,6988,6901,6750,6784,6577,6490,6376,3936,3880,3899,3788,3849,4949,5156,5260,5004,4878,3106,2988,2994,2860,2796,2425,2334,2356,2389,2288,1546,1662,1640,1526,1525
8644,7007,6597,6207,6225,6665,5940,5899,5730,6110,5859,5464,5308,5442,7791,7517,7804,9083,15806,16058,19375,19693,19604,19810,20158,15764,15801,16154,16212,16315,16494,16327,16604,16608,16520,15732,15908,15869,15888,15905,15175,15110,14850,15052,14807,14385,14697,14496,14269,14438,15285,15433,15147,15039,15074,11819,11646,11512,11442,11658,11353,10854,11030,10913,10693,6921,6635,6697,6520,6407,8666,8619,8885,8691,8801,5367,5298,5149,5190,5082,4308,4088,4142,4249,3961,2811,2968,2869,2797,2666
8264,7724,6661,6411,6503,6793,6100,5913,5847,6028,6025,5497,5218,5621,7995,7656,8080,9239,16095,16656,19757,19767,20213,20059,20601,16258,16568,16594,16781,16832,17036,17147,17022,17328,17404,16497,16446,16464,16294,16232,15417,15594,15708,15493,15548,14956,15326,15354,14845,14915,15722,15859,15492,15582,15522,12227,12204,12165,11956,12190,11763,11322,11432,11240,11096,7138,6982,6881,6722,6471,8937,8999,9236,9076,8924,5455,5403,5460,5318,5056,4511,4255,4256,4385,4224,2911,3043,2934,2992,2798
9957,8971,8247,7803,7747,8268,7137,7154,7022,7226,6970,6636,6463,6651,9710,8991,9526,11111,19224,19729,23769,23766,24004,24357,24444,19875,19409,19985,19790,20090,20268,20096,20168,20503,20451,19450,19424,19451,19565,19457,18665,18675,18453,18391,18438,17688,17983,17835,17527,17691,18786,18747,18240,18253,18493,14523,14367,14185,13954,14187,13867,13151,13543,13218,13347,8446,8264,8172,7953,7691,10704,10737,10562,10686,10639,6620,6524,6268,6280,6150,5244,5115,4970,5063,4908,3378,3472,3594,3387,3328
9877,8962,8545,8194,7823,8421,7348,7117,7165,7544,7234,6686,6488,6720,9742,9307,9513,11017,19507,20000,23596,23825,24031,24169,24664,19995,19765,20159,19879,20391,20505,20598,20447,20781,20747,19763,19743,19435,19597,19946,18926,18737,18803,18675,18975,18102,17949,17992,17748,17949,18803,18991,18732,18553,18608,14841,14612,14612,14336,14587,14102,13698,13691,13422,13311,8677,8331,8244,8224,7968,10844,10601,11071,10862,10903,6632,6601,6532,6348,6206,5440,5159,5090,5178,5151,3551,3650,3605,3472,3444
9979,9205,8512,8159,8091,8625,7318,7338,7191,7369,7336,6761,6683,6891,9740,9336,9837,11486,19611,19980,23945,24050,24424,24785,24960,20274,20049,20524,20667,20939,20729,20961,21179,20986,21127,19985,20106,19974,19989,20143,19256,18969,19227,19163,18866,18363,18721,18728,18341,18628,19080,19620,19419,18939,19133,15124,14908,14998,14926,14852,14450,14198,14092,13956,13638,8848,8587,8374,8367,8174,11189,11231,11280,11216,11017,6721,6748,6533,6701,6507,5486,5252,5190,5367,5175,3620,3745,3729,3626,3588
10236,9099,8464,8178,8070,9132,7696,7417,7410,7667,7444,6995,6761,6713,9950,9375,9944,11450,19832,20370,24081,24213,24888,25100,25448,20681,20609,20953,20916,21235,20977,21350,21108,21262,21152,20358,20364,20234,20532,20510,19540,19223,19325,19384,19358,18559,18977,18961,18518,18366,19622,19519,19317,19311,19358,15235,14959,15026,14966,14954,14543,13953,14006,14081,13738,8855,8502,8723,8322,8289,11103,11071,11285,10938,11181,6918,6689,6758,6580,6395,5462,5318,5274,5350,5246,3644,3683,3727,3686,3652
10306,9386,8623,8416,8265,8844,8051,7431,7245,7499,7582,6912,6829,6977,10148,9615,10050,11793,20136,20547,24639,24605,24920,25072,25622,20794,20602,21137,21138,21282,21472,21729,21877,21705,21912,20711,20653,20917,21013,20758,19713,19700,19753,19739,19500,19363,19279,19122,18959,18810,19802,20281,19780,19646,19761,15409,15536,15336,15163,15304,15027,14340,14484,14021,14207,9245,8832,8804,8730,8354,11298,11386,11489,11307,11253,7037,6795,6896,6855,6556,5596,5566,5350,5442,5348,3676,3799,3765,3708,3706
9572,8424,7788,7528,7320,8104,7069,6999,6617,6715,6724,6297,6037,5964,8844,8258,8437,9755,15983,16659,19628,20064,20302,20709,20955,20159,20158,20106,20282,20488,20901,20914,20832,21103,21216,20106,19838,20131,19854,19655,18676,18746,18627,18814,18653,18285,18786,18350,18327,18214,19380,19381,19415,18718,19001,15251,15176,14874,14759,15082,14360,14238,14245,14020,13730,8916,8654,8538,8459,8230,10996,10790,11057,10960,10860,6812,6694,6579,6562,6338,5503,5431,5075,5407,5208,3631,3665,3647,3704,3507
9717,8678,7977,7531,7408,8276,7128,6809,6587,6718,6913,6356,6049,6097,8638,8168,8429,9833,16042,16385,19714,19900,20010,20602,21042,20009,20201,20663,20467,20819,21203,21085,20958,21090,21183,19719,20070,20313,20089,19899,18871,18956,18758,18633,18551,18494,18427,18315,18232,18409,19331,19356,18963,18947,18976,15479,15451,15110,15185,15219,14610,13964,14147,14003,13613,8950,8619,8722,8501,8095,10837,10786,11019,10817,10978,6854,6780,6504,6537,6329,5556,5288,5328,5332,5195,3683,3735,3559,3657,3469
9659,8907,7839,7706,7516,8179,7264,6946,6762,7040,7025,6317,6217,6036,8783,8566,8678,9975,16216,16700,20091,20351,20516,20737,20987,20234,20360,20708,20755,20927,21068,20981,21081,21262,21421,20154,20240,20482,20303,20139,19082,18661,18840,18915,19026,18287,18559,18729,18220,18730,19325,19518,19304,19063,19270,15490,15712,15450,15025,15357,14767,14482,14157,13908,13814,9098,8828,8767,8392,8251,11215,10864,11141,11122,11043,6974,6836,6603,6706,6520,5606,5308,5247,5370,5223,3713,3728,3858,3674,3631
9815,8781,8172,7832,7539,8368,7250,6897,6628,7055,7369,6463,6220,6184,8852,8504,8510,9939,16192,16566,20012,20224,20452,20829,21205,20371,20652,21072,20978,21028,20989,21185,21282,21376,21184,19949,20561,20391,20521,20265,19015,19196,19302,18962,18892,18692,18843,18920,18675,18728,19596,19894,19568,19462,19362,15582,15509,15167,15540,15182,14684,14125,14266,14068,14018,9094,8865,8733,8689,8436,11325,10810,11322,11107,11071,6918,6852,6795,6740,6353,5461,5433,5358,5460,5203,3753,3814,3803,3687,3536
9821,8919,8277,7705,7687,8465,7270,7092,6943,7024,7336,6706,6229,6307,9013,8518,8891,9941,16421,16830,20236,20501,20778,21096,21497,20628,20513,20728,20838,21716,21435,21447,21824,21495,21544,20359,20580,20788,20559,20620,19133,19313,19369,19180,19245,19038,19052,19227,18817,18944,19744,20075,19431,19525,19790,15536,15465,15494,15476,15443,15022,14605,14603,14477,13982,9090,8874,8938,8428,8426,11261,11219,11387,11372,11195,6911,7034,6696,6768,6679,5658,5431,5390,5461,5526,3808,3844,3819,3795,3586
9992,9194,8253,7896,7750,8575,7461,7118,6946,7330,7280,6742,6512,6358,9342,8792,9007,10318,16263,16957,20361,20301,21048,20793,21625,20728,21146,21054,21309,21611,21776,21895,22020,21990,21993,20873,20651,21202,21222,20941,19339,19553,19687,19497,19136,19123,19216,19001,18675,18946,19953,19964,19451,19732,19467,15938,15744,15747,15382,15804,15332,14643,14618,14296,14164,9203,9139,9017,8904,8555,11403,11071,11536,11327,11374,7153,6916,6742,6771,6619,5705,5438,5510,5418,5362,3756,3845,3885,3577,3528
9981,9041,8295,7938,7848,8568,7558,7199,6893,7275,7191,6775,6499,6521,9282,8689,8737,10102,16293,17083,20137,20684,20975,21177,21676,20977,20706,20915,21323,21450,22151,21716,22085,22431,22101,20855,20989,21159,20877,20988,19675,19551,19626,19594,19608,18957,19533,19065,18687,19059,19894,20316,19744,19601,19962,15871,15983,15911,15626,15684,15073,14793,14669,14638,14313,9304,8976,8840,8667,8486,11219,11118,11261,11392,11076,7088,7060,6946,6954,6525,5756,5439,5315,5532,5221,3669,3763,3825,3629,3677
9990,8911,8125,7983,7759,8488,7506,7168,7075,7254,7275,6725,6361,6591,9174,8584,8868,10409,16495,17007,20225,20517,21209,21097,21607,20621,20937,21026,21312,21613,22146,21646,22328,22203,22255,21208,21095,21379,21305,20806,19837,19614,19712,19649,19458,18994,19290,19098,18732,18909,19932,20035,19612,19838,19660,16052,15697,15688,15593,15956,15422,14836,14626,14579,14378,9471,9246,9045,8794,8907,11397,11456,11363,11307,11100,7052,6843,6907,6852,6747,5737,5568,5455,5626,5337,3735,3838,3921,3759,3603
10011,9036,8351,7862,7984,8451,7405,7168,7018,7353,7346,6700,6374,6579,9410,8835,9031,10382,16565,17410,20153,20617,21103,21187,21446,20880,21125,21508,21574,21533,22140,22228,22360,22509,22917,21137,21564,21254,21321,20984,19826,19869,19787,19664,19577,19053,19598,19226,18951,19263,20003,20385,20079,19641,19811,16107,15902,15795,15838,15787,15526,14845,14859,14721,14365,9373,9113,9032,8935,8548,11338,11463,11601,11369,11212,7152,7144,6852,6941,6732,5735,5660,5591,5576,5342,3793,3967,3784,3795,3580
10152,9327,8445,8113,7760,8510,7527,7129,7152,7411,7318,6855,6450,6633,9443,8795,9107,10584,16430,17415,20407,20837,20952,21484,22068,21117,20921,21578,21244,21767,22253,22462,22199,22731,22640,21207,21465,21623,21486,21354,19855,19960,20068,19748,19754,19238,19743,19467,19220,19352,20205,20227,19956,19982,19926,16387,16227,15973,15888,15894,15528,15194,15062,14875,14536,9675,9333,9079,8969,8851,11594,11650,11816,11396,11293,7166,7108,6908,7006,6570,5854,5649,5435,5625,5505,3909,3954,3944,3829,3684
9603,8655,8131,7703,7574,8434,7231,6972,6802,7009,7036,6554,6333,6383,9156,8257,8735,9954,15761,16332,19375,19783,19856,20400,20643,19845,19760,20085,20349,20343,20823,20944,21113,21306,21208,20313,20634,20686,20326,20154,19098,18994,19010,18980,18818,18409,18642,18584,18260,18229,19045,19201,19149,18891,19110,15329,15324,15286,15043,15060,14668,14315,14283,13975,14074,9205,8787,8558,8325,8328,10980,11210,11334,10850,11043,7027,6748,6808,6810,6361,5517,5318,5284,5279,5158,3661,3786,3622,3630,3477
9743,8571,7923,7524,7379,8324,7199,6980,6860,7065,7184,6410,6235,6333,8937,8412,8680,10009,15927,16339,19564,19673,20125,20436,20928,19876,20206,20211,20374,20579,20965,21304,21183,21479,21371,20628,20579,20749,20718,20353,19257,19219,19489,19227,19268,18834,18807,18687,18285,18624,19193,19300,19102,19094,19068,15446,15557,15302,15059,15358,15003,14627,14341,14297,13856,9015,8944,8660,8585,8537,11088,10940,11342,11122,11142,7069,6937,6659,6880,6501,5409,5351,5226,5520,5156,3747,3678,3791,3592,3506
9820,8767,8025,7582,7456,8536,7259,6762,6617,7236,7275,6449,6451,6322,9128,8421,8546,9940,15821,16405,19491,19617,20231,20082,20904,20125,20382,20450,20546,20814,21200,21095,21299,21129,21731,20214,20928,20983,20754,20640,19483,19701,19432,19297,19365,19020,18907,18897,18300,18516,19620,19617,19347,19348,19189,15584,15496,15508,15289,15568,14958,14882,14515,14356,14345,9269,9075,8776,8806,8479,11184,11184,11471,11200,11264,7067,7032,6769,6636,6505,5437,5487,5407,5507,5200,3731,3749,3869,3709,3572
9678,8682,7866,7735,7502,8150,7215,6982,6611,7275,7086,6518,6335,6294,9092,8366,8670,10166,15965,16439,19579,19831,20165,20429,20897,19878,20028,20104,20465,20611,20985,20839,21125,21117,21201,20451,20724,20628,20214,20530,19378,19394,19311,19330,18995,18773,18484,18823,18463,18567,19217,19905,19223,19206,19248,15641,15434,15302,15179,15210,14845,14417,14379,14074,14009,9147,8828,8806,8430,8618,11039,11020,11388,11330,11005,6956,6893,6822,6702,6368,5541,5387,5290,5418,5231,3725,3833,3846,3745,3479
9801,8789,7913,7632,7588,8253,7208,6868,6750,6911,6982,6561,6411,6289,8802,8381,8804,9902,15648,16263,19632,19804,20301,20241,20917,19684,19926,20303,20192,20714,20924,21019,20845,21182,20903,20355,20677,20714,20498,20337,19593,19039,19247,19077,19365,18437,18662,18515,18549,18298,19497,19396,19135,18827,19011,15527,15160,15557,15069,15238,14637,14388,14374,14163,13978,9023,8927,8779,8628,8460,11090,11229,11226,11239,11157,7063,6764,6895,6831,6471,5592,5473,5292,5470,5249,3724,3689,3846,3650,3585
9244,8240,7498,7197,7016,7663,6752,6388,6321,6723,6599,5988,5772,5960,8483,7953,8261,9690,14994,15503,18414,18843,19268,19161,19603,18594,18836,18806,19022,19308,19451,19727,19447,19812,19961,19030,19191,19494,19117,19230,18315,18431,18342,18620,18161,17853,18087,17734,17619,17685,18259,18691,18374,18095,18314,14661,14635,14457,14363,14364,13912,13735,13485,13270,13349,8666,8408,8365,8023,8018,10757,10638,10816,10840,10674,6814,6583,6572,6448,6166,5407,5213,5115,5226,5022,3695,3517,3531,3510,3440
9298,8239,7670,7335,7195,7708,6606,6659,6445,6541,6814,6113,5868,5849,8592,7867,8269,9692,15073,15665,18657,18803,19309,19349,19780,18442,19051,18865,19152,19468,19410,19548,19703,19943,19931,19002,19430,19407,19305,19172,18451,18495,18596,18480,18226,17801,18018,17952,17571,17695,18472,18565,18208,18249,18017,14786,14456,14535,14497,14407,14157,13660,13846,13233,13101,8705,8568,8435,8122,8055,10609,10512,10781,10851,10636,6832,6576,6380,6380,6237,5303,5299,5129,5221,5044,3568,3502,3640,3527,3433
9154,8326,7448,7283,7042,7701,6882,6503,6201,6474,6635,6105,5970,6033,8418,8083,8218,9514,15075,15544,18649,18873,19369,19482,19690,18763,18579,19033,19254,19161,19461,19842,19849,19891,19892,19140,19424,19488,19112,19206,18183,18449,18467,18412,18465,17682,17989,17934,17688,17588,18405,18541,18247,18326,18287,14735,14573,14389,14180,14449,13863,13659,13763,13390,13268,8644,8532,8474,8127,7898,10651,10752,10769,10748,10742,6754,6634,6608,6427,6196,5311,5184,5117,5091,5180,3482,3670,3639,3608,3486
9247,8304,7496,7180,7031,7690,6716,6449,6185,6533,6586,6086,5834,5869,8500,7928,8223,9334,15159,15451,18473,18627,19166,19609,19707,18734,18925,18976,19200,19125,19574,19405,19813,19465,19534,19252,18914,19402,19215,19197,18184,18524,18411,18245,18367,17762,17937,17881,17629,17761,18193,18470,18095,18068,18191,14424,14524,14284,14305,14428,13761,13394,13306,13243,13093,8614,8331,8386,8056,7784,10636,10598,10678,10716,10587,6727,6513,6329,6236,6114,5259,5170,5018,5042,5082,3449,3454,3573,3485,3410
8847,8017,7470,7206,6943,7738,6513,6493,6280,6514,6539,5951,5783,5852,8471,7940,8173,9287,14960,15641,18265,18659,18906,19245,19913,18801,18663,19112,18889,19362,19316,19428,19697,19585,19908,18796,18924,19242,19155,19238,18263,18334,18210,18143,17982,17795,17849,17544,17623,17500,18237,18145,18225,17882,18098,14471,14522,14425,14113,14369,13908,13761,13512,13344,13047,8588,8398,8287,8169,8053,10420,10664,10811,10877,10473,6748,6471,6468,6419,6007,5298,5255,5114,5142,5149,3539,3543,3613,3667,3402
8821,7842,7157,6722,6689,7623,6410,6120,6099,6162,6224,5781,5521,5469,7768,7688,7822,9093,14349,15069,17592,18036,18538,18755,19204,18205,18350,18620,18728,18930,19008,19004,19142,19070,19556,18396,18861,18806,18637,18488,17705,17640,17652,17806,17781,17798,17997,18000,17667,17774,18555,18436,18161,17949,18044,14631,14683,14586,14216,14234,14140,13671,13463,13460,13254,8887,8401,8385,8199,7954,10742,10672,10920,10887,10674,6978,6679,6494,6545,6283,5340,5268,5179,5220,5112,3587,3546,3694,3641,3414
8717,7717,7247,6795,6732,7468,6485,6162,5933,6302,6180,5755,5493,5555,7950,7654,7919,8987,14594,15044,17954,18222,18959,18921,19227,18410,18673,18712,18868,18977,19111,19423,19376,19590,19606,18683,18789,19048,18727,18714,18099,17777,18024,17868,17784,17740,17903,18162,17996,17618,18254,18563,18327,18274,18238,15098,14702,14554,14231,14433,13956,13671,13762,13666,13219,8902,8622,8377,8096,8330,10790,10786,10961,10824,10941,6859,6685,6674,6605,6377,5219,5296,5142,5190,5186,3661,3673,3727,3577,3593
8689,7762,7179,6802,6618,7233,6301,6190,5942,6130,6070,5820,5439,5494,7956,7611,7698,9068,14656,15339,18008,18244,18617,18821,19316,18517,18411,18664,18648,18973,18989,19083,19393,19227,19556,18503,18561,19037,18565,18557,17781,17711,18099,18116,17840,18010,18137,17871,17898,17787,18387,18671,18312,18218,18290,14878,14394,14618,14653,14610,13851,13634,13543,13049,13187,8622,8400,8315,8279,8133,10863,10684,10843,10826,10750,6726,6662,6769,6352,6318,5417,5242,5126,5123,5057,3635,3666,3793,3628,3517
8515,7638,7047,6592,6640,7125,6299,5979,5820,6073,6034,5539,5478,5516,7774,7397,7636,8713,14424,14654,17466,17895,18465,18342,18754,17987,18137,18179,18311,18846,18798,18976,18858,18917,19092,18251,18293,18419,18248,18417,17614,17419,17647,17814,17541,17346,17805,17625,17409,17682,18264,18343,17988,18214,18140,14674,14300,14372,14078,14372,13989,13686,13507,13205,12993,8595,8399,8548,8096,8054,10681,10668,10907,10736,10789,6908,6705,6486,6419,6199,5320,5230,5129,5221,4986,3577,3623,3677,3496,3488
8598,7802,6904,6627,6831,7386,6359,5977,5884,6201,6142,5613,5379,5420,7775,7433,7726,8835,14498,15057,17742,17929,18670,18707,18921,18123,18292,18721,18730,18857,18847,19030,18943,18666,19224,18428,18810,18565,18492,18239,17742,17727,17814,17731,17489,17773,18080,17731,17820,17573,18670,18462,18102,18103,18488,14871,14731,14705,14248,14433,14014,13801,13630,13288,13241,8775,8371,8578,8317,7939,10669,10522,10813,10786,10388,6615,6569,6501,6524,6346,5391,5235,5083,5215,5172,3511,3624,3631,3548,3518
9065,7896,7316,6907,6941,7662,6667,6303,6077,6438,6478,5946,5596,5692,8075,7674,7895,9230,15244,15691,18451,18781,19416,19502,19901,19138,19391,19271,19313,19586,19752,19694,19936,20030,20214,19060,19356,19547,19493,19421,18338,18149,18376,18250,18187,18442,18323,18400,18377,18420,19205,19146,18944,19157,19227,15503,15422,15206,15023,15091,14776,14351,13943,14011,13696,9233,8752,8499,8628,8560,11074,11094,11407,11384,11313,7022,6844,6713,6571,6550,5734,5637,5436,5384,5285,3724,3685,3733,3664,3594
9042,8170,7490,6953,6915,7686,6731,6432,6281,6289,6489,6167,5819,5704,8251,7919,8283,9212,15451,15885,18761,19054,19418,19782,20124,19373,19316,19699,19729,19762,20115,20410,20066,20378,20302,19191,19550,19770,19572,19412,18389,18384,18886,18596,18249,18658,18513,18568,18316,18481,19572,19999,19413,19165,19459,15786,15533,15373,15312,15212,14761,14260,14140,14158,14051,9229,8914,8824,8689,8311,11404,11491,11564,11374,11167,7230,6911,6709,6699,6616,5534,5607,5319,5730,5259,3738,3787,3929,3725,3651
8647,7878,7193,6890,6710,7444,6499,6192,5972,6382,6420,5709,5501,5560,8145,7677,7803,9089,15026,15535,18430,18580,19049,19385,20013,19120,19028,19207,19309,19682,19521,19735,19897,20062,20074,18935,19191,19538,19100,19419,18296,18247,18350,17980,18249,18135,18299,18328,17728,18334,19061,19302,19269,19123,19016,15501,15205,14968,15129,15049,14501,14498,14009,14004,13579,9150,8786,8389,8372,8382,11037,11130,11288,11332,11233,6924,6782,6674,6749,6510,5558,5355,5397,5562,5301,3728,3721,3844,3754,3528
8703,7964,7261,6851,6684,7555,6390,6099,6088,6346,6402,5693,5624,5577,7883,7673,7861,9039,14864,15386,18226,18653,19002,19196,19781,18853,18751,19317,19236,19489,19580,19508,19886,19821,19871,19055,19231,19029,19001,19059,18211,18223,18231,18167,18131,18064,18291,18007,17930,18199,19070,19363,19132,19124,19197,15478,15281,15054,15054,15018,14420,14250,13987,13796,13766,9098,8770,8543,8582,8253,11013,11000,11246,11202,11083,6967,7029,6763,6660,6384,5491,5568,5194,5456,5253,3735,3673,3825,3696,3646
9006,7921,7224,6935,6802,7456,6598,6217,6187,6457,6309,5785,5560,5643,8105,7776,7931,9139,15054,15402,18449,18752,19219,19177,19869,19053,19111,19247,19498,19644,19543,19803,19900,19866,20184,19112,19203,19261,18991,19278,18161,18199,18192,17976,18082,18174,18186,18228,17933,18279,19121,19392,19048,19221,19011,15441,15221,15233,15062,15074,14383,14158,13917,14044,13517,8978,8802,8728,8458,8342,11190,11044,11177,11275,10974,6882,6977,6808,6759,6465,5634,5516,5458,5546,5236,3762,3861,3802,3656,3577
6871,6212,5577,5263,5268,5790,5079,4807,4779,4890,4920,4552,4415,4393,6163,5968,6246,6995,11769,12174,14549,14768,15132,15193,15593,15324,15171,15551,15647,15792,15913,15934,16052,16264,16223,15396,15597,15953,15234,15510,14650,14779,14580,14628,14388,14781,14726,14677,14688,14921,15276,15616,15370,15439,15458,13031,12682,12972,12789,12761,12469,12052,11827,11789,11412,7990,7510,7502,7286,7193,9610,9577,9620,9499,9423,6027,5943,5910,5732,5631,4829,4660,4577,4628,4413,3115,3290,3205,3253,2994
6741,6030,5576,5372,5205,5791,5049,4793,4654,4852,4911,4483,4305,4300,6135,5981,6040,7097,11744,12271,14351,14702,14846,15174,15626,15303,15247,15381,15393,15612,15880,15930,16012,15864,16200,15348,15331,15422,15429,15218,14679,14567,14620,14319,14398,14434,14721,14608,14201,14558,15412,15578,15184,15317,15237,12778,12811,12935,12573,12523,12218,12080,11843,11549,11476,7833,7577,7411,7324,7298,9516,9377,9399,9596,9381,5978,5925,5674,5727,5509,4772,4607,4610,4719,4463,3113,3118,3175,3067,2995
6819,5880,5558,5438,5240,5882,4948,4765,4623,4814,4893,4365,4314,4416,6251,6094,6085,7045,11576,12066,14179,14557,15021,15046,15461,15005,15047,15024,15219,15605,15376,15818,15794,15955,15903,15115,15215,15573,15270,15265,14563,14597,14388,14127,14246,14484,14358,14433,14325,14434,15090,15620,15244,15012,15429,12811,12763,12613,12115,12857,12353,11711,11724,11512,11543,7593,7589,7284,7273,7129,9480,9367,9450,9295,9166,5887,5831,5503,5676,5560,4655,4568,4458,4502,4431,3247,3115,3167,3105,3040
6595,5979,5378,5104,5201,5742,4731,4662,4646,4721,4755,4363,4130,4289,6041,5950,5991,7008,11367,11886,14047,14437,14741,14890,15249,14705,15009,15175,15108,15297,15503,15662,15700,15723,16048,14946,15147,15224,15100,15100,14302,14482,14195,14235,14207,14194,14552,14501,14399,14341,15096,15431,15031,14855,15020,12712,12448,12264,12256,12440,12037,11550,11660,11383,11199,7671,7415,7291,6987,6967,9361,9261,9497,9413,9182,5816,5815,5711,5580,5379,4637,4539,4480,4516,4419,3113,3111,3090,3070,2884
6581,5981,5440,5289,5431,5774,4932,4770,4557,4851,4884,4438,4204,4381,6216,5857,5989,7011,11665,12080,14411,14728,14951,15105,15149,15030,15141,15121,15181,15688,15601,15882,15910,15597,16003,15307,15294,15398,15275,15262,14379,14409,14258,14456,14252,14340,14462,14524,14154,14458,15217,15246,15107,15039,15145,12793,12729,12825,12396,12891,12012,11753,11778,11463,11366,7662,7584,7303,7168,7107,9481,9294,9477,9530,9418,5781,5789,5835,5699,5536,4707,4531,4352,4592,4470,3121,3143,3248,3112,3049
6572,5740,5305,5136,4964,5537,4871,4607,4433,4720,4716,4367,4126,4139,6143,5764,5855,6722,11404,11636,13876,14247,14407,14776,15092,14453,14653,14795,14473,14752,15093,15242,15026,15404,15602,14880,14921,15172,14679,14739,14022,14086,14030,13951,13844,14057,14064,13994,13978,14073,14692,14891,14391,14578,14538,12395,12156,12185,11863,12051,11747,11747,11485,11058,11224,7626,7570,7364,7196,7015,9112,9300,9320,9221,9126,5907,5719,5496,5529,5394,4498,4568,4472,4425,4302,2996,3097,3160,3078,2841
6168,5581,5053,4938,4809,5264,4748,4422,4275,4606,4525,4185,4004,4064,5742,5681,5830,6767,10974,11219,13324,13743,14010,14061,14550,14214,14119,14481,14309,14666,14757,14743,14838,14990,15171,14340,14214,14639,14452,14454,13857,13728,13633,13419,13701,13666,13818,13815,13542,13938,14244,14329,14155,14275,14260,11930,11979,11864,11745,11796,11676,11322,11386,11170,11100,7417,7150,7161,6940,6851,9025,9202,9237,9146,8888,5645,5736,5432,5441,5190,4516,4412,4119,4353,4280,3013,3064,3007,2920,2768
6247,5513,5123,4871,4673,5452,4572,4385,4415,4533,4517,4170,3904,4115,5808,5594,5708,6646,10906,11305,13538,13596,13986,14191,14612,13986,14248,14239,14000,14329,14561,14761,14740,14753,14859,14131,14388,14594,14520,14243,13437,13684,13601,13391,13673,13589,13771,13463,13450,13643,14207,14517,13972,14172,14190,11800,11823,11762,11666,11699,11523,11463,11416,10987,10851,7369,7136,7092,7185,6894,9091,8921,9169,8979,9032,5609,5507,5559,5498,5339,4431,4424,4218,4372,4250,2997,2966,3086,2885,2873
6201,5509,4969,4806,4556,5312,4424,4369,4336,4622,4532,4173,3889,3848,5587,5456,5669,6425,10943,11120,13274,13345,13778,13876,14251,13810,14026,14054,13977,14182,14536,14593,14623,14485,14922,14245,14282,14609,14197,14147,13407,13335,13553,13210,13106,13359,13236,13186,13174,13256,14057,14153,13527,13701,14000,11804,11670,11498,11470,11455,11311,11135,11243,11007,10745,7339,7228,6985,6839,6597,8903,8801,8999,8972,8646,5633,5579,5274,5335,5158,4357,4368,4243,4329,4259,2838,2993,2976,2975,2817
6040,5402,4980,4677,4617,5205,4564,4213,4156,4495,4528,4039,3797,3920,5570,5409,5589,6372,10721,11104,13345,13517,13749,13686,13895,13617,13685,13782,13968,13841,14216,14197,14435,14446,14558,13920,14065,14326,14120,14034,13220,13525,13257,13074,13026,13247,13336,13309,13043,13259,13758,14055,13351,13682,13605,11625,11499,11415,11310,11443,11043,10984,10902,10742,10436,7272,7108,7056,6803,6654,8836,8630,8880,8847,8686,5496,5431,5262,5278,5032,4364,4163,4096,4255,4102,2954,3026,2923,2962,2892
3579,3310,2861,2841,2679,3040,2630,2562,2546,2665,2635,2400,2321,2408,3385,3381,3342,3972,6764,7181,8522,8557,8790,8665,9131,9064,8929,9077,8995,9191,9176,9301,9418,9456,9407,9116,9244,9279,9076,9099,8634,8798,8700,8612,8618,8877,8761,8765,8790,8727,9234,9226,9116,9104,9284,7970,7908,7744,7511,7827,7665,7397,7386,7248,7176,5148,4980,4983,4785,4677,6164,6293,6500,6135,6217,3948,3751,3760,3752,3559,3065,2990,2921,2975,2964,2042,2064,2209,2059,2054
3594,3098,2900,2719,2638,2920,2630,2445,2365,2578,2547,2321,2320,2346,3312,3241,3469,3945,6711,6845,8043,8330,8663,8434,8893,8603,8596,8633,8823,8911,8974,8892,9087,9121,9420,8887,8821,9124,8935,8897,8459,8446,8395,8387,8381,8548,8481,8719,8470,8367,8896,8884,8737,8895,8783,7662,7470,7457,7461,7394,7426,7171,7145,7137,7039,4903,4930,4705,4792,4404,6042,6049,6125,6044,6115,3815,3702,3788,3618,3482,2865,2968,2858,2939,2864,1983,2055,2078,1934,1896
3486,3032,2750,2699,2585,2977,2555,2336,2338,2413,2442,2263,2316,2294,3324,3172,3386,3863,6643,7027,8143,8277,8294,8648,8816,8518,8666,8619,8687,8657,9075,8928,9042,9038,9238,8719,8702,8827,8769,8585,8345,8459,8317,8396,8318,8400,8497,8323,8529,8460,8699,8823,8459,8737,8719,7390,7540,7319,7475,7520,7345,7043,7180,7084,7018,4973,4886,4866,4653,4407,6041,5959,6161,5915,5937,3685,3692,3593,3581,3413,2881,2870,2827,2827,2905,1954,1980,1998,1977,1884
3386,2915,2819,2680,2629,2802,2419,2310,2338,2459,2514,2248,2085,2334,3197,3244,3258,3705,6631,6747,8014,8155,8207,8489,8582,8333,8399,8593,8543,8664,8626,8644,8797,9014,8796,8361,8486,8748,8460,8559,8143,8102,8030,7958,8061,8123,8200,8343,8124,8228,8497,8614,8440,8423,8573,7296,7250,7151,7104,7406,7206,6921,6942,6846,6671,4867,4675,4633,4578,4602,5936,5944,5936,5769,5884,3783,3614,3439,3534,3435,2892,2826,2753,2770,2700,1883,1998,1987,1954,1886
3376,2954,2559,2655,2432,2708,2489,2327,2271,2318,2265,2211,2044,2131,3185,3198,3212,3783,6371,6487,7695,8000,8183,8293,8431,8199,8091,8068,8315,8428,8473,8543,8742,8657,8886,8443,8348,8513,8444,8456,8022,7941,8007,7845,7856,7921,8107,8196,7996,8123,8315,8308,8331,8249,8201,7163,7261,7081,6913,7057,7002,6877,6743,6671,6688,4708,4748,4528,4647,4483,5819,5757,5951,5802,5834,3609,3577,3550,3412,3415,2944,2784,2671,2819,2634,1947,1881,2010,1923,1870
4372,3862,3526,3406,3335,3568,3098,2995,2932,3033,3054,2858,2779,2789,3914,4279,4315,4962,8639,9052,10700,10787,10983,11082,11381,10838,10745,11015,11095,11298,11330,11400,11391,11388,11762,10988,11155,11341,11109,11533,10513,10734,10765,10643,10420,10899,10867,10674,10717,10702,11227,11409,11029,11099,11177,9410,9472,9545,9391,9481,9099,9066,9048,8809,8789,6150,6091,6048,5878,5662,7953,7915,7952,8094,8037,4929,4977,4745,4648,4638,3894,3815,3751,3849,3642,2582,2500,2688,2494,2381
4273,3839,3441,3415,3297,3652,3118,3046,2974,3055,3095,2844,2846,2805,3944,4113,4381,5098,8651,9012,10849,10795,11240,10997,11515,10802,10752,10985,10848,11205,11084,11396,11299,11450,11492,10992,10935,11109,11060,11226,10571,10614,10677,10602,10424,10502,10625,10657,10652,10546,11052,11094,11033,11055,11164,9501,9250,9361,9324,9491,9148,8913,8927,8930,8597,6282,6187,6015,5829,5901,7885,7762,8124,7843,7941,4988,4894,4698,4743,4624,3874,3678,3591,3780,3653,2531,2623,2795,2605,2478
4332,3863,3674,3392,3302,3755,3191,3085,3018,3198,3238,2918,2814,2824,4048,4161,4467,5138,8785,9125,10697,11007,11222,11322,11494,11143,11057,11188,11373,11169,11390,11468,11446,11536,11785,11263,11211,11390,11441,11315,10570,10679,10938,10838,10607,10883,11142,10879,10769,10884,11283,11511,11305,11206,11193,9618,9529,9543,9344,9497,9229,9159,9262,8896,8842,6470,6218,6008,5914,5942,7875,8074,8018,8005,8179,5149,5041,4820,4693,4669,3977,3748,3856,3862,3690,2578,2638,2666,2622,2523
4305,3772,3532,3343,3300,3587,3045,3063,2992,3107,3090,2951,2772,2868,4022,4022,4223,4935,8772,9025,10622,10851,11259,11100,11382,10994,10879,11049,11067,11103,11454,11204,11348,11410,11461,11058,11157,11360,11269,11234,10740,10947,10898,10642,10696,10895,10881,10879,10714,10837,11401,11361,11273,11065,11320,9608,9575,9290,9369,9468,9264,9263,9039,8785,8824,6238,6001,6010,5782,5806,8030,7989,8082,8032,7916,4876,4798,4611,4730,4703,3985,3825,3696,3871,3644,2617,2692,2718,2684,2488
4175,3863,3378,3378,3361,3720,3080,2990,2930,2903,2961,2840,2717,2716,3991,4046,4224,4846,8736,8927,10561,10905,11074,11178,11193,10837,10592,11034,11166,11279,11358,11341,11317,11366,11487,11160,11026,11018,11137,11209,10673,10905,10694,10677,10488,10730,11020,10710,10698,10645,11108,11350,11167,11033,11020,9561,9322,9364,9119,9378,8960,9013,8915,8876,8759,6278,6150,5942,5823,5903,8111,7993,7926,8134,8081,5066,4926,4838,4776,4684,3990,3867,3862,3934,3680,2582,2582,2636,2626,2510
2698,2511,2265,2103,2072,2263,1999,1960,1871,1929,1973,1831,1652,1723,2503,2611,2528,3161,5340,5383,6507,6798,6715,6902,7069,6747,6757,6779,6900,7032,7160,7074,7141,7346,7216,6995,7055,7010,6989,6993,6757,6755,6645,6642,6811,6927,6802,6761,6742,6754,7010,7069,7013,6989,7073,6002,5884,5801,5824,5880,5771,5677,5699,5581,5505,3928,3913,3755,3723,3613,4819,4940,5114,5063,4905,3130,3122,2916,3027,2952,2395,2405,2315,2373,2337,1559,1670,1798,1607,1618
2633,2391,2243,2142,2062,2337,1929,1873,1935,1858,1912,1704,1593,1725,2401,2546,2720,3121,5214,5505,6490,6571,6652,6678,6889,6652,6659,6708,6785,6880,6945,6959,6895,7084,7171,6749,7004,6954,6796,6794,6582,6543,6658,6604,6421,6598,6728,6617,6680,6772,6938,7021,6886,6719,6887,6029,6028,6016,5809,5801,5682,5758,5531,5542,5385,3792,3786,3618,3611,3540,4896,4933,5040,5120,4847,3160,3240,3035,3054,2838,2481,2464,2442,2420,2318,1688,1714,1619,1684,1515
2616,2432,2128,1969,2063,2197,1968,1808,1823,1899,1968,1750,1717,1728,2480,2480,2592,2990,5198,5414,6456,6519,6715,6809,6796,6600,6544,6665,6689,6808,6682,6814,6896,7070,7070,6596,6625,6598,6720,6817,6458,6556,6659,6364,6440,6548,6561,6572,6431,6477,6776,6975,6821,6908,6898,5669,5712,5554,5692,5725,5498,5448,5455,5185,5327,3775,3697,3529,3552,3475,4687,4640,4690,4778,4881,2998,3080,2874,2851,2838,2391,2314,2220,2297,2278,1591,1547,1625,1485,1553
2653,2349,2128,2066,1990,2243,1858,1855,1753,1919,1854,1716,1641,1704,2442,2464,2640,3040,5170,5260,6197,6283,6551,6611,6780,6647,6582,6775,6737,6753,6706,6938,7039,6935,7030,6575,6684,6724,6651,6788,6462,6366,6516,6368,6381,6554,6641,6350,6435,6603,6615,6559,6685,6753,6734,5740,5723,5685,5645,5611,5538,5445,5291,5189,5177,3748,3595,3657,3612,3370,4659,4732,4775,4666,4770,3051,3022,2905,2897,2867,2376,2399,2292,2330,2367,1556,1627,1698,1536,1518
2594,2227,2046,2013,1933,2156,1844,1770,1733,1801,1808,1650,1596,1611,2350,2438,2413,2754,4979,5101,6211,6222,6469,6526,6691,6308,6398,6552,6437,6652,6606,6497,6633,6635,6580,6455,6428,6513,6477,6510,6147,6232,6194,6099,6028,6226,6361,6239,6297,6260,6472,6566,6509,6473,6513,5485,5485,5456,5419,5489,5219,5163,5258,5104,5029,3618,3505,3545,3416,3321,4613,4515,4557,4497,4592,2955,2870,2855,2850,2690,2385,2288,2187,2345,2143,1514,1564,1531,1463,1398
2207,2005,1764,1653,1626,1910,1519,1528,1518,1563,1625,1416,1403,1380,2007,2095,2105,2389,4408,4477,5181,5246,5430,5489,5612,5380,5495,5605,5583,5726,5810,5788,5651,5804,5805,5432,5607,5555,5584,5599,5268,5370,5298,5199,5263,5358,5255,5275,5292,5309,5671,5659,5587,5481,5722,4834,4785,4708,4727,4831,4557,4522,4488,4423,4251,3127,3033,2943,3011,2865,3955,3941,3916,3831,4004,2470,2495,2339,2441,2334,2048,1964,1971,1910,1904,1363,1269,1357,1314,1272
2123,1872,1714,1579,1623,1721,1503,1454,1419,1419,1494,1438,1270,1360,1956,1994,1991,2351,4126,4303,5088,5154,5276,5413,5510,5217,5365,5253,5480,5402,5538,5541,5449,5579,5669,5501,5334,5473,5437,5335,5193,5183,5078,5139,5234,5216,5420,5239,5147,5206,5494,5483,5426,5632,5399,4711,4667,4636,4591,4647,4582,4303,4334,4203,4128,3048,2934,2782,2839,2687,3843,3805,3791,3722,3914,2390,2463,2354,2416,2288,1993,1904,1858,1981,1907,1239,1302,1355,1358,1301
2071,1864,1751,1616,1634,1705,1554,1482,1429,1433,1485,1352,1321,1393,1900,1906,2012,2261,4178,4330,5047,5211,5329,5232,5266,5163,5223,5290,5366,5489,5418,5302,5462,5478,5481,5238,5229,5318,5413,5323,5056,5123,5095,5090,5114,5136,5095,5163,5171,5062,5359,5377,5372,5370,5324,4665,4428,4460,4514,4465,4409,4289,4179,4160,4036,2907,2926,2849,2696,2727,3757,3781,3828,3695,3751,2419,2409,2306,2364,2268,2027,1864,1893,1921,1847,1361,1346,1346,1266,1255
2072,1911,1688,1590,1651,1757,1519,1498,1362,1534,1508,1428,1307,1468,1985,2008,2083,2386,4125,4355,5092,5202,5416,5412,5507,5334,5325,5422,5520,5520,5537,5482,5569,5512,5696,5455,5360,5550,5373,5387,5125,5241,5093,5042,5138,5187,5442,5263,5326,5116,5297,5546,5538,5461,5467,4780,4605,4526,4556,4659,4501,4411,4448,4306,4159,3001,2932,2879,2763,2836,3777,3796,3753,3861,3847,2389,2315,2338,2385,2336,1877,1924,1929,1922,1869,1404,1326,1404,1301,1255
2050,1911,1682,1624,1530,1821,1520,1341,1451,1481,1468,1351,1341,1371,1863,2047,1984,2310,4125,4178,5018,5070,5164,5375,5269,5176,5140,5346,5324,5541,5328,5299,5450,5428,5435,5171,5237,5418,5263,5178,5072,5114,5141,4953,5050,5108,5323,5005,4986,5080,5323,5323,5227,5215,5332,4494,4468,4382,4318,4465,4248,4254,4273,4219,4025,2984,2789,2784,2726,2705,3740,3708,3759,3677,3711,2355,2359,2282,2332,2153,1901,1869,1771,1836,1735,1259,1323,1330,1220,1214
1434,1256,1236,1075,1155,1255,1009,1027,966,1039,1033,912,873,924,1317,1356,1476,1594,2740,2854,3502,3570,3592,3642,3716,3547,3688,3693,3645,3850,3771,3670,3757,3928,3878,3655,3695,3680,3846,3719,3545,3569,3611,3510,3415,3615,3577,3708,3557,3506,3771,3854,3672,3704,3670,3211,3145,3214,3010,3201,3130,2996,3123,2838,2935,2051,1980,1963,1907,1862,2584,2615,2661,2585,2562,1657,1689,1675,1639,1496,1366,1244,1284,1326,1239,962,923,955,964,893
1468,1360,1182,1191,1152,1174,1092,1040,976,1084,1144,948,962,977,1424,1454,1470,1654,2811,2999,3427,3702,3744,3680,3832,3675,3802,3757,3880,3800,3745,3728,3805,3896,3874,3638,3741,3770,3705,3624,3575,3540,3549,3467,3578,3561,3785,3618,3567,3635,3770,3676,3808,3653,3837,3217,3215,3117,3181,3188,3068,3005,3011,2919,2952,2059,2067,2076,1904,1884,2628,2581,2669,2690,2660,1642,1611,1619,1652,1597,1308,1305,1296,1300,1291,864,954,1051,995,840
1480,1358,1218,1225,1188,1232,1079,1071,1039,1014,1062,975,922,943,1436,1365,1471,1619,2969,3034,3591,3670,3668,3702,3885,3638,3726,3773,3809,3814,3911,3832,3901,3900,3929,3698,3691,3756,3761,3818,3659,3655,3697,3629,3652,3710,3632,3732,3612,3562,3800,3808,3819,3909,3853,3229,3233,3140,3127,3221,3180,3123,2983,2982,2902,2098,2065,2003,1968,1980,2616,2639,2598,2654,2629,1699,1660,1632,1668,1633,1367,1357,1350,1403,1296,944,1013,975,1025,935
1476,1349,1107,1116,1063,1180,1034,959,936,1023,1007,885,907,907,1274,1349,1335,1566,2657,3010,3431,3520,3668,3556,3721,3538,3690,3622,3637,3717,3761,3697,3864,3811,3777,3536,3561,3705,3596,3699,3466,3540,3521,3487,3629,3557,3598,3582,3471,3580,3577,3747,3606,3624,3713,3293,3107,2982,3056,3161,3150,2997,2903,2907,2861,2113,2030,2007,1973,1927,2565,2675,2522,2738,2502,1586,1661,1618,1482,1548,1321,1313,1299,1341,1264,937,895,948,991,970
1366,1232,1112,1044,988,1126,1061,912,917,920,955,882,872,845,1235,1251,1266,1610,2795,2806,3366,3308,3526,3443,3729,3522,3562,3576,3492,3638,3560,3720,3651,3697,3684,3552,3515,3580,3475,3590,3460,3420,3400,3371,3391,3413,3498,3581,3463,3511,3661,3585,3641,3532,3577,3002,3039,2974,2917,3028,2876,2803,2852,2791,2819,1994,1976,1925,1856,1794,2464,2508,2527,2474,2574,1614,1579,1545,1562,1441,1276,1236,1242,1246,1228,857,883,949,931,953
