18500.0,7814.0,5159.0,3797.0,2987.0,3138.0,2625.0,2248.0,1910.0,1757.0,1993.0,1557.0,1509.0,1400.0,1280.0,1146.0,1030.0,948.0,23142.0,14964.0,13760.0,12366.0,10635.0,8385.0,7756.0,7338.0,6983.0,7101.0,5870.0,5492.0,5443.0,5051.0,5190.0,4683.0,4793.0,4655.0,4707.0,4699.0,4690.0,4497.0,4191.0,4032.0,4133.0,4097.0,3889.0,3909.0,3902.0,3915.0,3888.0,3859.0,3839.0,2219.0,2092.0,1991.0,1902.0,1556.0,1478.0,1335.0,1293.0,1271.0,1181.0,1155.0,1161.0,1160.0,1134.0,614.0,572.0,604.0,1156.0,1189.0,1548.0,1615.0,1598.0,1678.0,1670.0,1076.0,1012.0,1015.0,1014.0,1045.0,850.0,906.0,846.0,900.0,841.0,616.0,597.0,565.0,566.0,521.0
7818.0,41721.0,30722.0,45083.0,3032.0,3288.0,2603.0,2373.0,2050.0,1859.0,1964.0,1647.0,1467.0,1370.0,1347.0,1208.0,1131.0,1060.0,3142.0,12808.0,11744.0,10175.0,9328.0,7196.0,7355.0,7022.0,6676.0,6321.0,5748.0,5463.0,5378.0,5226.0,5193.0,4633.0,4657.0,4755.0,4684.0,4667.0,4691.0,4610.0,4461.0,4189.0,4127.0,4267.0,4250.0,4124.0,4204.0,4291.0,4176.0,4020.0,4153.0,4404.0,2331.0,2355.0,2058.0,1737.0,1658.0,1582.0,1656.0,1553.0,1220.0,1166.0,1123.0,1127.0,1101.0,560.0,640.0,649.0,1102.0,1173.0,1382.0,1405.0,1465.0,1545.0,1539.0,1025.0,1027.0,985.0,944.0,905.0,870.0,856.0,793.0,872.0,851.0,601.0,570.0,573.0,546.0,579.0
5158.0,30723.0,54486.0,81110.0,50516.0,3298.0,2735.0,2294.0,2139.0,1916.0,2179.0,1692.0,1580.0,1511.0,1366.0,1266.0,1101.0,1094.0,2242.0,2929.0,10957.0,9577.0,8727.0,6660.0,6782.0,6833.0,6571.0,6384.0,5594.0,5531.0,5379.0,5319.0,5207.0,4807.0,4881.0,5086.0,4984.0,4873.0,4872.0,4883.0,4485.0,4423.0,4299.0,4245.0,4298.0,4415.0,4324.0,4404.0,4235.0,4298.0,4274.0,4773.0,5172.0,2697.0,2468.0,2059.0,1962.0,1861.0,1870.0,1804.0,1333.0,1240.0,1170.0,1244.0,1216.0,626.0,605.0,562.0,1104.0,1189.0,1427.0,1495.0,1511.0,1552.0,1457.0,977.0,944.0,1024.0,1002.0,944.0,837.0,761.0,832.0,815.0,779.0,533.0,551.0,571.0,505.0,504.0
3795.0,45081.0,81111.0,226373.0,178463.0,3364.0,2769.0,2528.0,2201.0,2006.0,2165.0,1855.0,1735.0,1560.0,1529.0,1325.0,1263.0,1184.0,2062.0,2848.0,3723.0,9311.0,8458.0,6581.0,6715.0,6895.0,6937.0,6535.0,6141.0,6080.0,5968.0,5831.0,5738.0,5422.0,5429.0,5895.0,5513.0,5409.0,5745.0,5656.0,5481.0,5337.0,5307.0,5166.0,5034.0,5346.0,5360.0,5552.0,5173.0,5288.0,5204.0,5526.0,6335.0,7529.0,3546.0,3162.0,3065.0,2863.0,2753.0,2607.0,1787.0,1680.0,1562.0,1577.0,1491.0,787.0,865.0,777.0,1269.0,1334.0,1382.0,1498.0,1443.0,1517.0,1449.0,965.0,950.0,969.0,933.0,956.0,835.0,814.0,809.0,781.0,765.0,526.0,521.0,534.0,539.0,498.0
2987.0,3031.0,50512.0,178462.0,299868.0,176130.0,3090.0,2680.0,2480.0,2205.0,2316.0,1989.0,1927.0,1834.0,1708.0,1610.0,1430.0,1396.0,2053.0,2811.0,3289.0,3602.0,8049.0,6402.0,6371.0,6616.0,6752.0,6851.0,6309.0,5942.0,5754.0,5934.0,5889.0,5363.0,5462.0,5906.0,5748.0,5597.0,5690.0,5731.0,5331.0,5378.0,5236.0,5202.0,5191.0,5405.0,5387.0,5339.0,5362.0,5342.0,5500.0,5855.0,6549.0,8133.0,11665.0,3725.0,3561.0,3443.0,3195.0,3050.0,1768.0,1730.0,1640.0,1794.0,1575.0,868.0,839.0,858.0,1305.0,1369.0,1465.0,1421.0,1470.0,1543.0,1438.0,978.0,966.0,921.0,835.0,853.0,823.0,747.0,758.0,725.0,750.0,532.0,599.0,583.0,542.0,502.0
3140.0,3287.0,3299.0,3364.0,176116.0,404824.0,212812.0,88973.0,2295.0,1960.0,2271.0,1804.0,1673.0,1558.0,1467.0,1308.0,1174.0,1087.0,2040.0,2588.0,3179.0,3405.0,4188.0,15151.0,10224.0,8923.0,7813.0,7478.0,6600.0,6263.0,6104.0,6061.0,6063.0,5564.0,5457.0,6151.0,5697.0,5976.0,5496.0,5583.0,5162.0,5421.0,5078.0,5335.0,5375.0,5282.0,5270.0,5125.0,5347.0,5345.0,5306.0,5104.0,5057.0,5055.0,4991.0,4799.0,3015.0,2878.0,2910.0,2575.0,1737.0,1595.0,1538.0,1661.0,1602.0,796.0,715.0,838.0,1241.0,1344.0,1517.0,1439.0,1428.0,1532.0,1435.0,976.0,907.0,994.0,848.0,959.0,809.0,763.0,797.0,695.0,774.0,528.0,473.0,520.0,522.0,458.0
2624.0,2603.0,2736.0,2770.0,3089.0,212805.0,438483.0,265472.0,127431.0,2075.0,2284.0,1909.0,1743.0,1651.0,1594.0,1360.0,1235.0,1144.0,1873.0,2177.0,2884.0,3134.0,3297.0,3599.0,9085.0,8125.0,7072.0,6572.0,6015.0,6117.0,6071.0,5803.0,5901.0,5521.0,5494.0,5780.0,5855.0,5869.0,5695.0,5883.0,5424.0,5263.0,5190.0,5292.0,5215.0,5119.0,5262.0,4984.0,5336.0,5192.0,5161.0,5045.0,5033.0,5304.0,5111.0,5041.0,5085.0,3122.0,3155.0,2814.0,1784.0,1706.0,1681.0,1523.0,1650.0,782.0,770.0,804.0,1270.0,1332.0,1320.0,1382.0,1408.0,1446.0,1391.0,967.0,961.0,923.0,860.0,864.0,829.0,793.0,746.0,743.0,731.0,543.0,503.0,478.0,538.0,485.0
2248.0,2375.0,2294.0,2528.0,2676.0,88966.0,265501.0,348874.0,281587.0,147495.0,2400.0,2034.0,1938.0,1703.0,1737.0,1373.0,1301.0,1221.0,1642.0,1772.0,2942.0,3094.0,3143.0,3106.0,3442.0,7722.0,6521.0,6240.0,5406.0,5516.0,5780.0,5472.0,5967.0,5327.0,5562.0,5761.0,5724.0,5888.0,5606.0,5728.0,5335.0,5408.0,5175.0,5067.0,5159.0,5119.0,5081.0,5231.0,5279.0,5101.0,5133.0,5165.0,5029.0,5005.0,5146.0,4994.0,5360.0,6112.0,3113.0,2954.0,1956.0,1800.0,1701.0,1613.0,1603.0,915.0,743.0,742.0,1237.0,1365.0,1359.0,1374.0,1397.0,1444.0,1366.0,924.0,880.0,910.0,864.0,906.0,732.0,713.0,721.0,720.0,692.0,488.0,533.0,506.0,449.0,468.0
1910.0,2053.0,2140.0,2201.0,2479.0,2293.0,127423.0,281573.0,397835.0,279777.0,136318.0,2238.0,2106.0,1953.0,1789.0,1504.0,1412.0,1303.0,1542.0,1640.0,2898.0,2957.0,3006.0,2915.0,3101.0,3175.0,6042.0,5888.0,5232.0,5299.0,5481.0,5470.0,5545.0,5307.0,5248.0,5620.0,5809.0,5559.0,5538.0,5615.0,5346.0,5254.0,5207.0,5076.0,5327.0,4991.0,5075.0,5191.0,5262.0,5339.0,5046.0,5259.0,4965.0,5284.0,5322.0,5151.0,5543.0,6509.0,7696.0,3353.0,2166.0,2262.0,1887.0,1829.0,1797.0,985.0,883.0,744.0,1280.0,1337.0,1313.0,1355.0,1381.0,1420.0,1401.0,916.0,884.0,906.0,901.0,858.0,772.0,769.0,694.0,766.0,667.0,475.0,527.0,470.0,522.0,463.0
1756.0,1860.0,1917.0,2005.0,2203.0,1960.0,2076.0,147452.0,279871.0,454286.0,291526.0,140368.0,2450.0,2318.0,2246.0,1690.0,1615.0,1557.0,1717.0,1723.0,2999.0,3143.0,3244.0,3200.0,3202.0,3154.0,2930.0,5813.0,5152.0,5279.0,5593.0,5629.0,5968.0,5258.0,5430.0,5546.0,5595.0,6037.0,5744.0,5602.0,5416.0,5202.0,5312.0,5437.0,5402.0,5044.0,5387.0,5553.0,5373.0,5484.0,5272.0,5347.0,5222.0,5384.0,5490.0,5308.0,6118.0,6946.0,8461.0,12294.0,2864.0,2868.0,2591.0,2334.0,2271.0,1179.0,1093.0,990.0,1512.0,1399.0,1402.0,1508.0,1474.0,1522.0,1454.0,932.0,995.0,974.0,961.0,935.0,755.0,768.0,725.0,780.0,699.0,502.0,526.0,492.0,531.0,428.0
1992.0,1964.0,2181.0,2164.0,2315.0,2270.0,2281.0,2401.0,136284.0,291527.0,422828.0,267865.0,141337.0,2030.0,2047.0,1484.0,1433.0,1261.0,1576.0,1572.0,2815.0,2899.0,3044.0,2957.0,3129.0,3078.0,3008.0,3802.0,11807.0,8055.0,6926.0,6487.0,5924.0,5513.0,5575.0,5710.0,5530.0,5648.0,5546.0,5289.0,5120.0,4968.0,5063.0,5159.0,5199.0,4779.0,5256.0,5402.0,5012.0,5201.0,5112.0,5152.0,5087.0,5049.0,5099.0,5386.0,5230.0,5308.0,5270.0,5203.0,5486.0,2312.0,2226.0,2196.0,1940.0,919.0,934.0,910.0,1343.0,1328.0,1377.0,1411.0,1436.0,1412.0,1380.0,942.0,923.0,930.0,855.0,879.0,704.0,734.0,688.0,782.0,649.0,523.0,463.0,472.0,500.0,460.0
1557.0,1648.0,1693.0,1856.0,1991.0,1804.0,1909.0,2035.0,2235.0,140397.0,267865.0,377076.0,259535.0,141196.0,2443.0,1528.0,1490.0,1406.0,1545.0,1569.0,2709.0,2843.0,2830.0,2833.0,3023.0,2685.0,2682.0,2760.0,3179.0,7310.0,6211.0,5661.0,5605.0,5127.0,5399.0,5299.0,5300.0,5246.0,5128.0,5255.0,4833.0,4944.0,4677.0,4895.0,4893.0,4697.0,4916.0,5060.0,4657.0,5015.0,5060.0,4930.0,4923.0,4685.0,4709.0,4999.0,5034.0,5218.0,5209.0,5291.0,5713.0,6141.0,2352.0,2339.0,2152.0,1150.0,1010.0,963.0,1416.0,1396.0,1397.0,1376.0,1378.0,1465.0,1470.0,955.0,933.0,921.0,855.0,820.0,658.0,706.0,704.0,704.0,659.0,525.0,454.0,441.0,487.0,434.0
1509.0,1466.0,1581.0,1736.0,1927.0,1674.0,1745.0,1938.0,2105.0,2450.0,141302.0,259563.0,389328.0,273689.0,154665.0,1672.0,1564.0,1536.0,1596.0,1600.0,2751.0,2904.0,3030.0,2873.0,2958.0,2750.0,2878.0,2858.0,3024.0,3338.0,5859.0,5453.0,5484.0,5044.0,5416.0,5468.0,5317.0,5192.0,5287.0,5193.0,4828.0,5127.0,4799.0,4938.0,4950.0,4810.0,4968.0,5086.0,4704.0,4997.0,4900.0,5036.0,4921.0,4859.0,4804.0,4801.0,5031.0,5108.0,5219.0,5469.0,5988.0,6776.0,7860.0,2639.0,2428.0,1495.0,1222.0,1128.0,1515.0,1426.0,1534.0,1470.0,1415.0,1382.0,1356.0,970.0,939.0,904.0,865.0,901.0,679.0,763.0,698.0,713.0,662.0,481.0,465.0,452.0,461.0,416.0
1400.0,1371.0,1510.0,1559.0,1832.0,1557.0,1651.0,1702.0,1953.0,2318.0,2029.0,141138.0,273728.0,430970.0,331071.0,119652.0,1726.0,1628.0,1689.0,1589.0,2950.0,3061.0,3094.0,3187.0,3084.0,2844.0,2995.0,2915.0,3178.0,3293.0,3258.0,5366.0,5434.0,5205.0,5167.0,5328.0,5401.0,5374.0,5234.0,5392.0,5066.0,5277.0,5025.0,5025.0,5108.0,5021.0,5077.0,5125.0,4783.0,5148.0,5071.0,5094.0,5128.0,5034.0,4889.0,5061.0,5224.0,5327.0,5359.0,5602.0,5997.0,6830.0,8465.0,10977.0,2946.0,2133.0,1724.0,1503.0,1875.0,1640.0,1694.0,1709.0,1660.0,1508.0,1466.0,1019.0,999.0,906.0,992.0,879.0,735.0,790.0,711.0,769.0,709.0,528.0,496.0,492.0,476.0,456.0
1279.0,1347.0,1366.0,1531.0,1708.0,1466.0,1595.0,1737.0,1789.0,2245.0,2046.0,2443.0,154655.0,331124.0,610832.0,295985.0,140812.0,2155.0,1809.0,1873.0,3266.0,3258.0,3641.0,3622.0,3540.0,3481.0,3595.0,3473.0,3418.0,3736.0,3675.0,3854.0,6009.0,5227.0,5786.0,5906.0,5783.0,6076.0,5623.0,5890.0,5663.0,5719.0,5696.0,5631.0,5758.0,5618.0,5662.0,5687.0,5306.0,5591.0,5700.0,5464.0,5561.0,5684.0,5452.0,5705.0,5894.0,5612.0,5938.0,6156.0,6221.0,7531.0,9023.0,12077.0,19389.0,3179.0,2784.0,2639.0,2556.0,2297.0,2066.0,2063.0,1934.0,1949.0,1667.0,1179.0,1136.0,1119.0,1087.0,1017.0,870.0,871.0,883.0,798.0,773.0,523.0,536.0,488.0,475.0,484.0
1147.0,1207.0,1266.0,1327.0,1610.0,1307.0,1359.0,1372.0,1501.0,1690.0,1482.0,1529.0,1671.0,119698.0,295967.0,321901.0,201658.0,148151.0,1323.0,1254.0,2514.0,2538.0,2596.0,2678.0,2553.0,2288.0,2274.0,2341.0,2097.0,2406.0,2355.0,2825.0,3083.0,6674.0,5068.0,4470.0,4640.0,4763.0,4462.0,4528.0,4339.0,4302.0,4483.0,4409.0,4263.0,4626.0,4689.0,4440.0,4262.0,4619.0,4558.0,4405.0,4552.0,4611.0,4237.0,3974.0,3990.0,3825.0,3798.0,3886.0,2872.0,2836.0,2801.0,2823.0,2843.0,3905.0,973.0,976.0,1447.0,1381.0,1337.0,1240.0,1314.0,1357.0,1341.0,822.0,901.0,810.0,813.0,882.0,660.0,701.0,630.0,689.0,642.0,460.0,427.0,415.0,415.0,436.0
1030.0,1131.0,1101.0,1263.0,1430.0,1174.0,1235.0,1301.0,1414.0,1614.0,1433.0,1490.0,1565.0,1727.0,140800.0,201691.0,250971.0,233382.0,151586.0,2657.0,3814.0,3884.0,4294.0,4421.0,4623.0,3908.0,3801.0,4000.0,3753.0,3995.0,4365.0,4466.0,4682.0,4471.0,6576.0,5982.0,6289.0,6390.0,6033.0,6302.0,5928.0,5848.0,6020.0,6136.0,6141.0,6221.0,6251.0,6281.0,6217.0,6332.0,5916.0,5943.0,5881.0,6068.0,5950.0,5159.0,5185.0,4931.0,5017.0,5158.0,3458.0,3384.0,3427.0,3586.0,3381.0,4295.0,5754.0,1417.0,1817.0,1751.0,1574.0,1520.0,1365.0,1429.0,1414.0,972.0,902.0,882.0,852.0,777.0,663.0,684.0,645.0,648.0,724.0,487.0,483.0,465.0,438.0,424.0
949.0,1060.0,1094.0,1184.0,1396.0,1087.0,1144.0,1222.0,1303.0,1555.0,1260.0,1407.0,1536.0,1630.0,2156.0,148130.0,233377.0,341197.0,222640.0,2804.0,4099.0,4018.0,4507.0,4802.0,4840.0,3955.0,3931.0,4106.0,3971.0,4248.0,4600.0,4992.0,4807.0,4528.0,4832.0,6261.0,6208.0,6392.0,6267.0,6455.0,6155.0,5920.0,5912.0,6194.0,6189.0,6454.0,6465.0,6272.0,6517.0,6391.0,6179.0,6122.0,6183.0,6295.0,5949.0,5214.0,5318.0,5007.0,4925.0,5185.0,3715.0,3548.0,3591.0,3476.0,3471.0,4399.0,6273.0,10343.0,2412.0,2253.0,2049.0,1848.0,1705.0,1598.0,1585.0,1094.0,1056.0,912.0,915.0,900.0,784.0,742.0,716.0,699.0,694.0,492.0,521.0,489.0,441.0,457.0
23141.0,3098.0,2163.0,1908.0,1853.0,1800.0,1630.0,1547.0,1538.0,1716.0,1578.0,1545.0,1596.0,1689.0,1809.0,1322.0,151628.0,222627.0,480991.0,71378.0,60769.0,18259.0,17864.0,18638.0,17238.0,13627.0,13492.0,13848.0,13483.0,13342.0,14614.0,14144.0,14886.0,14232.0,14362.0,16346.0,16484.0,16652.0,16294.0,16164.0,15192.0,15090.0,15227.0,15003.0,14893.0,13985.0,14022.0,13667.0,13847.0,13981.0,12748.0,12808.0,13097.0,12889.0,13224.0,10705.0,10562.0,10239.0,10465.0,10357.0,5773.0,5954.0,5781.0,5556.0,5501.0,2174.0,2230.0,2183.0,2106.0,2013.0,1428.0,1391.0,1432.0,1449.0,1366.0,846.0,855.0,812.0,821.0,825.0,679.0,745.0,673.0,633.0,655.0,428.0,449.0,419.0,431.0,363.0
14963.0,12614.0,2637.0,2091.0,1910.0,1844.0,1654.0,1569.0,1640.0,1724.0,1572.0,1569.0,1601.0,1590.0,1873.0,1255.0,2656.0,2803.0,71210.0,85649.0,79613.0,59192.0,35233.0,34624.0,35850.0,29153.0,29040.0,29594.0,29757.0,28886.0,32307.0,31927.0,32419.0,32668.0,32136.0,33869.0,33927.0,33751.0,33710.0,33732.0,31510.0,31494.0,31659.0,31666.0,31457.0,30476.0,30684.0,30729.0,30348.0,30350.0,26683.0,27391.0,27535.0,27369.0,27489.0,23079.0,22898.0,22658.0,22331.0,22482.0,11290.0,11292.0,11287.0,11183.0,10936.0,3947.0,3973.0,3927.0,3769.0,3785.0,1475.0,1518.0,1394.0,1442.0,1419.0,904.0,878.0,875.0,799.0,875.0,735.0,693.0,690.0,698.0,692.0,463.0,451.0,446.0,438.0,413.0
13758.0,11488.0,10604.0,2729.0,2344.0,2302.0,1950.0,1944.0,1845.0,1999.0,1855.0,1816.0,1878.0,1984.0,2190.0,1659.0,3057.0,3213.0,60274.0,79547.0,102094.0,89900.0,58734.0,41591.0,41446.0,35085.0,33604.0,34052.0,34671.0,33907.0,37388.0,37279.0,37720.0,37859.0,37496.0,39174.0,39422.0,39469.0,39463.0,38899.0,37045.0,36230.0,36760.0,36540.0,36416.0,35416.0,35044.0,35195.0,35046.0,35691.0,31603.0,31679.0,31996.0,31842.0,31455.0,26487.0,26409.0,26379.0,26083.0,25717.0,13353.0,13073.0,13127.0,12845.0,12985.0,4717.0,4791.0,4582.0,4446.0,4369.0,1738.0,1706.0,1736.0,1724.0,1687.0,1159.0,1065.0,1006.0,986.0,946.0,872.0,887.0,834.0,845.0,864.0,572.0,547.0,538.0,515.0,526.0
12367.0,9911.0,9203.0,8428.0,2717.0,2569.0,2139.0,2051.0,1924.0,2043.0,1890.0,1878.0,1937.0,2019.0,2152.0,1726.0,3115.0,3325.0,17678.0,59210.0,89543.0,119757.0,82136.0,62881.0,44222.0,36166.0,36166.0,35224.0,35361.0,35526.0,39203.0,38353.0,38778.0,39198.0,39063.0,40683.0,40689.0,41239.0,40707.0,40376.0,38457.0,38044.0,38021.0,37835.0,37756.0,36822.0,36457.0,37346.0,36665.0,36563.0,32693.0,32648.0,33039.0,32999.0,32802.0,27364.0,27404.0,27600.0,27152.0,26974.0,13815.0,13848.0,13654.0,13363.0,12966.0,4765.0,4811.0,4663.0,4617.0,4445.0,1755.0,1815.0,1794.0,1750.0,1740.0,1074.0,1027.0,1063.0,1037.0,1029.0,855.0,896.0,846.0,908.0,870.0,517.0,506.0,532.0,536.0,547.0
10638.0,9048.0,8291.0,7512.0,7144.0,3217.0,2195.0,2060.0,1971.0,2097.0,1945.0,1799.0,1916.0,1883.0,2179.0,1639.0,3357.0,3645.0,17175.0,35241.0,58602.0,82076.0,93419.0,82756.0,50203.0,42818.0,41035.0,41831.0,40395.0,40197.0,45305.0,45088.0,44296.0,45111.0,44817.0,46113.0,46707.0,46858.0,46267.0,46607.0,43456.0,43236.0,43461.0,43135.0,42683.0,41667.0,41881.0,42418.0,41896.0,41817.0,37285.0,37922.0,37287.0,37576.0,37489.0,31942.0,31082.0,31403.0,30910.0,30878.0,15426.0,15699.0,15283.0,15210.0,14900.0,5440.0,5379.0,5193.0,5088.0,5123.0,1786.0,1803.0,1767.0,1835.0,1831.0,1107.0,1078.0,1017.0,1097.0,1010.0,953.0,889.0,871.0,867.0,875.0,568.0,597.0,532.0,542.0,518.0
8388.0,6989.0,6259.0,5698.0,5459.0,14302.0,2743.0,2138.0,1971.0,2127.0,2008.0,1837.0,1872.0,2012.0,2222.0,1686.0,3431.0,3674.0,17716.0,34630.0,41616.0,63162.0,82685.0,121647.0,53893.0,44044.0,44328.0,42337.0,43079.0,41162.0,46386.0,46462.0,45915.0,46053.0,45827.0,47560.0,47887.0,48203.0,47663.0,47481.0,44730.0,44026.0,44246.0,44127.0,43852.0,42907.0,42961.0,43037.0,43067.0,42862.0,38351.0,38697.0,38771.0,38832.0,38315.0,32912.0,32360.0,32386.0,31786.0,31460.0,15999.0,15929.0,15900.0,15562.0,15369.0,5536.0,5531.0,5288.0,5251.0,5224.0,1807.0,1743.0,1834.0,1793.0,1723.0,1094.0,1048.0,1037.0,1032.0,1047.0,898.0,878.0,901.0,856.0,890.0,543.0,547.0,550.0,571.0,548.0
7755.0,6997.0,6366.0,5817.0,5411.0,9227.0,8158.0,2483.0,2080.0,2081.0,2013.0,1907.0,1915.0,1963.0,2295.0,1581.0,3644.0,3810.0,16389.0,35860.0,41436.0,44212.0,50174.0,53913.0,54908.0,48439.0,44892.0,45780.0,44351.0,44495.0,47716.0,47347.0,47777.0,47799.0,47541.0,49301.0,49481.0,49664.0,48946.0,48941.0,45631.0,45834.0,45982.0,45761.0,45808.0,44318.0,44181.0,44628.0,44471.0,45096.0,39350.0,39716.0,40130.0,40169.0,39963.0,33888.0,33375.0,33011.0,32838.0,32794.0,16356.0,16524.0,16159.0,15998.0,15783.0,5655.0,5693.0,5414.0,5353.0,5290.0,1857.0,1880.0,1813.0,1821.0,1856.0,1185.0,1086.0,1041.0,1034.0,1043.0,917.0,901.0,887.0,819.0,851.0,531.0,567.0,599.0,580.0,531.0
7336.0,6766.0,6333.0,5738.0,5464.0,7922.0,6885.0,6487.0,1939.0,1851.0,1781.0,1513.0,1475.0,1596.0,1937.0,1210.0,2928.0,3077.0,12841.0,29050.0,34964.0,36027.0,42715.0,43941.0,48440.0,45619.0,45669.0,42853.0,43582.0,41198.0,45713.0,43873.0,44054.0,44333.0,43947.0,42114.0,41632.0,42526.0,41930.0,41678.0,39073.0,38650.0,38967.0,39058.0,38812.0,40385.0,40545.0,40894.0,40552.0,41135.0,36249.0,36878.0,36738.0,37229.0,36867.0,30727.0,30485.0,30498.0,29945.0,29855.0,15214.0,15486.0,15146.0,15156.0,14837.0,5436.0,5316.0,5320.0,5170.0,5188.0,2035.0,2138.0,2106.0,2096.0,2049.0,1213.0,1222.0,1188.0,1244.0,1171.0,1034.0,1035.0,992.0,962.0,986.0,614.0,633.0,627.0,629.0,598.0
6984.0,6359.0,6141.0,5806.0,5663.0,6912.0,5972.0,5499.0,5099.0,2000.0,1952.0,1612.0,1558.0,1622.0,1924.0,1239.0,2848.0,3040.0,12758.0,28929.0,33468.0,36014.0,40897.0,44269.0,44903.0,45689.0,45488.0,46012.0,43317.0,43438.0,45431.0,45441.0,44041.0,44194.0,44325.0,43048.0,41886.0,42203.0,41666.0,42007.0,39507.0,39032.0,39303.0,38697.0,38701.0,40833.0,41158.0,40899.0,40578.0,40876.0,36493.0,36824.0,36984.0,37005.0,36510.0,30791.0,30465.0,30411.0,29952.0,30046.0,15415.0,15226.0,15045.0,15076.0,14767.0,5519.0,5519.0,5099.0,5207.0,5150.0,2098.0,2128.0,1970.0,2183.0,2089.0,1318.0,1248.0,1215.0,1188.0,1222.0,966.0,972.0,958.0,963.0,970.0,632.0,650.0,626.0,618.0,570.0
7098.0,6085.0,5993.0,5641.0,5719.0,6225.0,5407.0,5121.0,4741.0,4452.0,2562.0,1645.0,1649.0,1722.0,1951.0,1218.0,2968.0,3145.0,13093.0,29436.0,33941.0,35143.0,41726.0,42265.0,45794.0,42846.0,45997.0,46562.0,46905.0,43935.0,47841.0,46430.0,46332.0,44888.0,44817.0,43318.0,43400.0,43188.0,42667.0,42595.0,40373.0,39782.0,39316.0,39672.0,39221.0,41397.0,41548.0,41962.0,41306.0,41597.0,36752.0,37218.0,37429.0,37784.0,37114.0,31403.0,31195.0,30753.0,30230.0,30492.0,15686.0,15571.0,15352.0,15475.0,14991.0,5517.0,5530.0,5196.0,5217.0,5058.0,2046.0,2075.0,2066.0,2146.0,2034.0,1277.0,1220.0,1268.0,1199.0,1230.0,1003.0,997.0,1063.0,993.0,1006.0,637.0,628.0,651.0,604.0,603.0
5871.0,5439.0,5087.0,4873.0,5131.0,5461.0,4781.0,4323.0,4173.0,4034.0,10585.0,1974.0,1713.0,1726.0,1959.0,1219.0,2926.0,3079.0,12637.0,29598.0,34512.0,35213.0,40324.0,42990.0,44344.0,43608.0,43336.0,46924.0,47313.0,47016.0,48647.0,48837.0,46728.0,46845.0,45449.0,43843.0,43624.0,43932.0,42862.0,43324.0,40714.0,39619.0,40518.0,39514.0,39596.0,41942.0,41886.0,41678.0,41708.0,42349.0,37008.0,37343.0,37436.0,37746.0,37279.0,31445.0,31148.0,31178.0,30731.0,30830.0,15739.0,15522.0,15697.0,15382.0,15004.0,5635.0,5624.0,5387.0,5255.0,5098.0,2044.0,2107.0,2077.0,2043.0,2058.0,1340.0,1178.0,1251.0,1190.0,1212.0,1106.0,1009.0,1076.0,1028.0,1014.0,615.0,651.0,586.0,631.0,620.0
5490.0,5177.0,5088.0,4939.0,4712.0,5100.0,4879.0,4464.0,4279.0,4122.0,6786.0,6068.0,1926.0,1748.0,1989.0,1243.0,2955.0,3268.0,12286.0,28731.0,33729.0,35381.0,40130.0,41050.0,44499.0,41207.0,43430.0,43962.0,47033.0,47456.0,51271.0,48127.0,48642.0,46906.0,47063.0,43522.0,43660.0,44148.0,43825.0,42841.0,40478.0,39843.0,40153.0,39792.0,39690.0,42112.0,41711.0,41893.0,41693.0,41922.0,37168.0,37773.0,37500.0,37340.0,37622.0,31694.0,31202.0,31051.0,30648.0,30692.0,15692.0,15634.0,15471.0,15337.0,15065.0,5437.0,5456.0,5367.0,5307.0,5067.0,2027.0,2048.0,2087.0,2136.0,2008.0,1302.0,1291.0,1232.0,1220.0,1155.0,1039.0,995.0,1026.0,1045.0,1001.0,623.0,642.0,624.0,595.0,619.0
5442.0,4978.0,4833.0,4729.0,4567.0,4846.0,4538.0,4441.0,4279.0,4231.0,5586.0,4802.0,4532.0,1861.0,2041.0,1245.0,3169.0,3404.0,13451.0,32179.0,37210.0,39037.0,45128.0,46237.0,47715.0,45719.0,45423.0,47835.0,48643.0,51258.0,56273.0,56159.0,53897.0,53644.0,52089.0,50290.0,48727.0,48976.0,48850.0,48866.0,45457.0,44719.0,44947.0,44708.0,44767.0,46158.0,46473.0,46546.0,47045.0,46631.0,41475.0,41842.0,41768.0,41731.0,41842.0,35076.0,34707.0,34996.0,34235.0,34106.0,17247.0,17291.0,17208.0,16937.0,16702.0,6222.0,5894.0,5675.0,5678.0,5665.0,2030.0,1924.0,1969.0,2023.0,2030.0,1228.0,1193.0,1195.0,1171.0,1198.0,995.0,992.0,997.0,1001.0,997.0,621.0,657.0,655.0,592.0,583.0
5051.0,4919.0,4859.0,4667.0,4670.0,4772.0,4382.0,4269.0,4221.0,4129.0,5016.0,4253.0,4000.0,3935.0,2096.0,1426.0,3209.0,3604.0,13134.0,31777.0,37152.0,38148.0,44968.0,46335.0,47353.0,43869.0,45451.0,46410.0,48818.0,48114.0,56156.0,55433.0,55915.0,53498.0,54001.0,50161.0,50404.0,48874.0,48596.0,48664.0,45576.0,44301.0,44724.0,44784.0,44843.0,46892.0,46481.0,46531.0,46759.0,46524.0,41479.0,41873.0,41775.0,41499.0,41739.0,35075.0,34575.0,34338.0,34503.0,33859.0,17070.0,17264.0,16935.0,17072.0,16603.0,5990.0,6015.0,5869.0,5685.0,5669.0,2001.0,2061.0,2102.0,2041.0,1994.0,1213.0,1221.0,1225.0,1199.0,1166.0,985.0,970.0,989.0,953.0,922.0,639.0,633.0,615.0,577.0,593.0
5191.0,4887.0,4645.0,4543.0,4639.0,4707.0,4393.0,4382.0,4088.0,4350.0,4404.0,4057.0,3847.0,3649.0,3743.0,1613.0,3347.0,3527.0,13705.0,32272.0,37606.0,38647.0,44182.0,45856.0,47756.0,44045.0,44027.0,46310.0,46732.0,48672.0,53893.0,55901.0,56402.0,56855.0,54002.0,52162.0,50626.0,50662.0,48637.0,49065.0,46072.0,45344.0,44881.0,44961.0,45237.0,47076.0,46806.0,46623.0,46814.0,46719.0,41446.0,42059.0,42069.0,42001.0,41580.0,35433.0,34706.0,34727.0,34698.0,34376.0,17039.0,17418.0,17222.0,17115.0,16666.0,6180.0,5794.0,5759.0,5517.0,5703.0,2048.0,2069.0,2085.0,2148.0,1952.0,1224.0,1309.0,1179.0,1240.0,1207.0,1011.0,1039.0,1002.0,982.0,988.0,652.0,644.0,587.0,611.0,566.0
4683.0,4358.0,4337.0,4247.0,4184.0,4279.0,4206.0,4026.0,4061.0,3908.0,4272.0,3826.0,3620.0,3668.0,3621.0,5462.0,3357.0,3418.0,13152.0,32531.0,37659.0,39012.0,45010.0,45939.0,47811.0,44341.0,44210.0,44910.0,46840.0,46871.0,53662.0,53498.0,56830.0,57296.0,57057.0,52533.0,52531.0,51110.0,50747.0,49190.0,46481.0,45617.0,46065.0,45004.0,45305.0,47066.0,47063.0,47323.0,47045.0,47217.0,42074.0,42571.0,42418.0,42336.0,42263.0,35704.0,35097.0,35288.0,34816.0,34366.0,17350.0,17601.0,17250.0,17364.0,16836.0,6067.0,6013.0,5823.0,5764.0,5699.0,2018.0,2077.0,2038.0,2065.0,2033.0,1241.0,1232.0,1311.0,1251.0,1236.0,1005.0,1019.0,1055.0,962.0,922.0,626.0,634.0,605.0,608.0,578.0
4793.0,4335.0,4354.0,4329.0,4413.0,4309.0,4014.0,4080.0,3894.0,3913.0,4078.0,3848.0,3714.0,3587.0,3763.0,3637.0,5321.0,3604.0,13238.0,31951.0,37289.0,38885.0,44656.0,45686.0,47559.0,43924.0,44325.0,44821.0,45451.0,47069.0,52093.0,54025.0,53969.0,57064.0,57020.0,55073.0,52509.0,53023.0,50101.0,50535.0,46078.0,45493.0,45694.0,45515.0,44743.0,46992.0,46887.0,47336.0,47235.0,47230.0,41619.0,42266.0,42304.0,42541.0,42237.0,34959.0,34680.0,34968.0,34572.0,34607.0,17292.0,17409.0,17024.0,17215.0,16874.0,6015.0,6105.0,5847.0,5707.0,5725.0,2017.0,2081.0,2094.0,2041.0,2072.0,1318.0,1244.0,1160.0,1232.0,1164.0,998.0,1000.0,965.0,1010.0,934.0,627.0,620.0,611.0,612.0,540.0
4654.0,4285.0,4322.0,4307.0,4233.0,4409.0,3957.0,4019.0,3971.0,3939.0,4022.0,3735.0,3806.0,3619.0,3867.0,3097.0,4663.0,4971.0,15147.0,33731.0,39020.0,40493.0,46003.0,47458.0,49294.0,42084.0,43073.0,43298.0,43822.0,43539.0,50254.0,50163.0,52165.0,52541.0,55061.0,54513.0,54949.0,52150.0,51736.0,49622.0,46805.0,44938.0,45003.0,44712.0,45043.0,44739.0,44919.0,44868.0,44504.0,44831.0,39609.0,39787.0,39827.0,40244.0,39841.0,34328.0,34426.0,33965.0,33862.0,33787.0,17022.0,17041.0,16749.0,16447.0,16204.0,5953.0,5908.0,5720.0,5603.0,5658.0,1918.0,1953.0,1926.0,2004.0,1971.0,1236.0,1266.0,1213.0,1169.0,1109.0,959.0,957.0,950.0,904.0,896.0,613.0,603.0,580.0,610.0,569.0
4708.0,4272.0,4335.0,3963.0,4070.0,4137.0,4025.0,3978.0,4006.0,3934.0,3957.0,3849.0,3779.0,3721.0,3919.0,3243.0,4951.0,4996.0,15367.0,33817.0,39267.0,40585.0,46587.0,47794.0,49492.0,41635.0,41863.0,43400.0,43620.0,43684.0,48740.0,50389.0,50628.0,52508.0,52536.0,54956.0,54798.0,54910.0,51602.0,51771.0,46911.0,46421.0,44757.0,45277.0,44912.0,45446.0,44679.0,45500.0,44570.0,45273.0,40168.0,40097.0,39967.0,40241.0,40278.0,35010.0,34357.0,34105.0,33771.0,33900.0,17352.0,17115.0,16806.0,16736.0,16343.0,5998.0,5737.0,5779.0,5526.0,5524.0,2017.0,2044.0,1982.0,2023.0,1924.0,1196.0,1164.0,1222.0,1183.0,1168.0,975.0,942.0,919.0,951.0,944.0,606.0,608.0,626.0,615.0,574.0
4699.0,4323.0,4267.0,3955.0,3966.0,4228.0,4031.0,4017.0,3871.0,4132.0,4057.0,3718.0,3699.0,3696.0,3992.0,3256.0,4988.0,5105.0,15477.0,33627.0,39296.0,41053.0,46745.0,48124.0,49652.0,42531.0,42172.0,43173.0,43939.0,44130.0,48975.0,48880.0,50682.0,51092.0,52974.0,52162.0,54906.0,54761.0,54990.0,51486.0,48504.0,46689.0,46986.0,45061.0,45358.0,45576.0,45353.0,44723.0,44919.0,45466.0,40164.0,40329.0,40232.0,40852.0,40010.0,35139.0,34504.0,34628.0,34054.0,33634.0,17191.0,17182.0,16793.0,16605.0,16234.0,6076.0,5808.0,5813.0,5646.0,5386.0,1954.0,1956.0,2045.0,2024.0,1953.0,1212.0,1221.0,1135.0,1130.0,1172.0,922.0,987.0,961.0,967.0,926.0,623.0,602.0,585.0,623.0,611.0
4690.0,4241.0,4167.0,4069.0,4122.0,4029.0,3952.0,3953.0,3854.0,3952.0,3874.0,3695.0,3757.0,3828.0,3994.0,3282.0,5019.0,5190.0,15396.0,33597.0,39285.0,40538.0,46121.0,47546.0,48936.0,41902.0,41664.0,42675.0,42862.0,43856.0,48860.0,48574.0,48617.0,50785.0,50087.0,51763.0,51622.0,54979.0,54600.0,54527.0,48358.0,48594.0,46370.0,46562.0,44917.0,44941.0,45676.0,45814.0,44730.0,45145.0,40017.0,40061.0,40563.0,40205.0,39634.0,34666.0,33718.0,34579.0,34064.0,33487.0,16905.0,17077.0,16809.0,16588.0,16315.0,5992.0,5928.0,5653.0,5566.0,5579.0,2042.0,1974.0,2061.0,1996.0,2029.0,1249.0,1196.0,1152.0,1140.0,1172.0,925.0,994.0,920.0,908.0,942.0,660.0,644.0,589.0,573.0,591.0
4496.0,4200.0,4211.0,4112.0,4104.0,4042.0,3989.0,3862.0,3976.0,3886.0,3854.0,3804.0,3719.0,3786.0,4075.0,3147.0,5098.0,5190.0,15135.0,33596.0,38798.0,40263.0,46484.0,47335.0,48922.0,41680.0,41998.0,42583.0,43319.0,42820.0,48886.0,48665.0,49070.0,49182.0,50528.0,49616.0,51754.0,51496.0,54542.0,54425.0,51395.0,48278.0,48242.0,46656.0,46708.0,45418.0,45262.0,45681.0,45722.0,44835.0,39825.0,40194.0,39620.0,40711.0,39665.0,34913.0,34807.0,34342.0,33727.0,33620.0,16954.0,16925.0,16652.0,16594.0,16260.0,5902.0,5978.0,5643.0,5562.0,5577.0,2040.0,2001.0,2020.0,1932.0,1972.0,1205.0,1177.0,1163.0,1164.0,1132.0,956.0,972.0,997.0,928.0,1024.0,622.0,628.0,619.0,652.0,566.0
4193.0,4047.0,3877.0,3962.0,3797.0,3732.0,3676.0,3606.0,3632.0,3688.0,3564.0,3480.0,3467.0,3556.0,3789.0,3023.0,4765.0,5054.0,14121.0,31447.0,36904.0,38258.0,43379.0,44631.0,45644.0,39077.0,39528.0,40367.0,40676.0,40473.0,45424.0,45568.0,46085.0,46484.0,46037.0,46810.0,46925.0,48519.0,48359.0,51374.0,48666.0,48012.0,45672.0,45844.0,43935.0,44081.0,42492.0,42902.0,42674.0,43020.0,37847.0,37979.0,37908.0,38171.0,37472.0,32857.0,32379.0,32623.0,32092.0,31763.0,16200.0,15932.0,15986.0,15649.0,15266.0,5676.0,5542.0,5288.0,5291.0,5272.0,1787.0,1827.0,1901.0,1794.0,1822.0,1169.0,1121.0,1101.0,1052.0,1016.0,900.0,942.0,898.0,885.0,902.0,542.0,543.0,540.0,531.0,537.0
4032.0,3764.0,3793.0,3829.0,3811.0,3790.0,3585.0,3683.0,3673.0,3677.0,3606.0,3411.0,3591.0,3590.0,3765.0,2999.0,4838.0,4970.0,14161.0,31367.0,36037.0,37861.0,43122.0,43951.0,45837.0,38643.0,39015.0,39773.0,39632.0,39815.0,44719.0,44304.0,45330.0,45606.0,45474.0,44935.0,46421.0,46700.0,48558.0,48225.0,48014.0,47478.0,47611.0,45147.0,44654.0,43712.0,43550.0,42928.0,42508.0,42695.0,37983.0,37494.0,37726.0,37760.0,37609.0,32977.0,32078.0,31949.0,31553.0,31207.0,15870.0,15652.0,15594.0,15138.0,15190.0,5470.0,5559.0,5301.0,5223.0,5158.0,1811.0,1858.0,1879.0,1804.0,1791.0,1151.0,1131.0,1132.0,1137.0,1051.0,936.0,874.0,862.0,860.0,831.0,550.0,591.0,600.0,554.0,543.0
4134.0,3770.0,3797.0,3779.0,3789.0,3705.0,3568.0,3548.0,3544.0,3625.0,3564.0,3364.0,3447.0,3535.0,3859.0,3096.0,4736.0,4800.0,14111.0,31548.0,36624.0,37901.0,43397.0,44103.0,45973.0,38977.0,39304.0,39314.0,40505.0,40164.0,44952.0,44728.0,44868.0,46056.0,45693.0,44993.0,44797.0,46991.0,46378.0,48236.0,45651.0,47623.0,48150.0,48034.0,45316.0,46273.0,44165.0,44529.0,42950.0,43082.0,38090.0,38192.0,37680.0,38034.0,37800.0,32993.0,32537.0,32013.0,31849.0,31701.0,16130.0,16252.0,15626.0,15507.0,15204.0,5498.0,5611.0,5292.0,5298.0,5096.0,1866.0,1859.0,1779.0,1847.0,1871.0,1135.0,1103.0,1100.0,1076.0,1110.0,864.0,915.0,921.0,881.0,836.0,588.0,538.0,538.0,499.0,539.0
4095.0,3862.0,3665.0,3776.0,3748.0,3707.0,3596.0,3508.0,3575.0,3787.0,3441.0,3438.0,3496.0,3566.0,3757.0,3104.0,4846.0,5046.0,13950.0,31539.0,36352.0,37697.0,42992.0,44028.0,45747.0,39049.0,38700.0,39659.0,39519.0,39787.0,44718.0,44802.0,44973.0,45003.0,45520.0,44707.0,45323.0,45047.0,46562.0,46643.0,45834.0,45139.0,48017.0,48138.0,47981.0,45809.0,45716.0,44422.0,44194.0,42926.0,37667.0,38169.0,38759.0,37990.0,37494.0,32779.0,32312.0,32255.0,31768.0,31491.0,16064.0,15932.0,15556.0,15712.0,15323.0,5521.0,5445.0,5394.0,5249.0,5214.0,1819.0,1799.0,1857.0,1800.0,1871.0,1108.0,1106.0,1110.0,1084.0,1079.0,909.0,829.0,879.0,845.0,835.0,606.0,553.0,576.0,559.0,547.0
3888.0,3875.0,3711.0,3638.0,3731.0,3659.0,3549.0,3558.0,3681.0,3677.0,3483.0,3405.0,3477.0,3491.0,3714.0,2935.0,4872.0,5138.0,13862.0,31336.0,36303.0,37576.0,42594.0,43727.0,45827.0,38815.0,38702.0,39239.0,39545.0,39720.0,44727.0,44865.0,45229.0,45312.0,44736.0,45055.0,44885.0,45363.0,44913.0,46693.0,43911.0,44654.0,45290.0,47999.0,47494.0,48376.0,45562.0,45739.0,44363.0,44167.0,37989.0,38423.0,38395.0,38652.0,37418.0,32441.0,32618.0,32542.0,31972.0,31532.0,16086.0,15869.0,15809.0,15376.0,15369.0,5578.0,5548.0,5315.0,5352.0,5136.0,1782.0,1723.0,1874.0,1828.0,1818.0,1069.0,1099.0,1128.0,1081.0,1057.0,929.0,908.0,913.0,912.0,876.0,565.0,552.0,558.0,570.0,539.0
3910.0,3710.0,3725.0,3636.0,3653.0,3583.0,3461.0,3419.0,3419.0,3456.0,3252.0,3213.0,3236.0,3241.0,3345.0,3036.0,4821.0,5039.0,12727.0,30340.0,35209.0,36683.0,41591.0,42782.0,44326.0,40394.0,40828.0,41383.0,41944.0,42103.0,46171.0,46893.0,47061.0,47077.0,47007.0,44742.0,45435.0,45580.0,44920.0,45407.0,44126.0,43719.0,46281.0,45829.0,48360.0,49355.0,49501.0,47109.0,46888.0,44980.0,40315.0,39147.0,39257.0,39657.0,38835.0,32604.0,32223.0,32251.0,32314.0,31730.0,15595.0,15405.0,15282.0,15230.0,15125.0,5782.0,5623.0,5489.0,5349.0,5300.0,1886.0,1875.0,1919.0,1820.0,1836.0,1182.0,1099.0,1181.0,1122.0,1019.0,884.0,934.0,893.0,889.0,913.0,618.0,568.0,614.0,566.0,510.0
3902.0,3741.0,3629.0,3589.0,3703.0,3642.0,3391.0,3410.0,3290.0,3519.0,3501.0,3347.0,3231.0,3181.0,3388.0,3059.0,4861.0,5134.0,12657.0,30531.0,34921.0,36271.0,41768.0,42824.0,44192.0,40547.0,41155.0,41539.0,41885.0,41693.0,46470.0,46492.0,46795.0,47076.0,46876.0,44920.0,44676.0,45382.0,45680.0,45290.0,42492.0,43542.0,44151.0,45695.0,45549.0,49491.0,50309.0,50145.0,46810.0,47094.0,40162.0,40465.0,39131.0,39170.0,38697.0,33701.0,32213.0,32238.0,31658.0,31776.0,15772.0,15673.0,15422.0,15151.0,15143.0,5888.0,5812.0,5343.0,5247.0,5155.0,1826.0,1880.0,1887.0,1889.0,1853.0,1167.0,1145.0,1144.0,1085.0,1084.0,985.0,917.0,930.0,893.0,889.0,639.0,591.0,581.0,566.0,552.0
3915.0,3760.0,3704.0,3684.0,3639.0,3595.0,3423.0,3472.0,3489.0,3549.0,3449.0,3213.0,3233.0,3221.0,3470.0,2953.0,4915.0,4958.0,12472.0,30610.0,35092.0,37131.0,42301.0,42930.0,44642.0,40875.0,40914.0,41957.0,41695.0,41905.0,46505.0,46521.0,46625.0,47320.0,47303.0,44896.0,45520.0,44727.0,45812.0,45684.0,42908.0,42925.0,44546.0,44410.0,45761.0,47102.0,50168.0,50173.0,50155.0,47210.0,42114.0,40659.0,40668.0,39788.0,39075.0,33686.0,33174.0,32751.0,31986.0,31891.0,15911.0,15986.0,15760.0,15274.0,14968.0,5860.0,5761.0,5600.0,5360.0,5246.0,1914.0,1852.0,1971.0,1936.0,1835.0,1186.0,1150.0,1133.0,1069.0,1123.0,948.0,923.0,914.0,958.0,879.0,542.0,589.0,580.0,573.0,551.0
3887.0,3720.0,3579.0,3558.0,3811.0,3597.0,3427.0,3433.0,3452.0,3485.0,3342.0,3278.0,3278.0,3282.0,3364.0,2808.0,4771.0,5057.0,12559.0,30222.0,34883.0,36571.0,41784.0,42974.0,44469.0,40566.0,40582.0,41315.0,41714.0,41678.0,47031.0,46765.0,46808.0,47051.0,47236.0,44511.0,44590.0,44929.0,44724.0,45713.0,42695.0,42476.0,42938.0,44173.0,44361.0,46907.0,46799.0,50136.0,49642.0,50066.0,42217.0,42150.0,41089.0,40868.0,38908.0,33288.0,32969.0,32871.0,32140.0,31765.0,15979.0,15935.0,15610.0,15443.0,14926.0,5803.0,5731.0,5654.0,5455.0,5343.0,1904.0,1946.0,1826.0,1865.0,1849.0,1138.0,1126.0,1146.0,1162.0,1076.0,947.0,880.0,902.0,940.0,913.0,578.0,515.0,582.0,570.0,504.0
3860.0,3623.0,3642.0,3695.0,3662.0,3695.0,3388.0,3322.0,3405.0,3462.0,3324.0,3285.0,3243.0,3318.0,3361.0,3022.0,4885.0,5066.0,12942.0,30235.0,35496.0,36401.0,41718.0,42756.0,45068.0,41136.0,40893.0,41595.0,42371.0,41895.0,46627.0,46528.0,46734.0,47210.0,47247.0,44860.0,45287.0,45458.0,45145.0,44824.0,43043.0,42681.0,43098.0,42932.0,44190.0,44961.0,47068.0,47174.0,50093.0,50571.0,45218.0,42579.0,43046.0,40969.0,40704.0,33669.0,32923.0,32970.0,32943.0,31919.0,16027.0,16053.0,15986.0,15758.0,15188.0,5871.0,5751.0,5557.0,5548.0,5451.0,1903.0,1849.0,1924.0,1902.0,1809.0,1193.0,1223.0,1153.0,1115.0,1095.0,930.0,988.0,937.0,939.0,910.0,576.0,571.0,595.0,543.0,584.0
3837.0,3704.0,3681.0,3702.0,3765.0,3564.0,3563.0,3535.0,3476.0,3554.0,3402.0,3384.0,3222.0,3309.0,3547.0,3027.0,4606.0,4866.0,11620.0,26583.0,31447.0,32587.0,37163.0,38238.0,39372.0,36249.0,36494.0,36762.0,37026.0,37155.0,41483.0,41482.0,41468.0,42116.0,41637.0,39599.0,40177.0,40137.0,40022.0,39801.0,37829.0,37959.0,38067.0,37665.0,37971.0,40300.0,40172.0,42099.0,42219.0,45213.0,40560.0,41157.0,38579.0,38621.0,36464.0,31554.0,29404.0,29758.0,29008.0,28923.0,14417.0,14579.0,14316.0,13906.0,13640.0,5378.0,5362.0,5108.0,5213.0,4868.0,2103.0,1946.0,1942.0,1980.0,1906.0,1173.0,1167.0,1190.0,1165.0,1111.0,962.0,958.0,969.0,912.0,931.0,557.0,587.0,553.0,577.0,613.0
2220.0,3963.0,4104.0,3949.0,4226.0,3522.0,3381.0,3486.0,3443.0,3492.0,3355.0,3277.0,3341.0,3389.0,3511.0,3047.0,4608.0,4792.0,11570.0,27250.0,31546.0,32590.0,37858.0,38613.0,39715.0,36880.0,36804.0,37205.0,37360.0,37779.0,41821.0,41875.0,42037.0,42565.0,42251.0,39753.0,40095.0,40319.0,40075.0,40196.0,37973.0,37493.0,38190.0,38126.0,38427.0,39115.0,40470.0,40669.0,42162.0,42569.0,41170.0,41520.0,41759.0,38829.0,38707.0,31606.0,31132.0,29477.0,29634.0,29131.0,15143.0,14344.0,14515.0,14090.0,14049.0,5539.0,5394.0,5316.0,5005.0,5011.0,2045.0,2088.0,1897.0,1934.0,1957.0,1164.0,1187.0,1099.0,1139.0,1030.0,1002.0,921.0,897.0,938.0,913.0,600.0,597.0,570.0,603.0,599.0
2091.0,1934.0,4574.0,4869.0,4990.0,3568.0,3524.0,3455.0,3379.0,3370.0,3447.0,3252.0,3302.0,3284.0,3489.0,3099.0,4604.0,4956.0,11810.0,27328.0,31836.0,32886.0,37165.0,38711.0,40132.0,36748.0,36963.0,37421.0,37456.0,37483.0,41765.0,41776.0,42047.0,42448.0,42290.0,39818.0,39947.0,40251.0,40560.0,39622.0,37899.0,37737.0,37678.0,38750.0,38356.0,39273.0,39124.0,40667.0,41089.0,43051.0,38569.0,41764.0,41569.0,41889.0,38827.0,33521.0,31268.0,31283.0,29471.0,29098.0,15495.0,15016.0,14483.0,14172.0,13903.0,5626.0,5527.0,5195.0,5164.0,4986.0,2095.0,2141.0,2114.0,1901.0,1848.0,1165.0,1194.0,1142.0,1105.0,1141.0,970.0,907.0,918.0,908.0,865.0,636.0,593.0,634.0,596.0,579.0
1992.0,1963.0,2055.0,6000.0,6520.0,3568.0,3533.0,3408.0,3526.0,3568.0,3360.0,3220.0,3292.0,3388.0,3628.0,3055.0,4721.0,4961.0,11733.0,27284.0,31647.0,32848.0,37462.0,38747.0,40166.0,37215.0,36978.0,37767.0,37736.0,37346.0,41755.0,41504.0,42002.0,42318.0,42559.0,40251.0,40242.0,40876.0,40209.0,40710.0,38162.0,37745.0,38030.0,38006.0,38668.0,39637.0,39192.0,39791.0,40881.0,40964.0,38602.0,38830.0,41908.0,42642.0,41845.0,33635.0,32985.0,31278.0,31111.0,29337.0,15238.0,15389.0,15357.0,14373.0,14007.0,5613.0,5680.0,5456.0,5153.0,5093.0,2055.0,2124.0,1972.0,2134.0,1858.0,1065.0,1125.0,1150.0,1095.0,1083.0,910.0,892.0,915.0,897.0,816.0,625.0,594.0,617.0,576.0,536.0
1901.0,1685.0,1838.0,2076.0,10161.0,3384.0,3474.0,3461.0,3494.0,3555.0,3342.0,3214.0,3198.0,3231.0,3502.0,2948.0,4679.0,4677.0,11999.0,27371.0,31277.0,32669.0,37404.0,38238.0,39958.0,36875.0,36513.0,37124.0,37285.0,37639.0,41834.0,41737.0,41555.0,42262.0,42263.0,39814.0,40263.0,40003.0,39641.0,39693.0,37466.0,37619.0,37818.0,37479.0,37421.0,38831.0,38709.0,39089.0,38884.0,40702.0,36477.0,38695.0,38833.0,41862.0,41409.0,35695.0,33093.0,32760.0,30862.0,30674.0,15094.0,14938.0,14950.0,14869.0,13975.0,5589.0,5568.0,5251.0,5340.0,4943.0,2004.0,2040.0,2117.0,2085.0,2056.0,1156.0,1135.0,1093.0,1096.0,1093.0,909.0,857.0,863.0,899.0,879.0,572.0,600.0,625.0,573.0,560.0
1556.0,1318.0,1448.0,1721.0,2243.0,3306.0,3327.0,3365.0,3458.0,3569.0,3482.0,3422.0,3278.0,3406.0,3609.0,2434.0,3835.0,3956.0,9634.0,22944.0,26320.0,27260.0,31844.0,32823.0,33880.0,30720.0,30810.0,31434.0,31460.0,31675.0,35100.0,35094.0,35403.0,35712.0,34991.0,34319.0,35004.0,35133.0,34650.0,34934.0,32856.0,32966.0,32995.0,32793.0,32437.0,32590.0,33717.0,33701.0,33309.0,33677.0,31543.0,31614.0,33513.0,33646.0,35683.0,30746.0,30793.0,28078.0,28032.0,26457.0,14341.0,13064.0,12881.0,12649.0,12574.0,4507.0,4481.0,4366.0,4200.0,4228.0,1422.0,1417.0,1383.0,1435.0,1376.0,1035.0,753.0,764.0,740.0,754.0,623.0,598.0,631.0,588.0,623.0,410.0,309.0,414.0,370.0,336.0
1478.0,1289.0,1391.0,1593.0,2029.0,1566.0,3597.0,3864.0,3996.0,4184.0,3507.0,3419.0,3459.0,3406.0,3736.0,2360.0,3770.0,3966.0,9359.0,22777.0,26266.0,27309.0,30969.0,32300.0,33385.0,30489.0,30469.0,31190.0,31146.0,31224.0,34709.0,34533.0,34705.0,35085.0,34695.0,34457.0,34372.0,34489.0,33727.0,34821.0,32395.0,32096.0,32539.0,32322.0,32634.0,32229.0,32220.0,33199.0,32973.0,32940.0,29392.0,31123.0,31305.0,32977.0,33085.0,30790.0,30332.0,30110.0,27600.0,27461.0,14174.0,13976.0,12572.0,12436.0,12494.0,5127.0,4407.0,4346.0,4293.0,4197.0,1598.0,1464.0,1385.0,1467.0,1417.0,870.0,946.0,774.0,730.0,747.0,637.0,619.0,605.0,602.0,583.0,381.0,374.0,380.0,412.0,409.0
1336.0,1209.0,1244.0,1386.0,1916.0,1432.0,1515.0,4527.0,4759.0,4966.0,3475.0,3396.0,3446.0,3509.0,3636.0,2360.0,3737.0,3867.0,9156.0,22572.0,26193.0,27409.0,31324.0,32312.0,33017.0,30519.0,30400.0,30747.0,31169.0,31050.0,34995.0,34340.0,34745.0,35297.0,34985.0,33956.0,34119.0,34620.0,34607.0,34337.0,32638.0,31935.0,32015.0,32256.0,32539.0,32270.0,32258.0,32761.0,32855.0,32951.0,29757.0,29469.0,31285.0,31285.0,32764.0,28094.0,30114.0,30285.0,29874.0,27457.0,15640.0,13851.0,13756.0,12641.0,12328.0,5104.0,4999.0,4106.0,4199.0,4249.0,1616.0,1618.0,1408.0,1395.0,1448.0,908.0,903.0,941.0,715.0,738.0,632.0,630.0,610.0,596.0,559.0,389.0,405.0,395.0,406.0,393.0
1293.0,1184.0,1209.0,1199.0,1618.0,1338.0,1383.0,1512.0,6052.0,6664.0,3405.0,3419.0,3560.0,3549.0,3883.0,2323.0,3782.0,3719.0,9341.0,22283.0,25941.0,26985.0,30834.0,31736.0,32854.0,29941.0,29938.0,30233.0,30737.0,30660.0,34213.0,34496.0,34702.0,34807.0,34580.0,33872.0,33793.0,34042.0,34076.0,33723.0,32076.0,31556.0,31859.0,31759.0,31979.0,32322.0,31661.0,32005.0,32137.0,32950.0,28986.0,29639.0,29481.0,31117.0,30884.0,28057.0,27610.0,29865.0,29145.0,29551.0,15437.0,15300.0,13905.0,13553.0,12118.0,4916.0,4942.0,4855.0,4151.0,4237.0,1594.0,1546.0,1583.0,1333.0,1393.0,873.0,883.0,928.0,860.0,724.0,573.0,616.0,565.0,603.0,571.0,380.0,371.0,402.0,368.0,350.0
1271.0,1154.0,1174.0,1137.0,1530.0,1228.0,1319.0,1464.0,1735.0,10592.0,3367.0,3500.0,3595.0,3689.0,3978.0,2229.0,3714.0,3826.0,9276.0,22333.0,25520.0,26840.0,30784.0,31390.0,32810.0,29815.0,30055.0,30498.0,30830.0,30669.0,34102.0,33865.0,34363.0,34368.0,34631.0,33785.0,33873.0,33624.0,33486.0,33632.0,31766.0,31199.0,31710.0,31514.0,31553.0,31738.0,31773.0,31896.0,31761.0,31932.0,28937.0,29136.0,29095.0,29350.0,30655.0,26463.0,27455.0,27472.0,29548.0,29799.0,17404.0,15340.0,15223.0,13407.0,13239.0,4922.0,5075.0,4805.0,4737.0,4126.0,1483.0,1610.0,1568.0,1581.0,1362.0,877.0,872.0,907.0,847.0,845.0,609.0,624.0,622.0,605.0,568.0,396.0,364.0,391.0,353.0,404.0
1181.0,1011.0,1079.0,1133.0,1208.0,1131.0,1094.0,1301.0,1537.0,2124.0,4632.0,4940.0,5126.0,5177.0,5397.0,2198.0,2775.0,3024.0,5314.0,11248.0,13260.0,13754.0,15384.0,15975.0,16361.0,15199.0,15420.0,15675.0,15750.0,15693.0,17244.0,17062.0,17045.0,17348.0,17290.0,17018.0,17339.0,17202.0,16898.0,16965.0,16201.0,15852.0,16131.0,16071.0,16082.0,15585.0,15779.0,15894.0,15976.0,16029.0,14422.0,15154.0,15496.0,15254.0,15093.0,14330.0,14167.0,15646.0,15420.0,17395.0,11916.0,12023.0,9519.0,9692.0,7987.0,4207.0,3161.0,3185.0,2980.0,2960.0,1561.0,1493.0,1475.0,1502.0,1459.0,854.0,805.0,859.0,838.0,833.0,707.0,523.0,589.0,518.0,563.0,362.0,380.0,339.0,326.0,331.0
1155.0,1020.0,1018.0,1071.0,1162.0,1002.0,1076.0,1180.0,1410.0,2022.0,1551.0,5570.0,6088.0,6085.0,6574.0,2152.0,2730.0,2937.0,5480.0,11231.0,12983.0,13821.0,15669.0,15911.0,16525.0,15484.0,15205.0,15579.0,15523.0,15611.0,17302.0,17277.0,17414.0,17592.0,17416.0,17044.0,17120.0,17181.0,17079.0,16928.0,15922.0,15634.0,16257.0,15947.0,15881.0,15402.0,15666.0,15995.0,15946.0,16041.0,14582.0,14342.0,15024.0,15384.0,14946.0,13071.0,13976.0,13855.0,15308.0,15346.0,12022.0,12000.0,11875.0,9373.0,9581.0,4221.0,4214.0,3067.0,3111.0,2997.0,2052.0,1394.0,1375.0,1497.0,1421.0,1019.0,848.0,821.0,818.0,751.0,678.0,638.0,572.0,552.0,569.0,375.0,316.0,345.0,364.0,357.0
1161.0,981.0,983.0,1034.0,1117.0,1053.0,1048.0,1079.0,1231.0,1828.0,1456.0,1658.0,7078.0,7723.0,8144.0,2140.0,2823.0,2934.0,5255.0,11224.0,13084.0,13560.0,15237.0,15840.0,16172.0,15147.0,15044.0,15354.0,15690.0,15476.0,17212.0,16936.0,17219.0,17236.0,17013.0,16758.0,16815.0,16787.0,16803.0,16645.0,15975.0,15594.0,15620.0,15568.0,15804.0,15282.0,15430.0,15757.0,15616.0,15974.0,14311.0,14501.0,14481.0,15342.0,14975.0,12888.0,12571.0,13759.0,13914.0,15214.0,9516.0,11876.0,11747.0,12048.0,9430.0,5263.0,4138.0,4154.0,2978.0,3134.0,2020.0,2068.0,1445.0,1462.0,1453.0,994.0,936.0,825.0,806.0,754.0,665.0,601.0,660.0,542.0,578.0,355.0,317.0,363.0,355.0,312.0
1159.0,994.0,996.0,991.0,1115.0,999.0,908.0,1026.0,1080.0,1530.0,1356.0,1511.0,1842.0,10121.0,11189.0,2136.0,2956.0,2876.0,5127.0,11117.0,12766.0,13333.0,15189.0,15526.0,15989.0,15159.0,15071.0,15487.0,15373.0,15334.0,16929.0,17068.0,17123.0,17364.0,17200.0,16452.0,16748.0,16596.0,16580.0,16589.0,15658.0,15125.0,15503.0,15715.0,15379.0,15244.0,15147.0,15268.0,15459.0,15777.0,13910.0,14081.0,14164.0,14365.0,14871.0,12649.0,12441.0,12635.0,13557.0,13406.0,9688.0,9378.0,12043.0,11839.0,11560.0,5336.0,5315.0,4128.0,3967.0,2942.0,1969.0,2036.0,1901.0,1408.0,1462.0,1015.0,1015.0,958.0,797.0,833.0,664.0,661.0,691.0,669.0,541.0,354.0,366.0,335.0,359.0,356.0
1133.0,964.0,990.0,917.0,952.0,937.0,901.0,926.0,1006.0,1462.0,1094.0,1354.0,1744.0,2190.0,18616.0,2217.0,2880.0,3017.0,5136.0,10898.0,12941.0,12914.0,14862.0,15345.0,15792.0,14838.0,14756.0,15004.0,15000.0,15072.0,16674.0,16612.0,16679.0,16830.0,16869.0,16226.0,16344.0,16225.0,16303.0,16272.0,15277.0,15184.0,15207.0,15344.0,15339.0,15120.0,15145.0,14982.0,14924.0,15184.0,13644.0,14057.0,13897.0,13993.0,13982.0,12556.0,12481.0,12329.0,12130.0,13237.0,7981.0,9587.0,9428.0,11561.0,11401.0,6615.0,5210.0,5201.0,4028.0,4064.0,1994.0,1960.0,1946.0,2036.0,1323.0,988.0,1002.0,964.0,993.0,757.0,684.0,676.0,686.0,624.0,629.0,317.0,339.0,382.0,341.0,311.0
615.0,506.0,522.0,540.0,524.0,511.0,551.0,595.0,660.0,806.0,686.0,853.0,1194.0,1714.0,2782.0,3606.0,4049.0,4220.0,2020.0,3951.0,4705.0,4742.0,5424.0,5526.0,5653.0,5439.0,5523.0,5518.0,5636.0,5435.0,6219.0,5987.0,6177.0,6066.0,6020.0,5947.0,5992.0,6068.0,5995.0,5892.0,5670.0,5464.0,5497.0,5522.0,5579.0,5785.0,5886.0,5851.0,5807.0,5874.0,5376.0,5538.0,5628.0,5615.0,5588.0,4507.0,5123.0,5106.0,4916.0,4923.0,4205.0,4219.0,5264.0,5344.0,6615.0,3743.0,3671.0,2615.0,2670.0,1890.0,1761.0,1044.0,1137.0,1123.0,1072.0,525.0,531.0,515.0,534.0,507.0,379.0,364.0,334.0,363.0,331.0,257.0,175.0,199.0,190.0,194.0
572.0,561.0,481.0,573.0,565.0,523.0,536.0,559.0,615.0,761.0,659.0,787.0,975.0,1495.0,2492.0,795.0,5578.0,6095.0,2048.0,3937.0,4773.0,4801.0,5378.0,5510.0,5699.0,5313.0,5534.0,5535.0,5622.0,5461.0,5895.0,6007.0,5796.0,6016.0,6108.0,5914.0,5735.0,5803.0,5925.0,5983.0,5543.0,5547.0,5616.0,5443.0,5543.0,5625.0,5816.0,5749.0,5728.0,5754.0,5368.0,5396.0,5525.0,5683.0,5559.0,4477.0,4409.0,5004.0,4940.0,5080.0,3157.0,4214.0,4141.0,5316.0,5206.0,3670.0,3732.0,3684.0,2622.0,2632.0,1713.0,1839.0,1084.0,1097.0,1147.0,869.0,552.0,498.0,536.0,530.0,485.0,341.0,391.0,322.0,349.0,241.0,235.0,163.0,191.0,158.0
604.0,575.0,471.0,537.0,601.0,532.0,525.0,503.0,576.0,755.0,679.0,713.0,891.0,1209.0,2295.0,777.0,1258.0,10163.0,2008.0,3910.0,4567.0,4636.0,5168.0,5276.0,5419.0,5322.0,5099.0,5191.0,5386.0,5362.0,5669.0,5874.0,5752.0,5819.0,5854.0,5715.0,5781.0,5794.0,5652.0,5643.0,5300.0,5290.0,5282.0,5394.0,5309.0,5490.0,5350.0,5600.0,5656.0,5555.0,5101.0,5312.0,5188.0,5457.0,5256.0,4370.0,4341.0,4106.0,4851.0,4799.0,3185.0,3064.0,4154.0,4126.0,5197.0,2613.0,3687.0,3766.0,3768.0,2608.0,2510.0,1749.0,1694.0,1087.0,1030.0,799.0,804.0,543.0,521.0,548.0,458.0,414.0,404.0,341.0,365.0,239.0,245.0,250.0,179.0,158.0
1156.0,1027.0,1023.0,1019.0,1022.0,973.0,984.0,962.0,1026.0,1217.0,1053.0,1090.0,1206.0,1502.0,2199.0,1195.0,1645.0,2228.0,2017.0,3739.0,4427.0,4598.0,5073.0,5239.0,5362.0,5177.0,5202.0,5222.0,5247.0,5318.0,5685.0,5686.0,5520.0,5773.0,5705.0,5609.0,5536.0,5639.0,5565.0,5567.0,5282.0,5224.0,5295.0,5244.0,5349.0,5354.0,5250.0,5353.0,5459.0,5543.0,5210.0,4997.0,5159.0,5149.0,5336.0,4197.0,4299.0,4202.0,4147.0,4737.0,2983.0,3111.0,2979.0,3967.0,4029.0,2667.0,2618.0,3770.0,3624.0,3720.0,2447.0,2509.0,1681.0,1669.0,1064.0,780.0,836.0,809.0,518.0,519.0,456.0,456.0,472.0,324.0,370.0,219.0,248.0,260.0,254.0,171.0
1189.0,1090.0,1067.0,1074.0,1088.0,1028.0,1017.0,1085.0,1096.0,1089.0,1057.0,1126.0,1209.0,1407.0,2029.0,1144.0,1541.0,2067.0,1862.0,3768.0,4358.0,4422.0,5119.0,5210.0,5293.0,5179.0,5153.0,5053.0,5099.0,5077.0,5654.0,5672.0,5706.0,5696.0,5730.0,5668.0,5526.0,5375.0,5582.0,5570.0,5280.0,5160.0,5098.0,5216.0,5127.0,5304.0,5153.0,5248.0,5341.0,5455.0,4868.0,5004.0,4982.0,5093.0,4945.0,4222.0,4203.0,4246.0,4240.0,4129.0,2958.0,2998.0,3134.0,2943.0,4063.0,1889.0,2632.0,2606.0,3718.0,3818.0,4019.0,2581.0,2521.0,1806.0,1711.0,721.0,790.0,745.0,793.0,485.0,432.0,486.0,439.0,475.0,323.0,248.0,247.0,245.0,280.0,243.0
1548.0,1382.0,1427.0,1383.0,1465.0,1517.0,1320.0,1359.0,1313.0,1403.0,1377.0,1396.0,1535.0,1694.0,2066.0,1337.0,1575.0,2050.0,1428.0,1474.0,1738.0,1756.0,1787.0,1807.0,1856.0,2036.0,2098.0,2045.0,2044.0,2027.0,2029.0,2001.0,2046.0,2018.0,2017.0,1917.0,2017.0,1954.0,2041.0,2042.0,1787.0,1811.0,1865.0,1819.0,1781.0,1887.0,1825.0,1913.0,1903.0,1902.0,2101.0,2045.0,2096.0,2056.0,2003.0,1422.0,1599.0,1617.0,1592.0,1481.0,1562.0,2053.0,2020.0,1970.0,1994.0,1761.0,1713.0,2510.0,2447.0,4018.0,4614.0,4816.0,3179.0,3330.0,2224.0,1771.0,1039.0,1118.0,1005.0,967.0,563.0,608.0,610.0,583.0,611.0,335.0,307.0,318.0,338.0,299.0
1615.0,1404.0,1495.0,1501.0,1422.0,1440.0,1381.0,1374.0,1354.0,1506.0,1411.0,1375.0,1470.0,1710.0,2061.0,1241.0,1520.0,1848.0,1391.0,1518.0,1705.0,1816.0,1801.0,1745.0,1881.0,2139.0,2129.0,2076.0,2108.0,2048.0,1925.0,2061.0,2070.0,2078.0,2080.0,1953.0,2042.0,1954.0,1974.0,2001.0,1824.0,1859.0,1859.0,1800.0,1724.0,1875.0,1879.0,1851.0,1945.0,1849.0,1946.0,2087.0,2141.0,2124.0,2040.0,1417.0,1465.0,1618.0,1547.0,1609.0,1493.0,1394.0,2068.0,2035.0,1959.0,1044.0,1839.0,1749.0,2509.0,2581.0,4816.0,4528.0,4703.0,3263.0,3196.0,1777.0,1841.0,1058.0,1065.0,1014.0,1010.0,597.0,579.0,610.0,584.0,465.0,357.0,321.0,354.0,312.0
1598.0,1465.0,1512.0,1443.0,1470.0,1428.0,1408.0,1397.0,1380.0,1473.0,1436.0,1379.0,1415.0,1660.0,1934.0,1315.0,1365.0,1703.0,1433.0,1394.0,1736.0,1794.0,1765.0,1835.0,1814.0,2106.0,1969.0,2066.0,2077.0,2087.0,1969.0,2105.0,2084.0,2036.0,2094.0,1925.0,1982.0,2044.0,2061.0,2019.0,1901.0,1880.0,1781.0,1858.0,1874.0,1920.0,1886.0,1972.0,1825.0,1922.0,1941.0,1897.0,2114.0,1972.0,2117.0,1382.0,1385.0,1410.0,1584.0,1568.0,1474.0,1375.0,1444.0,1900.0,1946.0,1136.0,1084.0,1695.0,1682.0,2522.0,3178.0,4701.0,4870.0,4809.0,3287.0,2623.0,1797.0,1777.0,1089.0,1066.0,955.0,961.0,593.0,542.0,597.0,444.0,456.0,329.0,320.0,306.0
1678.0,1546.0,1552.0,1517.0,1543.0,1531.0,1447.0,1444.0,1419.0,1520.0,1410.0,1465.0,1383.0,1507.0,1950.0,1357.0,1429.0,1598.0,1449.0,1443.0,1724.0,1750.0,1835.0,1793.0,1821.0,2096.0,2182.0,2146.0,2044.0,2136.0,2023.0,2044.0,2148.0,2065.0,2039.0,2004.0,2024.0,2024.0,1996.0,1932.0,1794.0,1804.0,1845.0,1798.0,1827.0,1820.0,1889.0,1936.0,1865.0,1901.0,1979.0,1933.0,1901.0,2135.0,2085.0,1434.0,1467.0,1393.0,1333.0,1582.0,1502.0,1497.0,1462.0,1408.0,2036.0,1123.0,1097.0,1088.0,1669.0,1805.0,3330.0,3263.0,4809.0,4842.0,4750.0,2703.0,2679.0,1786.0,1793.0,1068.0,971.0,981.0,981.0,578.0,604.0,472.0,441.0,454.0,325.0,335.0
1670.0,1539.0,1456.0,1447.0,1437.0,1435.0,1391.0,1367.0,1401.0,1455.0,1380.0,1471.0,1356.0,1466.0,1667.0,1342.0,1414.0,1585.0,1365.0,1419.0,1687.0,1741.0,1833.0,1722.0,1857.0,2049.0,2090.0,2034.0,2059.0,2007.0,2030.0,1992.0,1951.0,2031.0,2075.0,1970.0,1924.0,1952.0,2029.0,1972.0,1822.0,1792.0,1870.0,1871.0,1818.0,1835.0,1853.0,1836.0,1849.0,1809.0,1906.0,1957.0,1848.0,1857.0,2057.0,1377.0,1418.0,1448.0,1393.0,1362.0,1460.0,1421.0,1453.0,1461.0,1323.0,1072.0,1147.0,1030.0,1064.0,1709.0,2224.0,3197.0,3287.0,4750.0,4743.0,3797.0,2550.0,2725.0,1775.0,1824.0,1007.0,998.0,929.0,917.0,593.0,444.0,490.0,454.0,417.0,291.0
1076.0,1025.0,977.0,965.0,978.0,975.0,968.0,925.0,916.0,932.0,941.0,955.0,970.0,1020.0,1178.0,821.0,973.0,1095.0,847.0,904.0,1158.0,1075.0,1107.0,1093.0,1185.0,1214.0,1317.0,1277.0,1339.0,1302.0,1228.0,1213.0,1225.0,1242.0,1320.0,1236.0,1196.0,1213.0,1249.0,1205.0,1168.0,1151.0,1135.0,1107.0,1069.0,1183.0,1167.0,1186.0,1139.0,1193.0,1173.0,1164.0,1165.0,1064.0,1157.0,1035.0,870.0,908.0,873.0,877.0,854.0,1018.0,995.0,1016.0,986.0,525.0,869.0,799.0,780.0,721.0,1771.0,1777.0,2623.0,2703.0,3798.0,2582.0,2660.0,1798.0,1788.0,1088.0,974.0,542.0,600.0,608.0,596.0,279.0,278.0,283.0,286.0,288.0
1012.0,1027.0,943.0,951.0,966.0,905.0,960.0,881.0,884.0,995.0,924.0,932.0,939.0,997.0,1135.0,901.0,902.0,1056.0,855.0,878.0,1064.0,1027.0,1078.0,1048.0,1086.0,1222.0,1248.0,1220.0,1179.0,1291.0,1193.0,1222.0,1309.0,1231.0,1246.0,1266.0,1165.0,1223.0,1195.0,1177.0,1122.0,1131.0,1102.0,1106.0,1101.0,1099.0,1146.0,1150.0,1126.0,1223.0,1167.0,1187.0,1194.0,1125.0,1135.0,754.0,946.0,903.0,883.0,872.0,805.0,848.0,936.0,1015.0,1001.0,531.0,552.0,804.0,836.0,790.0,1039.0,1841.0,1796.0,2680.0,2550.0,2660.0,2510.0,2573.0,1760.0,1766.0,1037.0,1066.0,561.0,582.0,555.0,497.0,259.0,303.0,291.0,300.0
1015.0,984.0,1024.0,968.0,921.0,994.0,924.0,910.0,905.0,974.0,931.0,921.0,904.0,905.0,1119.0,810.0,882.0,913.0,812.0,875.0,1007.0,1063.0,1017.0,1037.0,1042.0,1188.0,1216.0,1267.0,1248.0,1231.0,1194.0,1225.0,1178.0,1312.0,1160.0,1214.0,1222.0,1134.0,1151.0,1165.0,1101.0,1132.0,1100.0,1111.0,1129.0,1181.0,1145.0,1134.0,1146.0,1152.0,1190.0,1099.0,1142.0,1151.0,1093.0,764.0,774.0,941.0,928.0,908.0,858.0,821.0,825.0,959.0,964.0,515.0,498.0,543.0,809.0,746.0,1117.0,1057.0,1776.0,1786.0,2727.0,1798.0,2573.0,2574.0,2590.0,1697.0,1563.0,1051.0,1032.0,615.0,593.0,485.0,459.0,282.0,294.0,275.0
1013.0,945.0,1002.0,934.0,835.0,848.0,860.0,865.0,901.0,961.0,855.0,856.0,866.0,992.0,1086.0,812.0,854.0,915.0,821.0,800.0,987.0,1037.0,1097.0,1032.0,1034.0,1244.0,1188.0,1199.0,1190.0,1220.0,1171.0,1198.0,1240.0,1252.0,1233.0,1169.0,1184.0,1132.0,1143.0,1164.0,1052.0,1137.0,1076.0,1084.0,1081.0,1120.0,1085.0,1069.0,1161.0,1115.0,1165.0,1139.0,1105.0,1095.0,1096.0,742.0,730.0,715.0,859.0,847.0,838.0,819.0,806.0,796.0,993.0,534.0,536.0,522.0,518.0,794.0,1006.0,1066.0,1089.0,1793.0,1775.0,1787.0,1760.0,2590.0,2642.0,2684.0,1525.0,1639.0,1067.0,1054.0,618.0,526.0,504.0,477.0,271.0,296.0
1045.0,905.0,944.0,957.0,855.0,959.0,865.0,906.0,858.0,935.0,879.0,820.0,901.0,880.0,1016.0,882.0,777.0,900.0,825.0,875.0,946.0,1028.0,1011.0,1047.0,1043.0,1171.0,1221.0,1230.0,1212.0,1154.0,1196.0,1169.0,1208.0,1235.0,1163.0,1109.0,1167.0,1172.0,1171.0,1132.0,1017.0,1051.0,1110.0,1078.0,1057.0,1019.0,1083.0,1124.0,1076.0,1095.0,1111.0,1030.0,1141.0,1084.0,1093.0,754.0,747.0,738.0,724.0,845.0,833.0,751.0,755.0,833.0,758.0,507.0,530.0,548.0,519.0,485.0,967.0,1014.0,1065.0,1068.0,1824.0,1087.0,1766.0,1696.0,2684.0,2485.0,2401.0,1595.0,1603.0,1143.0,1023.0,462.0,482.0,543.0,495.0,292.0
850.0,870.0,836.0,835.0,823.0,810.0,829.0,732.0,773.0,756.0,705.0,659.0,678.0,734.0,871.0,659.0,663.0,783.0,678.0,735.0,873.0,854.0,951.0,898.0,918.0,1033.0,966.0,1003.0,1104.0,1039.0,995.0,986.0,1011.0,1004.0,999.0,960.0,975.0,923.0,924.0,956.0,900.0,936.0,864.0,909.0,928.0,885.0,985.0,949.0,947.0,931.0,960.0,1003.0,970.0,910.0,909.0,623.0,637.0,632.0,574.0,609.0,706.0,678.0,665.0,664.0,684.0,379.0,485.0,458.0,456.0,433.0,563.0,1010.0,954.0,971.0,1007.0,974.0,1037.0,1563.0,1526.0,2401.0,2342.0,2244.0,1435.0,1441.0,966.0,800.0,416.0,397.0,426.0,424.0
906.0,856.0,761.0,813.0,747.0,763.0,793.0,713.0,769.0,768.0,734.0,707.0,763.0,791.0,871.0,701.0,684.0,743.0,745.0,693.0,888.0,896.0,889.0,877.0,901.0,1036.0,971.0,997.0,1010.0,995.0,992.0,970.0,1039.0,1020.0,1000.0,957.0,943.0,987.0,994.0,972.0,942.0,874.0,915.0,829.0,909.0,935.0,917.0,923.0,880.0,988.0,958.0,920.0,906.0,894.0,858.0,599.0,618.0,631.0,616.0,625.0,523.0,638.0,601.0,661.0,676.0,364.0,341.0,414.0,456.0,486.0,608.0,596.0,961.0,981.0,998.0,542.0,1066.0,1051.0,1639.0,1595.0,2244.0,2321.0,2264.0,1475.0,1469.0,803.0,800.0,450.0,455.0,395.0
846.0,793.0,831.0,808.0,758.0,797.0,746.0,722.0,695.0,727.0,688.0,704.0,698.0,711.0,881.0,630.0,644.0,718.0,674.0,690.0,834.0,846.0,871.0,901.0,888.0,992.0,958.0,1063.0,1076.0,1026.0,997.0,989.0,1002.0,1056.0,965.0,950.0,920.0,961.0,920.0,997.0,898.0,861.0,921.0,879.0,913.0,893.0,931.0,914.0,902.0,936.0,969.0,897.0,918.0,914.0,864.0,631.0,605.0,610.0,564.0,621.0,589.0,571.0,660.0,691.0,686.0,334.0,391.0,404.0,472.0,439.0,610.0,579.0,593.0,981.0,929.0,601.0,561.0,1032.0,1067.0,1603.0,1435.0,2264.0,2316.0,2255.0,1485.0,1357.0,819.0,814.0,453.0,481.0
900.0,872.0,815.0,781.0,725.0,695.0,743.0,720.0,766.0,780.0,783.0,704.0,713.0,769.0,798.0,689.0,648.0,700.0,632.0,698.0,845.0,907.0,867.0,857.0,821.0,962.0,962.0,993.0,1028.0,1046.0,1000.0,953.0,981.0,962.0,1010.0,904.0,950.0,968.0,908.0,928.0,885.0,861.0,879.0,846.0,912.0,889.0,894.0,958.0,940.0,938.0,911.0,938.0,908.0,896.0,899.0,589.0,605.0,596.0,602.0,605.0,518.0,552.0,542.0,669.0,624.0,363.0,322.0,341.0,324.0,476.0,583.0,608.0,543.0,578.0,917.0,608.0,582.0,615.0,1054.0,1143.0,1442.0,1475.0,2254.0,2460.0,2384.0,1355.0,1327.0,914.0,916.0,494.0
841.0,851.0,779.0,765.0,750.0,775.0,730.0,692.0,668.0,699.0,649.0,658.0,662.0,710.0,773.0,642.0,723.0,694.0,655.0,691.0,865.0,871.0,874.0,890.0,851.0,986.0,970.0,1006.0,1014.0,1001.0,999.0,923.0,988.0,922.0,933.0,896.0,944.0,926.0,941.0,1024.0,902.0,831.0,836.0,835.0,876.0,913.0,889.0,879.0,913.0,910.0,931.0,913.0,866.0,816.0,879.0,623.0,583.0,559.0,571.0,568.0,563.0,569.0,578.0,541.0,629.0,330.0,349.0,365.0,370.0,323.0,612.0,586.0,598.0,604.0,593.0,596.0,555.0,593.0,618.0,1023.0,966.0,1469.0,1485.0,2384.0,2518.0,2044.0,1390.0,1484.0,931.0,977.0
616.0,601.0,533.0,527.0,532.0,528.0,542.0,488.0,475.0,503.0,523.0,525.0,480.0,529.0,523.0,460.0,488.0,492.0,429.0,464.0,572.0,517.0,567.0,544.0,532.0,614.0,632.0,638.0,615.0,623.0,622.0,638.0,652.0,626.0,628.0,615.0,607.0,623.0,660.0,622.0,542.0,551.0,588.0,603.0,565.0,618.0,639.0,542.0,579.0,576.0,557.0,599.0,636.0,624.0,572.0,410.0,381.0,389.0,380.0,399.0,363.0,375.0,355.0,355.0,317.0,257.0,241.0,239.0,219.0,248.0,335.0,465.0,445.0,472.0,444.0,279.0,497.0,485.0,526.0,462.0,800.0,803.0,1357.0,1355.0,2044.0,1514.0,1580.0,1025.0,1111.0,708.0
597.0,570.0,551.0,521.0,600.0,473.0,501.0,533.0,527.0,527.0,463.0,455.0,464.0,496.0,536.0,427.0,483.0,521.0,449.0,451.0,546.0,506.0,597.0,549.0,567.0,633.0,650.0,628.0,652.0,642.0,657.0,633.0,644.0,634.0,621.0,604.0,608.0,602.0,644.0,629.0,543.0,591.0,538.0,552.0,552.0,568.0,591.0,589.0,515.0,571.0,586.0,597.0,592.0,594.0,600.0,309.0,374.0,405.0,371.0,364.0,380.0,316.0,317.0,366.0,339.0,176.0,235.0,245.0,248.0,247.0,306.0,357.0,456.0,441.0,490.0,278.0,259.0,459.0,504.0,482.0,416.0,800.0,819.0,1327.0,1390.0,1580.0,1716.0,1803.0,1233.0,1239.0
565.0,573.0,571.0,534.0,584.0,520.0,478.0,506.0,471.0,492.0,472.0,440.0,452.0,492.0,488.0,415.0,465.0,488.0,419.0,446.0,538.0,532.0,532.0,551.0,599.0,627.0,624.0,651.0,587.0,624.0,655.0,615.0,587.0,605.0,611.0,580.0,627.0,585.0,590.0,618.0,540.0,600.0,538.0,577.0,558.0,615.0,581.0,580.0,582.0,595.0,553.0,570.0,635.0,617.0,625.0,414.0,380.0,394.0,402.0,391.0,339.0,345.0,363.0,335.0,382.0,199.0,163.0,250.0,260.0,245.0,318.0,321.0,329.0,455.0,454.0,283.0,303.0,282.0,477.0,543.0,397.0,450.0,814.0,914.0,1483.0,1025.0,1803.0,1954.0,2101.0,1422.0
566.0,546.0,505.0,538.0,541.0,522.0,538.0,450.0,522.0,531.0,500.0,487.0,462.0,476.0,475.0,416.0,438.0,440.0,431.0,438.0,515.0,536.0,541.0,571.0,580.0,629.0,618.0,603.0,631.0,596.0,593.0,579.0,611.0,608.0,613.0,610.0,616.0,623.0,573.0,653.0,531.0,554.0,499.0,559.0,570.0,566.0,566.0,573.0,570.0,543.0,577.0,602.0,595.0,575.0,572.0,370.0,412.0,406.0,368.0,353.0,326.0,364.0,355.0,359.0,341.0,190.0,191.0,180.0,254.0,280.0,338.0,354.0,320.0,325.0,417.0,286.0,291.0,294.0,271.0,495.0,426.0,455.0,453.0,916.0,931.0,1110.0,1232.0,2101.0,2332.0,2659.0
521.0,579.0,504.0,498.0,502.0,458.0,486.0,468.0,463.0,428.0,460.0,434.0,416.0,456.0,484.0,436.0,424.0,456.0,362.0,413.0,526.0,547.0,518.0,548.0,531.0,598.0,570.0,603.0,620.0,619.0,583.0,593.0,566.0,578.0,540.0,569.0,574.0,611.0,589.0,564.0,537.0,543.0,539.0,547.0,539.0,509.0,552.0,551.0,505.0,584.0,613.0,599.0,579.0,536.0,561.0,336.0,409.0,393.0,350.0,404.0,331.0,357.0,312.0,356.0,311.0,194.0,158.0,158.0,171.0,244.0,299.0,312.0,306.0,335.0,291.0,289.0,299.0,275.0,296.0,292.0,424.0,395.0,481.0,494.0,977.0,708.0,1239.0,1422.0,2658.0,2975.0
