10816.0,8398.0,5432.0,3866.0,3001.0,3646.0,2677.0,2284.0,2082.0,1882.0,2140.0,1726.0,1581.0,1515.0,1479.0,1261.0,1220.0,1265.0,20093.0,13764.0,12987.0,11382.0,9768.0,8129.0,7214.0,7019.0,6844.0,6717.0,5731.0,5577.0,5269.0,5072.0,4985.0,4664.0,4662.0,4577.0,4596.0,4740.0,4588.0,4476.0,4171.0,4200.0,4070.0,4020.0,4080.0,4007.0,3936.0,3950.0,3979.0,3914.0,3999.0,3936.0,3959.0,3930.0,3736.0,2735.0,1747.0,1720.0,1537.0,1479.0,1281.0,1237.0,1165.0,1228.0,1156.0,622.0,568.0,579.0,560.0,549.0,705.0,819.0,897.0,1521.0,1547.0,957.0,937.0,969.0,916.0,982.0,811.0,794.0,867.0,803.0,828.0,547.0,588.0,546.0,580.0,525.0
8401.0,6130.0,5339.0,4007.0,3128.0,3814.0,2678.0,2405.0,2111.0,1937.0,2243.0,1801.0,1686.0,1559.0,1513.0,1364.0,1184.0,1290.0,5610.0,11681.0,11179.0,9651.0,8622.0,7041.0,6879.0,6493.0,6410.0,6137.0,5376.0,5155.0,4981.0,4815.0,4728.0,4484.0,4584.0,4466.0,4375.0,4405.0,4348.0,4422.0,4070.0,4020.0,3911.0,3691.0,3867.0,3823.0,3806.0,3781.0,3876.0,3786.0,3825.0,3838.0,3690.0,3753.0,3743.0,2986.0,2866.0,1748.0,1472.0,1401.0,1201.0,1193.0,1106.0,1153.0,1100.0,585.0,530.0,515.0,524.0,524.0,652.0,708.0,833.0,1406.0,1452.0,921.0,919.0,977.0,970.0,894.0,816.0,786.0,802.0,830.0,771.0,525.0,568.0,539.0,552.0,517.0
5430.0,5339.0,4360.0,4065.0,3181.0,3854.0,2829.0,2520.0,2222.0,2014.0,2148.0,1874.0,1625.0,1554.0,1531.0,1319.0,1198.0,1375.0,2602.0,4599.0,10279.0,9086.0,7878.0,6416.0,6408.0,6411.0,6216.0,5846.0,5150.0,5040.0,4920.0,4762.0,4669.0,4497.0,4399.0,4311.0,4180.0,4303.0,4205.0,4062.0,3963.0,4011.0,3829.0,3731.0,3805.0,3706.0,3746.0,3688.0,3628.0,3644.0,3700.0,3783.0,3784.0,3612.0,3689.0,3042.0,3254.0,3120.0,1579.0,1505.0,1275.0,1228.0,1154.0,1085.0,1074.0,628.0,541.0,509.0,487.0,494.0,671.0,664.0,772.0,1268.0,1379.0,884.0,906.0,844.0,918.0,932.0,777.0,773.0,810.0,757.0,747.0,522.0,544.0,529.0,572.0,483.0
3867.0,4007.0,4066.0,3512.0,3512.0,3829.0,2865.0,2501.0,2356.0,2136.0,2335.0,1961.0,1768.0,1686.0,1583.0,1370.0,1258.0,1367.0,1899.0,2377.0,4329.0,8299.0,7227.0,5887.0,5871.0,5848.0,5840.0,5430.0,4853.0,4853.0,4815.0,4745.0,4560.0,4315.0,4395.0,4264.0,4207.0,4265.0,4158.0,4245.0,3828.0,3857.0,3780.0,3868.0,3743.0,3737.0,3739.0,3636.0,3563.0,3621.0,3706.0,3717.0,3768.0,3657.0,3620.0,3139.0,3487.0,3775.0,4039.0,1656.0,1390.0,1362.0,1255.0,1214.0,1019.0,621.0,596.0,569.0,470.0,502.0,616.0,623.0,753.0,1331.0,1416.0,895.0,940.0,943.0,862.0,909.0,734.0,790.0,791.0,767.0,767.0,514.0,541.0,538.0,523.0,476.0
3002.0,3127.0,3181.0,3512.0,3288.0,3963.0,3010.0,2798.0,2515.0,2344.0,2558.0,2163.0,1917.0,1843.0,1712.0,1574.0,1420.0,1543.0,1913.0,1909.0,2562.0,3864.0,6795.0,5309.0,5425.0,5617.0,5507.0,5334.0,4757.0,4770.0,4732.0,4708.0,4481.0,4254.0,4308.0,4182.0,4046.0,4146.0,4146.0,4216.0,3831.0,3889.0,3829.0,3783.0,3905.0,3689.0,3573.0,3630.0,3616.0,3632.0,3591.0,3697.0,3638.0,3693.0,3706.0,3220.0,3510.0,4234.0,5540.0,6424.0,1823.0,1712.0,1561.0,1354.0,1249.0,636.0,650.0,683.0,574.0,524.0,664.0,676.0,826.0,1321.0,1433.0,976.0,899.0,889.0,923.0,880.0,773.0,747.0,772.0,745.0,717.0,512.0,514.0,509.0,497.0,529.0
3646.0,3815.0,3855.0,3828.0,3963.0,4422.0,3828.0,2644.0,2314.0,2041.0,2304.0,1891.0,1733.0,1596.0,1601.0,1388.0,1240.0,1351.0,1811.0,1930.0,2608.0,3182.0,6314.0,12995.0,8823.0,7794.0,6865.0,6045.0,5443.0,5072.0,4881.0,4717.0,4793.0,4347.0,4234.0,4413.0,4245.0,4181.0,4166.0,4212.0,3807.0,3927.0,3889.0,3752.0,3818.0,3605.0,3646.0,3548.0,3576.0,3495.0,3715.0,3620.0,3662.0,3475.0,3539.0,2991.0,2970.0,2842.0,2791.0,2798.0,2576.0,1360.0,1263.0,1214.0,1125.0,613.0,587.0,571.0,549.0,472.0,585.0,683.0,840.0,1305.0,1263.0,939.0,863.0,882.0,896.0,868.0,787.0,760.0,787.0,768.0,688.0,515.0,502.0,480.0,519.0,446.0
2678.0,2679.0,2829.0,2865.0,3009.0,3827.0,3092.0,2881.0,2428.0,2282.0,2349.0,2046.0,1861.0,1749.0,1671.0,1440.0,1319.0,1460.0,1632.0,1688.0,2142.0,2201.0,2541.0,4110.0,7766.0,6812.0,5883.0,5329.0,4772.0,4727.0,4576.0,4503.0,4395.0,4079.0,4205.0,4093.0,3991.0,4065.0,4151.0,3997.0,3799.0,3685.0,3791.0,3647.0,3764.0,3585.0,3364.0,3459.0,3361.0,3510.0,3399.0,3461.0,3457.0,3563.0,3410.0,2818.0,2885.0,2867.0,2846.0,2918.0,3091.0,2998.0,1410.0,1309.0,1155.0,699.0,606.0,558.0,507.0,471.0,595.0,597.0,752.0,1302.0,1308.0,848.0,857.0,841.0,863.0,839.0,732.0,757.0,724.0,716.0,725.0,464.0,483.0,514.0,505.0,449.0
2283.0,2405.0,2520.0,2501.0,2799.0,2644.0,2884.0,2754.0,2629.0,2400.0,2547.0,2186.0,1894.0,1817.0,1793.0,1515.0,1320.0,1519.0,1629.0,1640.0,2024.0,1998.0,2170.0,2377.0,3576.0,6265.0,5558.0,4914.0,4533.0,4393.0,4372.0,4352.0,4206.0,4082.0,4095.0,4000.0,3838.0,3852.0,4003.0,3886.0,3683.0,3568.0,3459.0,3569.0,3508.0,3448.0,3426.0,3435.0,3526.0,3577.0,3527.0,3456.0,3425.0,3359.0,3370.0,2797.0,2791.0,2755.0,2854.0,2840.0,3257.0,3657.0,3446.0,1361.0,1285.0,754.0,709.0,644.0,551.0,549.0,653.0,667.0,762.0,1375.0,1297.0,888.0,872.0,871.0,865.0,890.0,737.0,732.0,730.0,743.0,696.0,483.0,512.0,479.0,466.0,454.0
2082.0,2111.0,2223.0,2356.0,2515.0,2315.0,2427.0,2630.0,2606.0,2892.0,2667.0,2297.0,2194.0,1961.0,2015.0,1602.0,1398.0,1510.0,1660.0,1608.0,1955.0,1905.0,2085.0,2146.0,2332.0,2875.0,4990.0,4596.0,4198.0,4235.0,4219.0,4189.0,4148.0,4051.0,3927.0,4042.0,4041.0,4035.0,3979.0,3892.0,3618.0,3607.0,3572.0,3635.0,3679.0,3444.0,3440.0,3477.0,3495.0,3477.0,3506.0,3533.0,3482.0,3330.0,3413.0,2736.0,2812.0,2769.0,2778.0,2884.0,3339.0,3793.0,4452.0,4511.0,1517.0,985.0,902.0,730.0,697.0,612.0,673.0,750.0,799.0,1376.0,1366.0,879.0,876.0,894.0,821.0,906.0,783.0,767.0,717.0,731.0,717.0,488.0,491.0,503.0,503.0,456.0
1882.0,1937.0,2014.0,2136.0,2344.0,2041.0,2280.0,2399.0,2894.0,3324.0,3158.0,2806.0,2570.0,2554.0,2434.0,1819.0,1635.0,1748.0,1724.0,1676.0,1985.0,2121.0,2099.0,2102.0,2134.0,1921.0,2745.0,4366.0,4122.0,4050.0,4091.0,4153.0,4244.0,4062.0,4002.0,4086.0,4129.0,4076.0,4106.0,4064.0,3828.0,3800.0,3717.0,3773.0,3646.0,3483.0,3455.0,3314.0,3509.0,3513.0,3611.0,3385.0,3615.0,3411.0,3424.0,2865.0,2789.0,2813.0,2894.0,3029.0,3467.0,3949.0,5039.0,6779.0,7678.0,1489.0,1424.0,1250.0,983.0,901.0,853.0,885.0,996.0,1483.0,1459.0,963.0,1013.0,886.0,960.0,807.0,797.0,770.0,734.0,778.0,716.0,493.0,495.0,511.0,482.0,426.0
2137.0,2242.0,2148.0,2335.0,2557.0,2303.0,2349.0,2547.0,2665.0,3158.0,2960.0,2759.0,2356.0,2072.0,2004.0,1567.0,1423.0,1574.0,1609.0,1512.0,1872.0,1920.0,1909.0,1952.0,2007.0,1855.0,2342.0,4581.0,9565.0,6568.0,5390.0,4751.0,4524.0,4211.0,4117.0,4013.0,3992.0,3898.0,3805.0,4035.0,3562.0,3625.0,3534.0,3602.0,3512.0,3496.0,3269.0,3422.0,3338.0,3473.0,3417.0,3303.0,3258.0,3351.0,3291.0,2817.0,2748.0,2658.0,2738.0,2859.0,3153.0,3100.0,3098.0,3144.0,3324.0,2182.0,889.0,852.0,720.0,681.0,688.0,755.0,778.0,1386.0,1377.0,862.0,905.0,940.0,916.0,827.0,708.0,724.0,685.0,733.0,638.0,488.0,469.0,475.0,495.0,469.0
1726.0,1801.0,1874.0,1960.0,2163.0,1890.0,2046.0,2186.0,2298.0,2806.0,2760.0,2464.0,2430.0,2214.0,2211.0,1566.0,1420.0,1648.0,1489.0,1522.0,1823.0,1847.0,1893.0,1823.0,1869.0,1602.0,1579.0,1881.0,3083.0,5808.0,4665.0,4190.0,4013.0,3827.0,3846.0,3771.0,3748.0,3774.0,3838.0,3704.0,3513.0,3382.0,3346.0,3461.0,3495.0,3371.0,3207.0,3358.0,3242.0,3266.0,3219.0,3259.0,3324.0,3297.0,3270.0,2697.0,2661.0,2654.0,2623.0,2874.0,3176.0,3143.0,3211.0,3052.0,3389.0,2649.0,2361.0,960.0,801.0,725.0,733.0,762.0,827.0,1290.0,1351.0,848.0,907.0,872.0,874.0,837.0,724.0,725.0,684.0,681.0,683.0,519.0,454.0,477.0,473.0,455.0
1582.0,1686.0,1625.0,1768.0,1916.0,1733.0,1864.0,1894.0,2194.0,2569.0,2357.0,2430.0,2397.0,2678.0,2580.0,1604.0,1456.0,1638.0,1492.0,1519.0,1780.0,1775.0,1754.0,1849.0,1799.0,1453.0,1524.0,1570.0,1821.0,2524.0,4329.0,3888.0,3707.0,3429.0,3571.0,3511.0,3485.0,3581.0,3622.0,3669.0,3382.0,3441.0,3350.0,3340.0,3308.0,3289.0,3186.0,3212.0,3187.0,3135.0,3299.0,3307.0,3187.0,3189.0,3192.0,2591.0,2619.0,2527.0,2618.0,2669.0,3056.0,2976.0,3067.0,3012.0,3412.0,2727.0,3055.0,3059.0,956.0,880.0,855.0,782.0,857.0,1364.0,1414.0,862.0,857.0,863.0,825.0,822.0,738.0,704.0,718.0,720.0,651.0,479.0,468.0,516.0,476.0,443.0
1514.0,1559.0,1554.0,1687.0,1845.0,1596.0,1749.0,1817.0,1961.0,2553.0,2071.0,2214.0,2678.0,2624.0,3503.0,1784.0,1603.0,1667.0,1456.0,1516.0,1792.0,1815.0,1855.0,1818.0,1892.0,1489.0,1507.0,1490.0,1610.0,1668.0,2292.0,3792.0,3418.0,3381.0,3526.0,3517.0,3598.0,3631.0,3510.0,3697.0,3329.0,3440.0,3438.0,3324.0,3369.0,3129.0,3302.0,3350.0,3271.0,3275.0,3388.0,3281.0,3306.0,3302.0,3256.0,2633.0,2655.0,2594.0,2653.0,2763.0,3135.0,3066.0,3044.0,3124.0,3485.0,2858.0,3128.0,3887.0,4021.0,1079.0,1127.0,982.0,1021.0,1543.0,1491.0,966.0,971.0,972.0,890.0,835.0,729.0,723.0,746.0,731.0,678.0,521.0,531.0,469.0,471.0,462.0
1479.0,1513.0,1531.0,1584.0,1713.0,1601.0,1671.0,1793.0,2016.0,2434.0,2004.0,2211.0,2579.0,3503.0,3962.0,2316.0,2318.0,2358.0,1512.0,1502.0,1867.0,1890.0,1871.0,1822.0,1879.0,1536.0,1568.0,1600.0,1640.0,1610.0,1722.0,2164.0,3342.0,3268.0,3329.0,3444.0,3512.0,3584.0,3665.0,3728.0,3518.0,3503.0,3412.0,3429.0,3573.0,3292.0,3187.0,3327.0,3297.0,3417.0,3258.0,3318.0,3378.0,3349.0,3350.0,2684.0,2625.0,2702.0,2748.0,2831.0,3079.0,3199.0,3128.0,3207.0,3570.0,2956.0,3385.0,4243.0,5549.0,7023.0,1592.0,1504.0,1389.0,1743.0,1671.0,1054.0,1085.0,1049.0,952.0,891.0,730.0,799.0,790.0,728.0,708.0,513.0,487.0,491.0,509.0,437.0
1261.0,1364.0,1319.0,1371.0,1574.0,1388.0,1440.0,1515.0,1601.0,1819.0,1567.0,1567.0,1604.0,1784.0,2316.0,1490.0,1737.0,1871.0,1421.0,1385.0,1704.0,1628.0,1698.0,1607.0,1653.0,1255.0,1189.0,1200.0,1234.0,1314.0,1381.0,1508.0,2482.0,4898.0,3621.0,3197.0,3287.0,3238.0,3302.0,3321.0,3074.0,3031.0,3036.0,3105.0,3010.0,2910.0,3017.0,3079.0,2971.0,3028.0,3096.0,3058.0,3063.0,2938.0,2964.0,2449.0,2306.0,2376.0,2280.0,2270.0,2232.0,2210.0,2102.0,2051.0,2049.0,1228.0,1231.0,1185.0,1205.0,1686.0,3938.0,805.0,885.0,1428.0,1337.0,906.0,913.0,844.0,847.0,822.0,673.0,730.0,666.0,722.0,650.0,456.0,438.0,446.0,446.0,386.0
1220.0,1184.0,1198.0,1258.0,1420.0,1242.0,1318.0,1320.0,1398.0,1635.0,1423.0,1420.0,1456.0,1602.0,2318.0,1737.0,2018.0,3501.0,1380.0,1317.0,1697.0,1608.0,1665.0,1650.0,1666.0,1258.0,1200.0,1325.0,1273.0,1255.0,1256.0,1352.0,1408.0,1844.0,3285.0,3018.0,3014.0,3090.0,3141.0,3251.0,2887.0,2972.0,3018.0,3056.0,2966.0,2961.0,2957.0,2942.0,2996.0,2929.0,3019.0,3091.0,3070.0,2937.0,2973.0,2456.0,2414.0,2435.0,2358.0,2278.0,2191.0,2162.0,2158.0,2120.0,2044.0,1331.0,1215.0,1313.0,1330.0,1896.0,5381.0,5900.0,1241.0,1779.0,1715.0,1183.0,1154.0,931.0,942.0,920.0,831.0,747.0,707.0,682.0,732.0,516.0,485.0,438.0,449.0,462.0
1265.0,1290.0,1374.0,1367.0,1543.0,1350.0,1460.0,1520.0,1510.0,1748.0,1574.0,1648.0,1638.0,1667.0,2358.0,1871.0,3501.0,4780.0,1484.0,1467.0,1798.0,1746.0,1772.0,1832.0,1832.0,1365.0,1376.0,1453.0,1345.0,1416.0,1372.0,1362.0,1455.0,1506.0,1981.0,2984.0,3064.0,3166.0,3205.0,3337.0,3068.0,3113.0,3153.0,3161.0,3176.0,3139.0,3151.0,3174.0,3223.0,3157.0,3253.0,3188.0,3108.0,3084.0,3256.0,2449.0,2406.0,2428.0,2386.0,2369.0,2258.0,2288.0,2230.0,2224.0,2125.0,1349.0,1402.0,1428.0,1569.0,2234.0,6014.0,8925.0,11274.0,2564.0,2346.0,1893.0,1498.0,1335.0,1241.0,1117.0,962.0,986.0,808.0,793.0,799.0,563.0,518.0,528.0,528.0,473.0
20094.0,5611.0,2603.0,1900.0,1913.0,1811.0,1631.0,1631.0,1661.0,1725.0,1608.0,1489.0,1492.0,1457.0,1512.0,1421.0,1380.0,1484.0,12482.0,12168.0,11047.0,10873.0,9102.0,9080.0,7659.0,4716.0,4794.0,4853.0,4179.0,4084.0,4032.0,4020.0,4149.0,3730.0,3756.0,5789.0,6034.0,6029.0,5809.0,5791.0,5220.0,5321.0,5269.0,5241.0,5156.0,3748.0,3598.0,3668.0,3875.0,3789.0,3822.0,3797.0,3721.0,3826.0,3811.0,2571.0,2668.0,2585.0,2557.0,2551.0,2335.0,2336.0,2380.0,2264.0,2260.0,1193.0,1169.0,1122.0,1087.0,1107.0,1392.0,1408.0,1431.0,1433.0,1391.0,871.0,873.0,838.0,857.0,815.0,703.0,675.0,642.0,702.0,662.0,411.0,463.0,415.0,442.0,423.0
13765.0,11681.0,4601.0,2377.0,1909.0,1930.0,1688.0,1640.0,1607.0,1676.0,1512.0,1522.0,1519.0,1515.0,1502.0,1385.0,1318.0,1467.0,12169.0,11612.0,13283.0,10686.0,10659.0,9003.0,8891.0,4663.0,4803.0,4870.0,4807.0,4195.0,4058.0,4043.0,3939.0,4033.0,3802.0,5873.0,6009.0,5941.0,6002.0,5984.0,5377.0,5333.0,5308.0,5427.0,5287.0,3848.0,3764.0,3729.0,3679.0,3825.0,3813.0,3936.0,3830.0,3812.0,3806.0,2650.0,2663.0,2650.0,2590.0,2693.0,2367.0,2413.0,2312.0,2435.0,2405.0,1193.0,1128.0,1156.0,1122.0,1071.0,1404.0,1448.0,1409.0,1464.0,1397.0,902.0,861.0,944.0,815.0,901.0,691.0,748.0,672.0,670.0,721.0,433.0,417.0,463.0,436.0,427.0
12991.0,11179.0,10280.0,4329.0,2563.0,2610.0,2142.0,2025.0,1954.0,1985.0,1872.0,1824.0,1779.0,1792.0,1867.0,1705.0,1697.0,1798.0,11047.0,13281.0,15382.0,15222.0,12454.0,12396.0,10521.0,7177.0,5734.0,5713.0,5823.0,5706.0,4820.0,4966.0,4855.0,4769.0,4909.0,7167.0,7292.0,7112.0,7277.0,7103.0,6698.0,6462.0,6578.0,6402.0,6505.0,4604.0,4501.0,4463.0,4517.0,4557.0,4596.0,4536.0,4632.0,4507.0,4615.0,3257.0,3301.0,3147.0,3215.0,3064.0,2914.0,2846.0,2903.0,2827.0,2817.0,1429.0,1338.0,1323.0,1330.0,1341.0,1753.0,1819.0,1707.0,1743.0,1703.0,1012.0,1065.0,1125.0,1034.0,973.0,836.0,813.0,842.0,834.0,830.0,527.0,528.0,515.0,561.0,517.0
11384.0,9652.0,9087.0,8298.0,3863.0,3182.0,2199.0,1998.0,1905.0,2121.0,1920.0,1848.0,1775.0,1814.0,1890.0,1630.0,1608.0,1746.0,10875.0,10684.0,15219.0,15194.0,15068.0,12409.0,12367.0,7203.0,7127.0,5622.0,5715.0,5778.0,5604.0,4854.0,4867.0,4909.0,4860.0,7500.0,7209.0,7349.0,7348.0,7232.0,6785.0,6783.0,6558.0,6556.0,6396.0,4497.0,4550.0,4590.0,4722.0,4610.0,4683.0,4580.0,4575.0,4571.0,4548.0,3145.0,3193.0,3216.0,3239.0,3139.0,2821.0,2936.0,2980.0,2996.0,2891.0,1502.0,1452.0,1412.0,1355.0,1385.0,1883.0,1802.0,1721.0,1764.0,1697.0,1080.0,1068.0,1019.0,1101.0,968.0,851.0,832.0,846.0,864.0,787.0,516.0,507.0,524.0,575.0,516.0
9768.0,8622.0,7877.0,7226.0,6796.0,6312.0,2541.0,2169.0,2085.0,2100.0,1909.0,1893.0,1754.0,1855.0,1871.0,1698.0,1663.0,1772.0,9102.0,10659.0,12453.0,15068.0,15001.0,15265.0,12417.0,8982.0,7259.0,7166.0,5792.0,5536.0,5493.0,5618.0,4946.0,4947.0,4880.0,7623.0,7534.0,7367.0,7456.0,7206.0,6784.0,6529.0,6789.0,6549.0,6567.0,4699.0,4569.0,4673.0,4621.0,4696.0,4706.0,4646.0,4742.0,4693.0,4625.0,3242.0,3287.0,3179.0,3292.0,3251.0,3071.0,3060.0,2882.0,2989.0,2986.0,1513.0,1404.0,1353.0,1411.0,1431.0,1792.0,1701.0,1769.0,1717.0,1736.0,1115.0,1059.0,1081.0,1043.0,1027.0,886.0,867.0,843.0,859.0,851.0,571.0,565.0,520.0,546.0,530.0
8128.0,7042.0,6416.0,5886.0,5309.0,12996.0,4110.0,2377.0,2147.0,2102.0,1952.0,1823.0,1848.0,1818.0,1822.0,1606.0,1649.0,1832.0,9078.0,9006.0,12396.0,12407.0,15262.0,15026.0,15043.0,8819.0,9015.0,7196.0,7235.0,5897.0,5598.0,5758.0,5652.0,4833.0,5000.0,7672.0,7699.0,7617.0,7458.0,7275.0,6731.0,6805.0,6815.0,6592.0,6513.0,4758.0,4653.0,4659.0,4591.0,4685.0,4729.0,4716.0,4659.0,4769.0,4690.0,3254.0,3214.0,3432.0,3351.0,3265.0,2944.0,3002.0,2986.0,3070.0,2853.0,1436.0,1498.0,1357.0,1426.0,1356.0,1877.0,1723.0,1724.0,1812.0,1806.0,1120.0,1052.0,1044.0,1036.0,1059.0,908.0,824.0,825.0,850.0,869.0,519.0,544.0,527.0,561.0,537.0
7215.0,6879.0,6407.0,5872.0,5424.0,8822.0,7767.0,3575.0,2332.0,2135.0,2007.0,1868.0,1799.0,1891.0,1879.0,1654.0,1666.0,1832.0,7658.0,8890.0,10524.0,12367.0,12416.0,15045.0,14986.0,11895.0,9041.0,8889.0,7166.0,7217.0,5688.0,5642.0,5653.0,5665.0,4929.0,7620.0,7685.0,7592.0,7716.0,7270.0,6797.0,6716.0,6782.0,6749.0,6877.0,4738.0,4765.0,4593.0,4721.0,4748.0,4733.0,4766.0,4761.0,4723.0,4918.0,3319.0,3442.0,3364.0,3431.0,3272.0,2965.0,2991.0,2997.0,2987.0,2793.0,1464.0,1455.0,1413.0,1375.0,1397.0,1806.0,1835.0,1822.0,1769.0,1782.0,1134.0,1017.0,1066.0,1048.0,1060.0,860.0,883.0,839.0,845.0,816.0,566.0,580.0,575.0,504.0,561.0
7021.0,6493.0,6411.0,5849.0,5617.0,7794.0,6812.0,6262.0,2876.0,1921.0,1855.0,1602.0,1453.0,1488.0,1536.0,1255.0,1258.0,1365.0,4715.0,4663.0,7179.0,7204.0,8983.0,8819.0,11893.0,13493.0,13388.0,10132.0,10143.0,8273.0,8048.0,6521.0,6563.0,6449.0,6545.0,5004.0,5106.0,5054.0,5090.0,5012.0,4241.0,4197.0,4296.0,4267.0,4239.0,5592.0,5253.0,5403.0,5326.0,5304.0,5493.0,5433.0,5368.0,5427.0,5338.0,3773.0,3754.0,3759.0,3798.0,3692.0,3384.0,3339.0,3412.0,3464.0,3435.0,1700.0,1683.0,1600.0,1541.0,1571.0,2021.0,1986.0,2027.0,2019.0,2044.0,1305.0,1223.0,1211.0,1187.0,1220.0,984.0,978.0,980.0,917.0,1034.0,645.0,629.0,648.0,647.0,589.0
6842.0,6410.0,6217.0,5840.0,5505.0,6865.0,5883.0,5557.0,4991.0,2745.0,2342.0,1580.0,1525.0,1507.0,1567.0,1189.0,1201.0,1376.0,4794.0,4803.0,5732.0,7127.0,7258.0,9015.0,9039.0,13392.0,13631.0,12948.0,10176.0,10086.0,8033.0,8112.0,6608.0,6603.0,6647.0,5780.0,5147.0,5174.0,5170.0,5072.0,4752.0,4217.0,4400.0,4287.0,4316.0,5540.0,5467.0,5260.0,5381.0,5423.0,5395.0,5542.0,5513.0,5371.0,5323.0,3939.0,3940.0,3841.0,3821.0,3855.0,3572.0,3426.0,3457.0,3492.0,3424.0,1683.0,1732.0,1682.0,1602.0,1546.0,2057.0,2146.0,2102.0,2071.0,2041.0,1157.0,1211.0,1285.0,1164.0,1209.0,951.0,971.0,1005.0,983.0,945.0,595.0,646.0,661.0,623.0,551.0
6717.0,6138.0,5846.0,5431.0,5334.0,6047.0,5330.0,4915.0,4597.0,4363.0,4580.0,1882.0,1571.0,1490.0,1599.0,1200.0,1325.0,1453.0,4852.0,4869.0,5712.0,5621.0,7166.0,7196.0,8888.0,10133.0,12949.0,13410.0,13224.0,10218.0,10104.0,8127.0,8254.0,6382.0,6523.0,5705.0,5659.0,5200.0,5104.0,4940.0,4650.0,4597.0,4326.0,4139.0,4317.0,5560.0,5594.0,5520.0,5285.0,5413.0,5517.0,5512.0,5457.0,5391.0,5522.0,3779.0,3828.0,3764.0,3798.0,3793.0,3522.0,3529.0,3409.0,3310.0,3435.0,1654.0,1628.0,1609.0,1487.0,1657.0,2059.0,2087.0,2084.0,2073.0,1945.0,1224.0,1219.0,1211.0,1188.0,1280.0,946.0,1022.0,991.0,983.0,918.0,616.0,672.0,633.0,610.0,617.0
5730.0,5376.0,5150.0,4852.0,4759.0,5443.0,4774.0,4533.0,4199.0,4122.0,9565.0,3083.0,1822.0,1610.0,1640.0,1234.0,1273.0,1345.0,4178.0,4806.0,5823.0,5716.0,5791.0,7236.0,7167.0,10145.0,10176.0,13226.0,13570.0,13174.0,10265.0,10106.0,8068.0,8196.0,6498.0,5726.0,5786.0,5668.0,5040.0,5107.0,4595.0,4680.0,4594.0,4298.0,4221.0,5715.0,5488.0,5492.0,5563.0,5434.0,5527.0,5580.0,5454.0,5376.0,5425.0,3869.0,3909.0,3817.0,3751.0,3872.0,3643.0,3442.0,3681.0,3477.0,3374.0,1671.0,1717.0,1640.0,1629.0,1660.0,2096.0,2146.0,2089.0,2016.0,2081.0,1308.0,1250.0,1204.0,1198.0,1236.0,997.0,1038.0,1047.0,1052.0,929.0,656.0,650.0,676.0,651.0,599.0
5577.0,5155.0,5041.0,4854.0,4769.0,5073.0,4727.0,4392.0,4234.0,4051.0,6566.0,5805.0,2525.0,1668.0,1609.0,1314.0,1255.0,1416.0,4084.0,4194.0,5708.0,5779.0,5537.0,5898.0,7217.0,8270.0,10085.0,10218.0,13173.0,13325.0,13065.0,10077.0,9891.0,8027.0,8235.0,5832.0,5765.0,5785.0,5830.0,5105.0,4621.0,4654.0,4585.0,4651.0,4288.0,5620.0,5536.0,5657.0,5446.0,5581.0,5664.0,5472.0,5521.0,5389.0,5409.0,3965.0,3840.0,4005.0,3795.0,3867.0,3666.0,3557.0,3555.0,3534.0,3454.0,1705.0,1679.0,1697.0,1576.0,1625.0,2043.0,2027.0,2104.0,1979.0,2028.0,1267.0,1211.0,1294.0,1234.0,1195.0,1012.0,1024.0,983.0,983.0,988.0,610.0,642.0,624.0,669.0,554.0
5268.0,4981.0,4922.0,4815.0,4732.0,4881.0,4576.0,4371.0,4219.0,4091.0,5391.0,4666.0,4328.0,2292.0,1722.0,1381.0,1256.0,1371.0,4032.0,4057.0,4820.0,5602.0,5494.0,5597.0,5689.0,8049.0,8033.0,10104.0,10264.0,13065.0,12474.0,12611.0,9851.0,9703.0,7889.0,7271.0,5631.0,5767.0,5743.0,5701.0,4550.0,4561.0,4691.0,4593.0,4543.0,5525.0,5433.0,5430.0,5381.0,5323.0,5622.0,5202.0,5311.0,5269.0,5114.0,3767.0,3806.0,3779.0,3712.0,3795.0,3455.0,3526.0,3402.0,3347.0,3287.0,1675.0,1660.0,1529.0,1533.0,1535.0,1969.0,2048.0,1981.0,2066.0,2025.0,1300.0,1270.0,1211.0,1213.0,1193.0,987.0,1026.0,989.0,990.0,931.0,610.0,609.0,619.0,586.0,604.0
5073.0,4814.0,4763.0,4744.0,4708.0,4715.0,4503.0,4351.0,4189.0,4151.0,4751.0,4191.0,3888.0,3794.0,2164.0,1508.0,1352.0,1363.0,4021.0,4045.0,4966.0,4854.0,5616.0,5759.0,5643.0,6521.0,8112.0,8127.0,10108.0,10077.0,12611.0,12828.0,12637.0,9787.0,10102.0,7110.0,7211.0,5687.0,5626.0,5718.0,5360.0,4727.0,4568.0,4532.0,4507.0,5751.0,5405.0,5390.0,5357.0,5458.0,5596.0,5592.0,5373.0,5199.0,5249.0,3962.0,3710.0,3708.0,3827.0,3812.0,3494.0,3482.0,3322.0,3378.0,3387.0,1701.0,1637.0,1650.0,1562.0,1571.0,2072.0,2101.0,2008.0,2011.0,2005.0,1312.0,1246.0,1218.0,1208.0,1224.0,976.0,961.0,960.0,985.0,1007.0,621.0,627.0,658.0,563.0,583.0
4987.0,4729.0,4672.0,4561.0,4481.0,4792.0,4396.0,4205.0,4146.0,4246.0,4523.0,4014.0,3707.0,3418.0,3342.0,2482.0,1408.0,1454.0,4149.0,3939.0,4854.0,4867.0,4945.0,5650.0,5654.0,6563.0,6608.0,8253.0,8070.0,9888.0,9849.0,12637.0,12837.0,12753.0,9893.0,8932.0,7190.0,7377.0,5782.0,5777.0,5257.0,5524.0,4724.0,4536.0,4713.0,5882.0,5710.0,5359.0,5444.0,5355.0,5556.0,5416.0,5549.0,5298.0,5265.0,3848.0,3783.0,3819.0,3805.0,3645.0,3468.0,3452.0,3447.0,3463.0,3380.0,1710.0,1643.0,1532.0,1574.0,1608.0,2061.0,2051.0,1983.0,2059.0,1949.0,1269.0,1185.0,1187.0,1187.0,1154.0,970.0,953.0,975.0,1003.0,979.0,649.0,603.0,650.0,561.0,627.0
4663.0,4484.0,4497.0,4315.0,4255.0,4348.0,4079.0,4082.0,4052.0,4061.0,4212.0,3827.0,3430.0,3380.0,3270.0,4898.0,1843.0,1505.0,3730.0,4034.0,4770.0,4907.0,4948.0,4833.0,5666.0,6451.0,6603.0,6382.0,8194.0,8026.0,9703.0,9789.0,12753.0,12960.0,12642.0,8996.0,9062.0,7226.0,7345.0,5789.0,5219.0,5340.0,5362.0,4475.0,4613.0,5766.0,5673.0,5760.0,5478.0,5331.0,5491.0,5476.0,5547.0,5473.0,5263.0,3969.0,3746.0,3818.0,3779.0,3850.0,3380.0,3408.0,3417.0,3459.0,3368.0,1669.0,1574.0,1631.0,1502.0,1570.0,1996.0,2046.0,2008.0,2023.0,2103.0,1283.0,1189.0,1222.0,1178.0,1139.0,937.0,986.0,962.0,1000.0,1018.0,640.0,628.0,641.0,596.0,557.0
4663.0,4584.0,4400.0,4395.0,4308.0,4234.0,4205.0,4093.0,3927.0,4002.0,4118.0,3844.0,3572.0,3526.0,3329.0,3621.0,3284.0,1981.0,3756.0,3802.0,4906.0,4860.0,4878.0,5000.0,4929.0,6544.0,6648.0,6524.0,6499.0,8238.0,7887.0,10103.0,9894.0,12637.0,12639.0,12178.0,9051.0,9237.0,7449.0,7242.0,5244.0,5377.0,5177.0,5397.0,4495.0,5772.0,5730.0,5795.0,5822.0,5466.0,5485.0,5464.0,5571.0,5466.0,5594.0,4043.0,3948.0,3747.0,3898.0,3759.0,3588.0,3521.0,3465.0,3440.0,3433.0,1653.0,1586.0,1636.0,1573.0,1651.0,2094.0,2150.0,2083.0,2087.0,2017.0,1220.0,1192.0,1209.0,1247.0,1145.0,996.0,967.0,1001.0,982.0,999.0,612.0,650.0,613.0,590.0,585.0
4577.0,4467.0,4312.0,4264.0,4181.0,4413.0,4095.0,3998.0,4042.0,4087.0,4013.0,3771.0,3511.0,3517.0,3444.0,3197.0,3017.0,2984.0,5787.0,5873.0,7166.0,7500.0,7621.0,7673.0,7619.0,5004.0,5781.0,5706.0,5726.0,5832.0,7270.0,7110.0,8932.0,8996.0,12178.0,12056.0,12326.0,9291.0,9112.0,7285.0,6916.0,5308.0,5184.0,5288.0,5256.0,4261.0,4214.0,4125.0,4301.0,4232.0,4006.0,3982.0,3895.0,3946.0,3942.0,3776.0,3622.0,3611.0,3636.0,3576.0,3357.0,3429.0,3359.0,3247.0,3136.0,1601.0,1637.0,1592.0,1639.0,1531.0,1972.0,1947.0,2080.0,2021.0,1949.0,1187.0,1202.0,1162.0,1162.0,1149.0,988.0,963.0,930.0,927.0,885.0,604.0,633.0,637.0,581.0,572.0
4596.0,4374.0,4179.0,4207.0,4046.0,4243.0,3991.0,3838.0,4040.0,4128.0,3992.0,3749.0,3484.0,3599.0,3513.0,3287.0,3013.0,3064.0,6034.0,6010.0,7290.0,7208.0,7535.0,7699.0,7684.0,5106.0,5147.0,5658.0,5786.0,5764.0,5631.0,7210.0,7187.0,9063.0,9049.0,12329.0,12125.0,12048.0,9079.0,9141.0,6930.0,6906.0,5247.0,5249.0,5282.0,5033.0,4264.0,4214.0,4298.0,4244.0,4296.0,3890.0,4068.0,3907.0,3936.0,3884.0,3929.0,3587.0,3622.0,3454.0,3334.0,3359.0,3366.0,3301.0,3164.0,1635.0,1636.0,1593.0,1594.0,1553.0,1976.0,1959.0,2019.0,1965.0,1964.0,1182.0,1167.0,1171.0,1112.0,1161.0,947.0,943.0,890.0,973.0,916.0,622.0,585.0,632.0,567.0,529.0
4740.0,4405.0,4303.0,4264.0,4147.0,4181.0,4065.0,3852.0,4033.0,4078.0,3898.0,3775.0,3580.0,3632.0,3584.0,3238.0,3090.0,3166.0,6029.0,5941.0,7113.0,7349.0,7368.0,7617.0,7592.0,5052.0,5174.0,5200.0,5669.0,5785.0,5768.0,5686.0,7377.0,7225.0,9239.0,9289.0,12048.0,12280.0,12360.0,9365.0,8716.0,6745.0,6757.0,5234.0,5172.0,4958.0,5088.0,4229.0,4254.0,4284.0,4375.0,4441.0,4135.0,4097.0,4065.0,3921.0,4047.0,3880.0,3587.0,3582.0,3337.0,3450.0,3304.0,3369.0,3202.0,1646.0,1640.0,1571.0,1576.0,1602.0,1919.0,2085.0,2015.0,2034.0,1938.0,1192.0,1179.0,1222.0,1262.0,1179.0,950.0,912.0,948.0,917.0,916.0,611.0,628.0,616.0,582.0,547.0
4588.0,4348.0,4208.0,4157.0,4146.0,4166.0,4151.0,4003.0,3980.0,4107.0,3805.0,3839.0,3622.0,3511.0,3665.0,3301.0,3143.0,3205.0,5809.0,6003.0,7275.0,7347.0,7456.0,7459.0,7716.0,5091.0,5173.0,5103.0,5040.0,5831.0,5741.0,5627.0,5782.0,7345.0,7449.0,9110.0,9080.0,12357.0,12191.0,12460.0,8574.0,8614.0,6808.0,6629.0,5218.0,5010.0,5028.0,5082.0,4337.0,4343.0,4362.0,4368.0,4310.0,4199.0,4087.0,3969.0,3953.0,3805.0,3813.0,3665.0,3448.0,3449.0,3404.0,3550.0,3298.0,1671.0,1610.0,1622.0,1513.0,1577.0,1990.0,2016.0,1972.0,1975.0,1921.0,1260.0,1162.0,1256.0,1139.0,1103.0,973.0,975.0,972.0,928.0,909.0,612.0,548.0,608.0,589.0,576.0
4475.0,4422.0,4064.0,4243.0,4216.0,4212.0,3996.0,3887.0,3892.0,4064.0,4036.0,3705.0,3668.0,3698.0,3728.0,3321.0,3250.0,3338.0,5790.0,5985.0,7101.0,7230.0,7206.0,7277.0,7270.0,5014.0,5071.0,4939.0,5107.0,5105.0,5701.0,5716.0,5777.0,5790.0,7245.0,7286.0,9141.0,9364.0,12458.0,12392.0,11509.0,8770.0,8768.0,6818.0,6849.0,5110.0,4986.0,5104.0,5030.0,4306.0,4405.0,4353.0,4326.0,4296.0,3914.0,4029.0,3767.0,3821.0,3847.0,3719.0,3437.0,3355.0,3286.0,3365.0,3275.0,1656.0,1635.0,1563.0,1528.0,1553.0,2033.0,1991.0,2033.0,1957.0,1985.0,1279.0,1180.0,1229.0,1206.0,1169.0,994.0,945.0,980.0,972.0,918.0,665.0,646.0,577.0,643.0,576.0
4171.0,4069.0,3962.0,3828.0,3832.0,3806.0,3799.0,3684.0,3618.0,3828.0,3563.0,3514.0,3381.0,3329.0,3518.0,3074.0,2887.0,3068.0,5219.0,5377.0,6697.0,6786.0,6784.0,6730.0,6799.0,4242.0,4752.0,4650.0,4594.0,4621.0,4550.0,5362.0,5256.0,5221.0,5244.0,6915.0,6929.0,8717.0,8574.0,11510.0,10620.0,10677.0,8025.0,7946.0,6375.0,6233.0,4570.0,4565.0,4631.0,4676.0,4027.0,3940.0,4058.0,3888.0,3913.0,3536.0,3422.0,3603.0,3559.0,3484.0,3245.0,3041.0,3040.0,2955.0,3034.0,1483.0,1499.0,1457.0,1398.0,1396.0,1851.0,1944.0,1873.0,1814.0,1807.0,1136.0,1100.0,1089.0,1109.0,1064.0,931.0,823.0,902.0,850.0,828.0,588.0,621.0,565.0,572.0,562.0
4200.0,4020.0,4011.0,3857.0,3890.0,3927.0,3685.0,3568.0,3607.0,3800.0,3624.0,3382.0,3439.0,3439.0,3503.0,3032.0,2970.0,3113.0,5320.0,5333.0,6462.0,6784.0,6530.0,6806.0,6716.0,4197.0,4217.0,4596.0,4680.0,4654.0,4559.0,4729.0,5524.0,5340.0,5378.0,5309.0,6907.0,6745.0,8614.0,8770.0,10678.0,10823.0,10749.0,7993.0,8062.0,6150.0,6073.0,4668.0,4594.0,4674.0,4683.0,4030.0,3872.0,4014.0,3952.0,3829.0,3525.0,3684.0,3515.0,3408.0,3226.0,3242.0,2975.0,2978.0,2948.0,1570.0,1475.0,1454.0,1406.0,1350.0,1744.0,1904.0,1769.0,1811.0,1760.0,1130.0,1080.0,1076.0,1056.0,1020.0,919.0,909.0,841.0,867.0,798.0,570.0,615.0,589.0,535.0,553.0
4070.0,3912.0,3829.0,3778.0,3829.0,3889.0,3792.0,3459.0,3573.0,3718.0,3534.0,3346.0,3350.0,3438.0,3412.0,3034.0,3018.0,3152.0,5270.0,5309.0,6578.0,6558.0,6789.0,6816.0,6782.0,4296.0,4401.0,4326.0,4593.0,4585.0,4689.0,4567.0,4725.0,5363.0,5177.0,5184.0,5248.0,6760.0,6812.0,8769.0,8024.0,10747.0,10723.0,10663.0,8160.0,7814.0,6044.0,6133.0,4672.0,4612.0,4787.0,4644.0,4045.0,3918.0,3973.0,3798.0,3759.0,3507.0,3453.0,3492.0,3251.0,3155.0,3258.0,3011.0,3006.0,1522.0,1504.0,1429.0,1432.0,1410.0,1764.0,1852.0,1786.0,1867.0,1852.0,1108.0,1127.0,1162.0,1096.0,1066.0,879.0,899.0,874.0,905.0,856.0,597.0,566.0,565.0,528.0,521.0
4019.0,3693.0,3731.0,3868.0,3784.0,3751.0,3648.0,3569.0,3635.0,3773.0,3602.0,3464.0,3340.0,3323.0,3428.0,3105.0,3053.0,3160.0,5241.0,5428.0,6401.0,6558.0,6549.0,6592.0,6747.0,4267.0,4287.0,4139.0,4299.0,4649.0,4593.0,4532.0,4535.0,4474.0,5396.0,5288.0,5250.0,5235.0,6630.0,6817.0,7947.0,7992.0,10664.0,10414.0,10666.0,8006.0,7753.0,6150.0,5990.0,4716.0,4711.0,4673.0,4649.0,4032.0,3916.0,3830.0,3800.0,3749.0,3496.0,3385.0,3130.0,3200.0,3100.0,3285.0,2927.0,1511.0,1429.0,1454.0,1340.0,1404.0,1749.0,1833.0,1839.0,1858.0,1834.0,1202.0,1106.0,1102.0,1044.0,1115.0,927.0,944.0,879.0,821.0,797.0,591.0,549.0,576.0,539.0,568.0
4080.0,3867.0,3805.0,3743.0,3905.0,3818.0,3764.0,3510.0,3679.0,3645.0,3511.0,3495.0,3308.0,3370.0,3574.0,3011.0,2967.0,3176.0,5156.0,5289.0,6506.0,6395.0,6569.0,6514.0,6880.0,4239.0,4317.0,4315.0,4222.0,4289.0,4544.0,4507.0,4713.0,4615.0,4494.0,5255.0,5282.0,5170.0,5219.0,6849.0,6377.0,8062.0,8161.0,10667.0,10544.0,10854.0,7807.0,7909.0,6056.0,6202.0,4584.0,4612.0,4626.0,4654.0,3939.0,3759.0,3755.0,3684.0,3825.0,3497.0,3183.0,3193.0,3038.0,3111.0,3096.0,1538.0,1530.0,1447.0,1414.0,1418.0,1795.0,1809.0,1788.0,1787.0,1753.0,1112.0,1109.0,1105.0,1077.0,1008.0,906.0,949.0,847.0,845.0,846.0,572.0,539.0,566.0,589.0,519.0
4007.0,3824.0,3705.0,3736.0,3690.0,3605.0,3582.0,3448.0,3444.0,3482.0,3495.0,3372.0,3288.0,3129.0,3292.0,2910.0,2961.0,3139.0,3747.0,3848.0,4604.0,4497.0,4700.0,4758.0,4738.0,5591.0,5539.0,5560.0,5716.0,5621.0,5525.0,5752.0,5882.0,5766.0,5771.0,4261.0,5033.0,4957.0,5009.0,5109.0,6234.0,6150.0,7812.0,8006.0,10854.0,10919.0,11030.0,7987.0,7919.0,6366.0,6242.0,4829.0,4671.0,4765.0,4819.0,3249.0,3211.0,3153.0,3182.0,3166.0,2593.0,2617.0,2659.0,2587.0,2540.0,1735.0,1517.0,1582.0,1525.0,1434.0,1891.0,1967.0,1891.0,1845.0,1936.0,1193.0,1151.0,1113.0,1094.0,1166.0,882.0,889.0,885.0,854.0,917.0,555.0,570.0,588.0,606.0,500.0
3935.0,3807.0,3747.0,3738.0,3572.0,3646.0,3363.0,3427.0,3440.0,3456.0,3269.0,3207.0,3186.0,3303.0,3187.0,3018.0,2958.0,3151.0,3599.0,3764.0,4502.0,4550.0,4568.0,4652.0,4764.0,5255.0,5466.0,5594.0,5488.0,5537.0,5435.0,5406.0,5712.0,5675.0,5732.0,4215.0,4264.0,5086.0,5030.0,4985.0,4569.0,6072.0,6043.0,7753.0,7807.0,11030.0,11017.0,10874.0,7932.0,8229.0,6319.0,6368.0,4733.0,4807.0,4836.0,3879.0,3123.0,3174.0,3160.0,3100.0,2871.0,2634.0,2574.0,2609.0,2447.0,1739.0,1733.0,1460.0,1451.0,1453.0,2025.0,1904.0,1834.0,1917.0,1891.0,1130.0,1096.0,1200.0,1069.0,1051.0,908.0,905.0,873.0,911.0,857.0,572.0,626.0,561.0,551.0,561.0
3952.0,3780.0,3688.0,3636.0,3631.0,3547.0,3459.0,3436.0,3476.0,3314.0,3422.0,3359.0,3212.0,3349.0,3326.0,3079.0,2942.0,3176.0,3668.0,3728.0,4462.0,4591.0,4672.0,4661.0,4594.0,5406.0,5260.0,5519.0,5492.0,5658.0,5431.0,5390.0,5358.0,5760.0,5795.0,4124.0,4215.0,4227.0,5081.0,5105.0,4565.0,4670.0,6132.0,6150.0,7910.0,7987.0,10874.0,10748.0,11194.0,8108.0,8231.0,6263.0,6234.0,4687.0,4711.0,3941.0,3924.0,3178.0,3082.0,2969.0,2850.0,2870.0,2538.0,2665.0,2486.0,1693.0,1725.0,1663.0,1492.0,1503.0,1844.0,1905.0,1780.0,1964.0,1867.0,1146.0,1057.0,1138.0,1070.0,1101.0,920.0,920.0,896.0,882.0,936.0,554.0,592.0,612.0,598.0,581.0
3980.0,3876.0,3629.0,3564.0,3616.0,3576.0,3361.0,3525.0,3495.0,3510.0,3337.0,3242.0,3187.0,3272.0,3297.0,2972.0,2996.0,3223.0,3875.0,3678.0,4519.0,4723.0,4623.0,4590.0,4721.0,5324.0,5380.0,5284.0,5565.0,5446.0,5382.0,5358.0,5441.0,5478.0,5822.0,4300.0,4299.0,4255.0,4335.0,5032.0,4632.0,4594.0,4672.0,5994.0,6057.0,7918.0,7931.0,11192.0,11080.0,11058.0,8061.0,8115.0,6048.0,6189.0,4710.0,3966.0,4028.0,3899.0,3115.0,3111.0,2921.0,2875.0,3033.0,2585.0,2538.0,1758.0,1695.0,1703.0,1618.0,1397.0,1818.0,1895.0,1813.0,1859.0,1909.0,1179.0,1100.0,1169.0,1093.0,1050.0,933.0,881.0,955.0,933.0,813.0,559.0,553.0,578.0,589.0,583.0
3914.0,3786.0,3643.0,3621.0,3632.0,3495.0,3509.0,3577.0,3477.0,3514.0,3475.0,3266.0,3136.0,3275.0,3417.0,3028.0,2930.0,3157.0,3787.0,3824.0,4555.0,4610.0,4697.0,4686.0,4747.0,5303.0,5421.0,5411.0,5435.0,5581.0,5323.0,5458.0,5355.0,5331.0,5467.0,4232.0,4244.0,4285.0,4343.0,4305.0,4677.0,4676.0,4611.0,4715.0,6201.0,6367.0,8227.0,8106.0,11057.0,10925.0,11184.0,8181.0,8203.0,6290.0,6332.0,3955.0,4006.0,3966.0,3932.0,3111.0,2972.0,2988.0,2932.0,2863.0,2448.0,1792.0,1791.0,1725.0,1625.0,1648.0,1936.0,1971.0,1845.0,1938.0,1847.0,1164.0,1163.0,1193.0,1149.0,1118.0,954.0,953.0,937.0,911.0,906.0,627.0,577.0,599.0,573.0,623.0
3999.0,3827.0,3700.0,3705.0,3593.0,3714.0,3398.0,3527.0,3507.0,3611.0,3418.0,3220.0,3299.0,3388.0,3257.0,3097.0,3019.0,3253.0,3821.0,3812.0,4596.0,4684.0,4706.0,4729.0,4732.0,5493.0,5395.0,5518.0,5526.0,5664.0,5621.0,5595.0,5558.0,5492.0,5483.0,4005.0,4296.0,4375.0,4364.0,4406.0,4030.0,4683.0,4787.0,4709.0,4584.0,6241.0,6320.0,8230.0,8062.0,11184.0,11295.0,11121.0,8259.0,8463.0,6384.0,5412.0,3891.0,3932.0,3919.0,3866.0,2843.0,2949.0,2917.0,2914.0,2802.0,1749.0,1726.0,1637.0,1610.0,1729.0,2099.0,1938.0,1901.0,1911.0,1997.0,1169.0,1094.0,1138.0,1106.0,1121.0,968.0,934.0,948.0,951.0,903.0,593.0,603.0,622.0,599.0,603.0
3936.0,3838.0,3783.0,3718.0,3696.0,3621.0,3462.0,3456.0,3533.0,3386.0,3303.0,3258.0,3306.0,3282.0,3317.0,3058.0,3092.0,3187.0,3796.0,3936.0,4536.0,4580.0,4647.0,4715.0,4765.0,5432.0,5544.0,5513.0,5579.0,5472.0,5202.0,5593.0,5417.0,5478.0,5465.0,3982.0,3890.0,4441.0,4368.0,4354.0,3941.0,4031.0,4646.0,4674.0,4615.0,4827.0,6367.0,6264.0,8113.0,8183.0,11121.0,11257.0,11132.0,8372.0,8267.0,5455.0,5298.0,3913.0,3952.0,3843.0,3601.0,2850.0,2873.0,2868.0,2780.0,1995.0,1745.0,1671.0,1728.0,1592.0,2064.0,2123.0,1843.0,1960.0,1875.0,1147.0,1221.0,1161.0,1120.0,1075.0,964.0,919.0,911.0,979.0,905.0,633.0,571.0,583.0,590.0,528.0
3959.0,3691.0,3784.0,3766.0,3639.0,3661.0,3456.0,3424.0,3483.0,3615.0,3258.0,3324.0,3188.0,3305.0,3377.0,3063.0,3070.0,3107.0,3721.0,3830.0,4633.0,4575.0,4742.0,4660.0,4762.0,5368.0,5512.0,5458.0,5454.0,5521.0,5311.0,5372.0,5548.0,5549.0,5572.0,3895.0,4069.0,4133.0,4310.0,4326.0,4058.0,3872.0,4045.0,4647.0,4628.0,4671.0,4731.0,6235.0,6046.0,8202.0,8258.0,11134.0,11246.0,11000.0,8251.0,7280.0,5463.0,5406.0,3840.0,3901.0,3751.0,3714.0,2948.0,2902.0,2739.0,1998.0,1895.0,1571.0,1592.0,1605.0,2133.0,2097.0,2087.0,1869.0,1893.0,1204.0,1131.0,1194.0,1146.0,1087.0,965.0,959.0,936.0,915.0,937.0,577.0,593.0,580.0,587.0,562.0
3932.0,3752.0,3611.0,3657.0,3694.0,3476.0,3563.0,3359.0,3330.0,3411.0,3352.0,3298.0,3190.0,3302.0,3349.0,2938.0,2938.0,3085.0,3827.0,3813.0,4507.0,4572.0,4691.0,4769.0,4723.0,5426.0,5372.0,5391.0,5376.0,5389.0,5268.0,5199.0,5298.0,5473.0,5465.0,3946.0,3907.0,4098.0,4199.0,4296.0,3887.0,4017.0,3920.0,4031.0,4654.0,4767.0,4807.0,4685.0,6188.0,6289.0,8464.0,8372.0,11000.0,10924.0,11120.0,7199.0,7206.0,5542.0,5499.0,3825.0,3593.0,3639.0,3546.0,2835.0,2767.0,1979.0,1837.0,1848.0,1564.0,1712.0,2055.0,2102.0,2080.0,2057.0,1880.0,1272.0,1213.0,1172.0,1049.0,1046.0,927.0,956.0,910.0,915.0,891.0,578.0,615.0,594.0,569.0,566.0
3736.0,3744.0,3688.0,3620.0,3706.0,3540.0,3410.0,3370.0,3413.0,3423.0,3291.0,3270.0,3191.0,3256.0,3351.0,2964.0,2973.0,3256.0,3812.0,3806.0,4617.0,4549.0,4623.0,4692.0,4919.0,5338.0,5323.0,5521.0,5426.0,5409.0,5113.0,5249.0,5267.0,5263.0,5594.0,3942.0,3936.0,4065.0,4087.0,3913.0,3913.0,3951.0,3973.0,3916.0,3939.0,4819.0,4836.0,4711.0,4709.0,6333.0,6386.0,8269.0,8249.0,11122.0,11073.0,9664.0,7183.0,7141.0,5446.0,5371.0,3612.0,3663.0,3668.0,3549.0,2864.0,1871.0,1927.0,1926.0,1885.0,1602.0,2009.0,2048.0,2152.0,2130.0,2035.0,1191.0,1160.0,1163.0,1025.0,1117.0,939.0,884.0,902.0,936.0,893.0,595.0,561.0,573.0,564.0,561.0
2735.0,2986.0,3042.0,3140.0,3222.0,2989.0,2818.0,2797.0,2735.0,2865.0,2817.0,2697.0,2591.0,2632.0,2685.0,2450.0,2456.0,2449.0,2571.0,2650.0,3257.0,3145.0,3242.0,3255.0,3319.0,3772.0,3937.0,3778.0,3869.0,3965.0,3767.0,3962.0,3848.0,3969.0,4043.0,3776.0,3883.0,3919.0,3970.0,4028.0,3537.0,3830.0,3799.0,3829.0,3756.0,3249.0,3878.0,3942.0,3966.0,3955.0,5412.0,5455.0,7282.0,7197.0,9665.0,8357.0,8344.0,6041.0,6055.0,4467.0,4313.0,3091.0,3065.0,2979.0,2943.0,1564.0,1383.0,1383.0,1296.0,1339.0,1415.0,1469.0,1384.0,1374.0,1340.0,949.0,809.0,801.0,772.0,787.0,715.0,573.0,632.0,625.0,568.0,415.0,405.0,353.0,366.0,390.0
1747.0,2865.0,3252.0,3486.0,3510.0,2970.0,2883.0,2791.0,2812.0,2789.0,2748.0,2661.0,2619.0,2655.0,2625.0,2306.0,2414.0,2405.0,2669.0,2663.0,3301.0,3193.0,3287.0,3213.0,3443.0,3753.0,3939.0,3826.0,3909.0,3839.0,3805.0,3710.0,3782.0,3746.0,3949.0,3622.0,3929.0,4046.0,3953.0,3768.0,3422.0,3526.0,3759.0,3801.0,3754.0,3211.0,3123.0,3923.0,4026.0,4006.0,3891.0,5298.0,5462.0,7206.0,7184.0,8344.0,8601.0,8456.0,5917.0,5943.0,4289.0,4235.0,2896.0,3066.0,2926.0,1954.0,1433.0,1303.0,1301.0,1357.0,1579.0,1399.0,1383.0,1433.0,1382.0,913.0,894.0,746.0,728.0,756.0,619.0,582.0,601.0,604.0,601.0,418.0,405.0,398.0,367.0,369.0
1720.0,1748.0,3119.0,3775.0,4235.0,2841.0,2867.0,2757.0,2769.0,2813.0,2658.0,2655.0,2527.0,2594.0,2702.0,2375.0,2436.0,2428.0,2585.0,2650.0,3148.0,3220.0,3179.0,3431.0,3365.0,3759.0,3840.0,3766.0,3818.0,4005.0,3780.0,3708.0,3818.0,3818.0,3749.0,3611.0,3587.0,3879.0,3804.0,3821.0,3603.0,3684.0,3507.0,3748.0,3684.0,3153.0,3174.0,3177.0,3898.0,3966.0,3931.0,3914.0,5407.0,5541.0,7141.0,6041.0,8457.0,8614.0,8423.0,5823.0,5826.0,4204.0,4212.0,2955.0,2935.0,1939.0,1906.0,1382.0,1269.0,1312.0,1575.0,1577.0,1308.0,1400.0,1379.0,887.0,903.0,835.0,746.0,724.0,623.0,613.0,596.0,638.0,612.0,456.0,391.0,367.0,370.0,372.0
1536.0,1472.0,1579.0,4040.0,5542.0,2792.0,2846.0,2855.0,2779.0,2893.0,2738.0,2624.0,2618.0,2652.0,2748.0,2280.0,2359.0,2387.0,2556.0,2589.0,3215.0,3239.0,3292.0,3351.0,3432.0,3797.0,3820.0,3798.0,3750.0,3795.0,3713.0,3829.0,3807.0,3779.0,3899.0,3636.0,3622.0,3586.0,3813.0,3847.0,3558.0,3515.0,3453.0,3498.0,3826.0,3183.0,3161.0,3081.0,3115.0,3933.0,3919.0,3951.0,3840.0,5499.0,5446.0,6051.0,5917.0,8422.0,8590.0,8173.0,5680.0,5722.0,4123.0,4234.0,2912.0,1996.0,1903.0,1971.0,1285.0,1298.0,1648.0,1645.0,1588.0,1429.0,1384.0,960.0,845.0,908.0,882.0,690.0,643.0,614.0,584.0,607.0,595.0,396.0,398.0,396.0,408.0,368.0
1478.0,1401.0,1505.0,1656.0,6424.0,2797.0,2918.0,2841.0,2884.0,3029.0,2859.0,2874.0,2668.0,2763.0,2830.0,2270.0,2279.0,2369.0,2551.0,2694.0,3063.0,3139.0,3249.0,3265.0,3271.0,3692.0,3855.0,3794.0,3872.0,3867.0,3795.0,3812.0,3644.0,3850.0,3760.0,3577.0,3453.0,3582.0,3664.0,3719.0,3485.0,3408.0,3492.0,3385.0,3497.0,3166.0,3101.0,2969.0,3112.0,3111.0,3867.0,3843.0,3900.0,3825.0,5371.0,4464.0,5944.0,5824.0,8172.0,8209.0,8003.0,5629.0,5671.0,4072.0,4225.0,1933.0,2003.0,1895.0,1892.0,1337.0,1568.0,1574.0,1578.0,1563.0,1367.0,965.0,875.0,854.0,918.0,880.0,602.0,560.0,620.0,599.0,542.0,417.0,369.0,359.0,389.0,403.0
1281.0,1201.0,1275.0,1390.0,1823.0,2576.0,3091.0,3256.0,3341.0,3467.0,3153.0,3176.0,3056.0,3135.0,3079.0,2233.0,2191.0,2259.0,2335.0,2367.0,2914.0,2821.0,3072.0,2942.0,2964.0,3385.0,3571.0,3520.0,3643.0,3666.0,3455.0,3494.0,3468.0,3380.0,3588.0,3358.0,3334.0,3337.0,3449.0,3437.0,3245.0,3225.0,3252.0,3130.0,3183.0,2593.0,2871.0,2849.0,2921.0,2971.0,2842.0,3601.0,3750.0,3593.0,3613.0,4312.0,4289.0,5824.0,5681.0,8002.0,7414.0,7580.0,5241.0,5253.0,3855.0,2842.0,1795.0,1745.0,1790.0,1750.0,1496.0,1515.0,1491.0,1493.0,1447.0,832.0,830.0,847.0,798.0,825.0,719.0,594.0,561.0,554.0,504.0,374.0,344.0,351.0,385.0,336.0
1237.0,1193.0,1229.0,1362.0,1712.0,1360.0,2998.0,3658.0,3792.0,3949.0,3100.0,3143.0,2976.0,3066.0,3201.0,2210.0,2162.0,2288.0,2336.0,2413.0,2845.0,2936.0,3059.0,3002.0,2990.0,3339.0,3424.0,3530.0,3441.0,3557.0,3527.0,3482.0,3452.0,3406.0,3522.0,3429.0,3358.0,3451.0,3449.0,3355.0,3041.0,3242.0,3154.0,3201.0,3192.0,2618.0,2633.0,2870.0,2875.0,2989.0,2949.0,2848.0,3714.0,3640.0,3663.0,3091.0,4236.0,4202.0,5723.0,5630.0,7579.0,7666.0,7701.0,5454.0,5213.0,2846.0,2869.0,1857.0,1821.0,1734.0,1990.0,1543.0,1479.0,1484.0,1480.0,1041.0,771.0,834.0,771.0,753.0,698.0,726.0,531.0,543.0,495.0,350.0,321.0,385.0,372.0,334.0
1165.0,1106.0,1154.0,1255.0,1561.0,1263.0,1410.0,3447.0,4452.0,5039.0,3097.0,3211.0,3066.0,3043.0,3128.0,2102.0,2160.0,2229.0,2380.0,2312.0,2903.0,2979.0,2881.0,2986.0,2997.0,3412.0,3456.0,3409.0,3681.0,3554.0,3402.0,3323.0,3446.0,3417.0,3465.0,3358.0,3366.0,3305.0,3404.0,3286.0,3039.0,2976.0,3257.0,3098.0,3038.0,2659.0,2574.0,2538.0,3033.0,2931.0,2917.0,2873.0,2948.0,3546.0,3667.0,3066.0,2896.0,4210.0,4124.0,5668.0,5240.0,7699.0,7380.0,7351.0,5119.0,3922.0,2796.0,2712.0,1769.0,1645.0,2013.0,2035.0,1435.0,1516.0,1462.0,1027.0,987.0,812.0,817.0,820.0,711.0,665.0,652.0,534.0,552.0,345.0,356.0,335.0,393.0,353.0
1228.0,1153.0,1084.0,1214.0,1356.0,1214.0,1309.0,1361.0,4511.0,6781.0,3146.0,3052.0,3012.0,3126.0,3209.0,2051.0,2120.0,2224.0,2264.0,2435.0,2827.0,2996.0,2988.0,3071.0,2987.0,3463.0,3492.0,3309.0,3477.0,3533.0,3346.0,3379.0,3461.0,3459.0,3440.0,3249.0,3302.0,3369.0,3548.0,3368.0,2955.0,2978.0,3012.0,3285.0,3111.0,2588.0,2608.0,2665.0,2584.0,2863.0,2913.0,2869.0,2903.0,2838.0,3548.0,2977.0,3066.0,2954.0,4234.0,4070.0,5254.0,5454.0,7351.0,7505.0,7449.0,3915.0,3996.0,2685.0,2766.0,1716.0,1942.0,1956.0,1931.0,1428.0,1478.0,1037.0,963.0,962.0,832.0,796.0,690.0,711.0,627.0,664.0,502.0,332.0,338.0,354.0,347.0,365.0
1156.0,1100.0,1075.0,1020.0,1249.0,1124.0,1155.0,1285.0,1517.0,7679.0,3324.0,3389.0,3413.0,3485.0,3570.0,2049.0,2044.0,2125.0,2258.0,2407.0,2818.0,2890.0,2984.0,2854.0,2794.0,3435.0,3422.0,3435.0,3374.0,3454.0,3289.0,3386.0,3379.0,3367.0,3433.0,3138.0,3164.0,3202.0,3298.0,3275.0,3033.0,2948.0,3006.0,2927.0,3096.0,2540.0,2447.0,2487.0,2539.0,2448.0,2803.0,2780.0,2739.0,2767.0,2864.0,2944.0,2926.0,2935.0,2912.0,4224.0,3857.0,5213.0,5122.0,7449.0,7458.0,5056.0,3876.0,3848.0,2715.0,2738.0,1970.0,2028.0,1984.0,1913.0,1403.0,1027.0,961.0,953.0,948.0,761.0,647.0,679.0,704.0,651.0,662.0,364.0,365.0,326.0,313.0,333.0
622.0,585.0,628.0,621.0,636.0,613.0,699.0,754.0,986.0,1489.0,2182.0,2649.0,2727.0,2858.0,2956.0,1228.0,1331.0,1349.0,1193.0,1192.0,1429.0,1501.0,1511.0,1438.0,1464.0,1700.0,1683.0,1655.0,1672.0,1705.0,1675.0,1701.0,1710.0,1669.0,1653.0,1601.0,1635.0,1646.0,1671.0,1656.0,1483.0,1570.0,1521.0,1511.0,1537.0,1736.0,1739.0,1693.0,1758.0,1792.0,1750.0,1994.0,1998.0,1979.0,1871.0,1563.0,1953.0,1939.0,1996.0,1934.0,2844.0,2846.0,3922.0,3916.0,5056.0,3356.0,3385.0,2293.0,2219.0,1520.0,1667.0,1092.0,1156.0,1089.0,1118.0,542.0,528.0,580.0,546.0,560.0,375.0,372.0,418.0,376.0,358.0,248.0,191.0,207.0,187.0,177.0
568.0,530.0,540.0,596.0,650.0,587.0,606.0,709.0,902.0,1425.0,890.0,2361.0,3056.0,3128.0,3385.0,1231.0,1215.0,1402.0,1169.0,1128.0,1338.0,1452.0,1404.0,1498.0,1455.0,1683.0,1733.0,1628.0,1717.0,1679.0,1660.0,1637.0,1643.0,1575.0,1586.0,1636.0,1637.0,1640.0,1610.0,1635.0,1499.0,1476.0,1504.0,1429.0,1530.0,1516.0,1733.0,1726.0,1695.0,1791.0,1725.0,1745.0,1896.0,1837.0,1928.0,1382.0,1434.0,1906.0,1902.0,2003.0,1795.0,2869.0,2794.0,3997.0,3875.0,3385.0,3386.0,3311.0,2201.0,2236.0,1740.0,1758.0,1084.0,1104.0,1065.0,869.0,555.0,530.0,541.0,528.0,489.0,391.0,398.0,370.0,319.0,261.0,269.0,171.0,188.0,178.0
579.0,515.0,509.0,569.0,683.0,571.0,558.0,644.0,730.0,1251.0,852.0,960.0,3060.0,3887.0,4243.0,1186.0,1314.0,1427.0,1122.0,1156.0,1323.0,1412.0,1353.0,1357.0,1414.0,1600.0,1682.0,1608.0,1639.0,1697.0,1529.0,1651.0,1533.0,1631.0,1636.0,1592.0,1592.0,1572.0,1622.0,1563.0,1457.0,1454.0,1429.0,1454.0,1447.0,1582.0,1460.0,1663.0,1703.0,1724.0,1637.0,1671.0,1571.0,1848.0,1926.0,1383.0,1303.0,1382.0,1971.0,1895.0,1745.0,1856.0,2713.0,2685.0,3848.0,2292.0,3311.0,3422.0,3315.0,2192.0,2571.0,1652.0,1690.0,1035.0,1061.0,782.0,772.0,535.0,524.0,545.0,464.0,463.0,344.0,331.0,321.0,257.0,263.0,225.0,196.0,174.0
560.0,524.0,487.0,471.0,574.0,549.0,507.0,551.0,697.0,983.0,720.0,801.0,956.0,4020.0,5548.0,1205.0,1330.0,1569.0,1087.0,1122.0,1329.0,1355.0,1411.0,1426.0,1375.0,1541.0,1603.0,1487.0,1629.0,1575.0,1533.0,1562.0,1574.0,1502.0,1573.0,1638.0,1594.0,1576.0,1513.0,1528.0,1398.0,1406.0,1432.0,1340.0,1414.0,1525.0,1451.0,1493.0,1618.0,1625.0,1610.0,1729.0,1592.0,1564.0,1884.0,1296.0,1301.0,1269.0,1285.0,1891.0,1790.0,1820.0,1769.0,2766.0,2715.0,2220.0,2201.0,3315.0,3204.0,3309.0,2486.0,2459.0,1714.0,1685.0,1051.0,797.0,756.0,782.0,521.0,499.0,452.0,451.0,425.0,349.0,375.0,264.0,226.0,229.0,256.0,182.0
549.0,524.0,494.0,502.0,524.0,472.0,471.0,549.0,612.0,901.0,681.0,725.0,880.0,1078.0,7024.0,1686.0,1897.0,2236.0,1107.0,1071.0,1341.0,1385.0,1431.0,1356.0,1397.0,1571.0,1546.0,1657.0,1659.0,1624.0,1535.0,1571.0,1608.0,1569.0,1650.0,1530.0,1553.0,1602.0,1576.0,1553.0,1396.0,1350.0,1410.0,1404.0,1418.0,1434.0,1453.0,1503.0,1397.0,1648.0,1729.0,1592.0,1604.0,1712.0,1602.0,1339.0,1357.0,1312.0,1299.0,1339.0,1750.0,1734.0,1645.0,1715.0,2738.0,1519.0,2236.0,2191.0,3310.0,3288.0,3959.0,2543.0,2391.0,1693.0,1717.0,779.0,748.0,829.0,752.0,520.0,443.0,462.0,442.0,427.0,338.0,255.0,251.0,246.0,264.0,238.0
705.0,652.0,671.0,616.0,664.0,585.0,595.0,653.0,674.0,853.0,688.0,733.0,855.0,1127.0,1592.0,3938.0,5381.0,6014.0,1392.0,1404.0,1753.0,1883.0,1792.0,1877.0,1806.0,2021.0,2057.0,2059.0,2096.0,2042.0,1969.0,2072.0,2061.0,1997.0,2094.0,1972.0,1977.0,1919.0,1991.0,2033.0,1851.0,1744.0,1765.0,1749.0,1795.0,1891.0,2025.0,1844.0,1818.0,1936.0,2099.0,2064.0,2133.0,2056.0,2009.0,1415.0,1579.0,1574.0,1647.0,1567.0,1496.0,1990.0,2014.0,1942.0,1970.0,1666.0,1741.0,2570.0,2486.0,3959.0,4691.0,4710.0,3202.0,3199.0,2203.0,1744.0,1064.0,1058.0,1063.0,1017.0,613.0,648.0,590.0,585.0,599.0,371.0,320.0,329.0,316.0,349.0
819.0,708.0,664.0,623.0,676.0,683.0,597.0,667.0,750.0,885.0,755.0,763.0,782.0,982.0,1504.0,805.0,5900.0,8925.0,1409.0,1448.0,1819.0,1802.0,1701.0,1723.0,1836.0,1986.0,2146.0,2087.0,2146.0,2026.0,2049.0,2103.0,2049.0,2047.0,2150.0,1947.0,1959.0,2085.0,2016.0,1991.0,1944.0,1903.0,1852.0,1834.0,1809.0,1968.0,1904.0,1905.0,1895.0,1971.0,1938.0,2122.0,2097.0,2102.0,2047.0,1468.0,1399.0,1577.0,1645.0,1574.0,1515.0,1544.0,2035.0,1956.0,2028.0,1092.0,1759.0,1652.0,2459.0,2543.0,4711.0,4888.0,4782.0,3173.0,3248.0,1741.0,1811.0,1063.0,1048.0,1091.0,929.0,590.0,544.0,580.0,605.0,416.0,367.0,335.0,359.0,314.0
897.0,831.0,772.0,753.0,826.0,840.0,753.0,762.0,799.0,996.0,778.0,827.0,857.0,1020.0,1389.0,885.0,1241.0,11278.0,1430.0,1410.0,1707.0,1722.0,1769.0,1724.0,1823.0,2027.0,2102.0,2083.0,2089.0,2104.0,1981.0,2008.0,1982.0,2007.0,2083.0,2080.0,2019.0,2015.0,1972.0,2033.0,1872.0,1770.0,1786.0,1839.0,1788.0,1891.0,1834.0,1780.0,1813.0,1845.0,1901.0,1844.0,2087.0,2080.0,2152.0,1384.0,1383.0,1309.0,1588.0,1577.0,1491.0,1479.0,1435.0,1930.0,1984.0,1156.0,1085.0,1690.0,1714.0,2391.0,3202.0,4782.0,4897.0,4728.0,3347.0,2801.0,1775.0,1803.0,1032.0,1073.0,909.0,916.0,576.0,557.0,587.0,407.0,406.0,311.0,337.0,314.0
1521.0,1406.0,1268.0,1331.0,1322.0,1304.0,1302.0,1375.0,1376.0,1483.0,1386.0,1290.0,1363.0,1542.0,1743.0,1428.0,1780.0,2564.0,1433.0,1464.0,1743.0,1765.0,1717.0,1812.0,1769.0,2019.0,2071.0,2074.0,2016.0,1979.0,2066.0,2011.0,2059.0,2023.0,2087.0,2019.0,1964.0,2033.0,1975.0,1957.0,1814.0,1813.0,1867.0,1858.0,1787.0,1846.0,1918.0,1964.0,1859.0,1938.0,1911.0,1960.0,1868.0,2057.0,2131.0,1373.0,1434.0,1400.0,1429.0,1563.0,1494.0,1484.0,1515.0,1428.0,1913.0,1089.0,1104.0,1035.0,1685.0,1693.0,3199.0,3173.0,4730.0,4796.0,4853.0,2693.0,2650.0,1768.0,1815.0,1040.0,921.0,964.0,936.0,525.0,576.0,441.0,449.0,464.0,300.0,319.0
1547.0,1452.0,1378.0,1416.0,1433.0,1263.0,1308.0,1296.0,1366.0,1459.0,1377.0,1351.0,1413.0,1491.0,1671.0,1338.0,1715.0,2346.0,1391.0,1397.0,1703.0,1697.0,1736.0,1808.0,1782.0,2044.0,2041.0,1944.0,2081.0,2030.0,2025.0,2005.0,1949.0,2103.0,2017.0,1948.0,1964.0,1938.0,1921.0,1985.0,1807.0,1760.0,1853.0,1834.0,1753.0,1936.0,1890.0,1867.0,1909.0,1847.0,1997.0,1875.0,1893.0,1880.0,2035.0,1340.0,1382.0,1379.0,1384.0,1367.0,1447.0,1479.0,1462.0,1477.0,1402.0,1118.0,1065.0,1061.0,1051.0,1716.0,2203.0,3249.0,3346.0,4852.0,4753.0,3627.0,2588.0,2671.0,1831.0,1796.0,985.0,1021.0,956.0,965.0,613.0,463.0,489.0,433.0,443.0,311.0
957.0,921.0,884.0,896.0,975.0,940.0,848.0,888.0,879.0,964.0,861.0,847.0,862.0,966.0,1054.0,907.0,1183.0,1893.0,871.0,902.0,1011.0,1080.0,1115.0,1120.0,1134.0,1305.0,1157.0,1224.0,1308.0,1267.0,1300.0,1312.0,1269.0,1283.0,1220.0,1187.0,1182.0,1192.0,1260.0,1279.0,1136.0,1130.0,1109.0,1202.0,1111.0,1192.0,1130.0,1146.0,1179.0,1164.0,1169.0,1147.0,1204.0,1272.0,1191.0,949.0,912.0,887.0,960.0,965.0,831.0,1041.0,1027.0,1037.0,1027.0,542.0,869.0,781.0,796.0,779.0,1742.0,1741.0,2801.0,2693.0,3627.0,2622.0,2590.0,1731.0,1708.0,1046.0,962.0,613.0,576.0,566.0,569.0,266.0,285.0,294.0,293.0,279.0
937.0,918.0,906.0,939.0,899.0,863.0,857.0,872.0,876.0,1014.0,905.0,907.0,857.0,971.0,1085.0,913.0,1154.0,1498.0,873.0,861.0,1065.0,1068.0,1059.0,1052.0,1017.0,1223.0,1211.0,1218.0,1250.0,1211.0,1270.0,1246.0,1185.0,1189.0,1192.0,1202.0,1167.0,1179.0,1163.0,1180.0,1100.0,1080.0,1127.0,1106.0,1108.0,1151.0,1096.0,1057.0,1100.0,1163.0,1094.0,1221.0,1131.0,1213.0,1160.0,809.0,894.0,903.0,845.0,875.0,830.0,771.0,987.0,963.0,961.0,527.0,555.0,772.0,756.0,748.0,1064.0,1811.0,1775.0,2650.0,2589.0,2590.0,2624.0,2595.0,1650.0,1719.0,1063.0,1072.0,621.0,585.0,581.0,493.0,277.0,282.0,297.0,304.0
969.0,977.0,844.0,943.0,889.0,882.0,841.0,870.0,894.0,886.0,940.0,872.0,863.0,971.0,1049.0,844.0,931.0,1335.0,838.0,943.0,1125.0,1019.0,1081.0,1044.0,1067.0,1211.0,1285.0,1211.0,1206.0,1294.0,1211.0,1218.0,1187.0,1222.0,1209.0,1162.0,1173.0,1223.0,1256.0,1229.0,1089.0,1076.0,1162.0,1103.0,1105.0,1113.0,1200.0,1138.0,1171.0,1193.0,1138.0,1161.0,1193.0,1173.0,1163.0,801.0,746.0,834.0,908.0,853.0,847.0,834.0,812.0,962.0,953.0,580.0,530.0,535.0,782.0,828.0,1058.0,1063.0,1803.0,1768.0,2671.0,1731.0,2595.0,2626.0,2670.0,1744.0,1614.0,1097.0,1030.0,634.0,559.0,534.0,500.0,278.0,308.0,323.0
917.0,970.0,918.0,862.0,924.0,896.0,863.0,864.0,821.0,960.0,916.0,874.0,826.0,890.0,953.0,847.0,942.0,1241.0,857.0,815.0,1034.0,1101.0,1043.0,1036.0,1048.0,1187.0,1164.0,1188.0,1198.0,1234.0,1213.0,1208.0,1187.0,1178.0,1247.0,1162.0,1111.0,1261.0,1139.0,1206.0,1109.0,1055.0,1096.0,1045.0,1077.0,1094.0,1069.0,1070.0,1093.0,1149.0,1107.0,1121.0,1146.0,1049.0,1025.0,772.0,729.0,746.0,882.0,918.0,798.0,771.0,817.0,832.0,949.0,546.0,541.0,524.0,521.0,752.0,1064.0,1048.0,1032.0,1815.0,1831.0,1708.0,1649.0,2671.0,2571.0,2707.0,1619.0,1604.0,1033.0,1054.0,592.0,491.0,528.0,490.0,318.0,331.0
982.0,894.0,933.0,909.0,880.0,868.0,839.0,890.0,906.0,807.0,827.0,837.0,823.0,835.0,891.0,822.0,920.0,1118.0,815.0,901.0,974.0,968.0,1027.0,1060.0,1060.0,1220.0,1209.0,1280.0,1236.0,1195.0,1193.0,1225.0,1154.0,1139.0,1145.0,1149.0,1162.0,1179.0,1101.0,1169.0,1064.0,1019.0,1066.0,1115.0,1008.0,1166.0,1050.0,1101.0,1050.0,1118.0,1121.0,1075.0,1087.0,1045.0,1117.0,787.0,756.0,723.0,691.0,880.0,825.0,753.0,820.0,796.0,761.0,560.0,528.0,545.0,499.0,520.0,1017.0,1091.0,1073.0,1040.0,1796.0,1046.0,1719.0,1744.0,2707.0,2668.0,2474.0,1620.0,1621.0,1109.0,1019.0,484.0,488.0,493.0,517.0,257.0
811.0,816.0,777.0,733.0,773.0,787.0,732.0,737.0,783.0,797.0,708.0,723.0,738.0,729.0,730.0,673.0,830.0,962.0,703.0,691.0,836.0,850.0,886.0,908.0,860.0,984.0,951.0,946.0,997.0,1012.0,987.0,976.0,970.0,937.0,997.0,990.0,947.0,950.0,972.0,994.0,931.0,918.0,879.0,928.0,907.0,882.0,908.0,920.0,933.0,954.0,968.0,964.0,965.0,927.0,939.0,715.0,619.0,623.0,644.0,602.0,719.0,698.0,711.0,690.0,647.0,375.0,489.0,464.0,452.0,443.0,613.0,929.0,909.0,921.0,985.0,962.0,1063.0,1614.0,1619.0,2474.0,2109.0,2107.0,1358.0,1469.0,931.0,779.0,417.0,456.0,468.0,465.0
794.0,786.0,772.0,790.0,747.0,760.0,757.0,731.0,767.0,770.0,724.0,725.0,703.0,723.0,799.0,730.0,747.0,986.0,675.0,748.0,813.0,832.0,867.0,824.0,883.0,980.0,972.0,1022.0,1038.0,1024.0,1026.0,961.0,953.0,986.0,967.0,962.0,943.0,912.0,975.0,945.0,823.0,909.0,899.0,944.0,949.0,890.0,905.0,920.0,881.0,953.0,934.0,919.0,959.0,956.0,884.0,574.0,582.0,613.0,613.0,560.0,594.0,726.0,665.0,711.0,679.0,372.0,391.0,463.0,451.0,462.0,648.0,590.0,915.0,964.0,1021.0,613.0,1071.0,1098.0,1604.0,1621.0,2107.0,2305.0,2368.0,1391.0,1472.0,768.0,855.0,451.0,428.0,468.0
867.0,802.0,811.0,791.0,772.0,788.0,724.0,729.0,717.0,734.0,685.0,683.0,718.0,745.0,790.0,667.0,707.0,808.0,641.0,672.0,841.0,847.0,843.0,825.0,839.0,980.0,1005.0,991.0,1045.0,982.0,989.0,960.0,974.0,962.0,1001.0,930.0,892.0,948.0,972.0,980.0,902.0,841.0,874.0,879.0,847.0,885.0,873.0,896.0,953.0,937.0,948.0,911.0,937.0,910.0,902.0,632.0,601.0,596.0,584.0,620.0,561.0,531.0,652.0,627.0,704.0,418.0,398.0,343.0,425.0,442.0,590.0,544.0,576.0,936.0,957.0,576.0,621.0,1030.0,1033.0,1621.0,1358.0,2367.0,2332.0,2283.0,1547.0,1297.0,817.0,861.0,462.0,445.0
803.0,830.0,757.0,767.0,745.0,768.0,716.0,743.0,731.0,778.0,733.0,681.0,720.0,731.0,728.0,722.0,682.0,793.0,702.0,671.0,834.0,864.0,859.0,850.0,845.0,917.0,983.0,983.0,1052.0,983.0,990.0,986.0,1003.0,999.0,982.0,927.0,973.0,917.0,928.0,972.0,850.0,867.0,905.0,822.0,845.0,853.0,911.0,882.0,933.0,910.0,952.0,979.0,917.0,915.0,936.0,625.0,604.0,638.0,606.0,600.0,554.0,543.0,534.0,663.0,651.0,376.0,370.0,331.0,349.0,427.0,585.0,580.0,556.0,525.0,965.0,566.0,584.0,634.0,1054.0,1109.0,1469.0,1391.0,2283.0,2444.0,2408.0,1331.0,1361.0,917.0,958.0,476.0
829.0,771.0,747.0,767.0,717.0,688.0,725.0,696.0,717.0,716.0,638.0,683.0,650.0,678.0,708.0,650.0,733.0,799.0,662.0,721.0,830.0,787.0,851.0,869.0,816.0,1034.0,945.0,918.0,930.0,988.0,931.0,1007.0,979.0,1018.0,999.0,885.0,916.0,916.0,909.0,918.0,828.0,798.0,856.0,797.0,846.0,917.0,857.0,936.0,813.0,906.0,903.0,904.0,937.0,890.0,893.0,568.0,601.0,612.0,595.0,542.0,504.0,495.0,552.0,502.0,662.0,358.0,319.0,321.0,375.0,338.0,598.0,605.0,587.0,576.0,613.0,569.0,580.0,559.0,592.0,1019.0,931.0,1472.0,1547.0,2409.0,2448.0,2045.0,1368.0,1383.0,927.0,1000.0
547.0,525.0,522.0,514.0,512.0,515.0,464.0,483.0,488.0,493.0,488.0,519.0,479.0,521.0,513.0,456.0,516.0,563.0,411.0,433.0,527.0,516.0,571.0,519.0,566.0,645.0,595.0,616.0,656.0,610.0,610.0,621.0,649.0,640.0,612.0,604.0,621.0,611.0,612.0,665.0,588.0,570.0,597.0,591.0,572.0,555.0,572.0,553.0,559.0,627.0,593.0,633.0,577.0,577.0,596.0,415.0,418.0,456.0,396.0,417.0,374.0,350.0,345.0,332.0,365.0,249.0,261.0,257.0,263.0,255.0,371.0,416.0,407.0,441.0,463.0,266.0,493.0,534.0,491.0,484.0,779.0,768.0,1296.0,1330.0,2045.0,1586.0,1615.0,1046.0,1096.0,689.0
588.0,568.0,544.0,541.0,514.0,502.0,483.0,512.0,491.0,495.0,468.0,454.0,467.0,531.0,487.0,438.0,485.0,518.0,463.0,417.0,529.0,507.0,565.0,544.0,580.0,629.0,646.0,672.0,650.0,642.0,609.0,627.0,603.0,628.0,650.0,633.0,585.0,628.0,548.0,646.0,621.0,615.0,566.0,548.0,539.0,569.0,626.0,592.0,552.0,577.0,603.0,571.0,593.0,615.0,561.0,405.0,405.0,391.0,398.0,369.0,344.0,321.0,357.0,338.0,365.0,191.0,269.0,263.0,226.0,251.0,320.0,366.0,406.0,449.0,489.0,285.0,277.0,500.0,528.0,488.0,417.0,855.0,817.0,1361.0,1368.0,1616.0,1762.0,1843.0,1202.0,1298.0
546.0,539.0,527.0,538.0,509.0,480.0,514.0,479.0,503.0,511.0,475.0,476.0,516.0,469.0,490.0,446.0,438.0,528.0,415.0,463.0,515.0,524.0,520.0,527.0,575.0,648.0,661.0,634.0,676.0,624.0,619.0,658.0,650.0,641.0,613.0,637.0,632.0,616.0,607.0,577.0,565.0,589.0,565.0,576.0,566.0,588.0,562.0,612.0,578.0,599.0,622.0,583.0,580.0,594.0,573.0,353.0,398.0,367.0,396.0,359.0,351.0,385.0,335.0,354.0,326.0,207.0,171.0,225.0,229.0,246.0,329.0,335.0,311.0,464.0,433.0,294.0,282.0,278.0,490.0,493.0,456.0,451.0,861.0,917.0,1382.0,1046.0,1842.0,1858.0,2124.0,1434.0
580.0,552.0,572.0,524.0,497.0,519.0,505.0,466.0,503.0,482.0,495.0,473.0,476.0,471.0,509.0,446.0,449.0,528.0,442.0,436.0,561.0,575.0,546.0,561.0,503.0,647.0,623.0,610.0,651.0,669.0,586.0,563.0,561.0,596.0,590.0,581.0,567.0,582.0,589.0,643.0,572.0,535.0,529.0,540.0,590.0,605.0,551.0,598.0,589.0,573.0,599.0,590.0,587.0,570.0,564.0,367.0,367.0,370.0,408.0,389.0,385.0,372.0,393.0,347.0,313.0,187.0,188.0,196.0,256.0,264.0,316.0,359.0,337.0,300.0,443.0,293.0,297.0,308.0,318.0,517.0,467.0,428.0,462.0,958.0,927.0,1096.0,1202.0,2124.0,2286.0,2694.0
525.0,517.0,483.0,476.0,528.0,446.0,449.0,454.0,456.0,427.0,469.0,455.0,442.0,461.0,436.0,386.0,462.0,473.0,423.0,427.0,517.0,516.0,530.0,537.0,561.0,589.0,551.0,617.0,599.0,555.0,604.0,583.0,627.0,557.0,585.0,572.0,529.0,547.0,576.0,576.0,562.0,553.0,521.0,568.0,519.0,500.0,561.0,581.0,583.0,623.0,604.0,528.0,562.0,566.0,562.0,389.0,369.0,372.0,368.0,403.0,336.0,334.0,353.0,365.0,333.0,177.0,178.0,174.0,182.0,238.0,349.0,314.0,314.0,319.0,311.0,279.0,304.0,323.0,331.0,257.0,465.0,468.0,444.0,476.0,1000.0,689.0,1297.0,1434.0,2695.0,3038.0
