21263,18896,18548,17247,15553,14379,12254,11446,11097,10850,10994,10308,10031,9894,12624,12434,13252,14054,22572,21744,25760,27050,26591,25543,25235,25783,25388,25314,23875,23696,23571,22904,22728,22393,22321,21202,20979,20934,21059,20877,19649,19776,19447,19254,19410,18754,18362,18146,17765,18065,18890,18204,18621,18283,18052,14211,14046,13678,13359,13138,12618,12728,12506,12140,11928,6402,6039,6102,5790,5775,7472,7492,7388,7293,7294,4544,4554,4347,4428,4337,3600,3615,3614,3506,3507,2579,2450,2407,2449,2389
18793,54935,48042,67141,13724,12520,11054,10123,10185,9975,9629,9158,9126,9350,11694,11451,12203,12960,21174,20439,22790,22044,22115,22199,22467,22904,21333,21827,21538,21376,21486,20813,21375,20967,20789,19867,20027,19780,19394,19217,18438,18225,18344,18382,18091,17131,17350,17400,17208,17267,17891,17243,17436,17311,17272,13250,13131,12849,12739,12293,11901,11602,11754,11647,11328,6112,5799,5585,5281,5382,7158,6802,6870,6666,6672,4158,4213,4095,3971,3833,3330,3339,3422,3126,3088,2381,2276,2200,2297,2240
18892,48142,76677,113675,68329,12454,10722,9992,9933,9872,9748,9355,9142,9236,11778,11443,12051,12800,20927,20017,22655,21902,22359,22194,22477,22625,21633,21719,21609,21470,21644,21201,21445,21046,20925,19750,19605,19623,19694,19754,18167,18062,18470,18434,18069,17282,17117,17075,17060,17072,18209,17525,17795,18085,17542,13530,13249,12929,12654,12665,11996,11932,11854,11345,11230,5828,5597,5599,5412,5418,6952,6836,6824,6649,6710,4165,4250,4080,3970,3810,3356,3442,3274,3113,3079,2345,2143,2193,2259,2234
17214,67067,113600,295295,217224,11555,9763,9652,9297,9054,9238,8638,8503,8545,11035,10763,11350,12059,14317,19407,21564,20825,21255,21413,21836,22210,21005,21460,20895,21097,20936,20383,20777,20770,20873,19579,19277,19383,19180,19292,18120,18096,18032,18101,17954,17203,17105,16986,16451,17272,18051,17649,17527,17612,17127,13361,13333,12681,12630,12426,11677,11387,11592,10991,10830,5690,5553,5180,5112,5134,6631,6441,6560,6370,6444,3928,3874,3876,3554,3700,2980,3085,3001,2951,2920,2146,2130,2069,2076,2001
15665,13713,68429,217081,336731,177511,9627,9141,9154,8883,8799,8240,8089,8353,10497,10198,10765,11378,11722,13994,20388,19609,20374,20420,20905,21080,19889,20398,20231,20034,19905,19517,19821,19958,19472,18527,18492,18545,18330,18337,17501,17326,17293,16989,16930,16448,16135,16080,15989,16005,17453,17120,17124,17235,16720,12985,12555,12820,12134,12202,11344,11088,11007,10933,10443,5712,5400,5052,5004,4966,6295,6275,6189,6125,6091,3738,3709,3616,3533,3481,2884,2906,2823,2936,2836,1933,2046,1887,2040,1900
14220,12409,12288,11568,177483,363690,209248,92213,8462,8355,8178,7695,7536,7414,9457,9161,9529,10228,10268,11435,15851,20387,18649,18222,18289,18986,20237,20082,19399,19245,19063,18606,18604,18505,18275,17257,17173,17223,17033,17381,16039,15782,16241,16113,16110,15292,15147,14987,14992,14978,15316,14824,15032,14942,14515,11313,11188,11158,10733,10829,10131,9936,9628,9420,9228,4933,4710,4559,4482,4495,5512,5492,5592,5670,5380,3326,3260,3314,3271,3208,2625,2591,2565,2575,2486,1759,1707,1771,1817,1695
12228,11035,10628,9887,9722,209237,430575,267332,132935,7528,7610,7287,7160,7161,9171,8555,9060,9619,9242,10304,12889,14172,17457,16587,16751,17046,17292,17626,17161,17374,17764,17342,17303,17151,17330,16394,16191,16078,16152,16329,15069,15343,15465,15341,15189,14756,14338,14419,14221,14198,14936,14069,14371,14129,14071,11050,10865,10422,10302,10495,9535,9118,9195,9010,8635,4550,4372,4345,4249,4103,5233,5257,5171,5059,5131,3162,3037,3031,3010,3011,2386,2461,2380,2373,2308,1706,1632,1625,1650,1585
11358,10076,10140,9597,9281,92209,267394,359780,292102,145430,7504,6863,7129,7097,8792,8537,8839,9289,9074,9537,12099,12669,13938,16171,16109,16491,16465,16845,16752,16819,17275,16958,17059,16661,17103,15616,15772,15801,15912,15576,14574,15096,14677,14972,14957,14309,13737,14048,14187,14040,14760,14105,14473,14423,13892,10999,10843,10142,10176,10273,9176,8921,9021,8845,8572,4490,4424,4240,4097,4050,5158,5077,5037,5062,5108,3012,3104,2952,2975,2895,2355,2411,2330,2271,2240,1730,1615,1619,1689,1544
11196,10091,9988,9413,9082,8294,132908,292189,411587,272521,140766,7041,7098,7074,8783,8416,8984,9602,8964,8927,11990,12370,12697,13781,15723,16066,16336,16668,16626,16778,17386,16568,17059,16876,16880,16038,15968,15969,16168,15890,15134,14809,14622,14892,14642,14164,14051,13951,13905,14053,14594,14123,14438,14316,14250,10982,10719,10491,10114,10342,9319,9110,9259,8956,8759,4581,4423,4372,4129,4160,5187,5247,5031,5158,5087,3209,3096,2997,3051,2955,2439,2342,2393,2390,2256,1600,1585,1591,1601,1635
10768,9848,9818,9074,8817,8343,7656,145352,272597,403509,279482,141198,7193,7108,8893,8529,8853,9657,8753,8929,11591,12401,12601,12814,13716,15759,15674,16235,16622,16676,16950,16664,16875,16828,16813,15868,15852,15857,15786,15762,14653,14982,14629,14618,14479,13993,13596,13708,13626,13655,14957,14422,14273,14590,14128,10990,10761,10551,10521,10342,9449,9262,9182,9007,8920,4740,4366,4286,4094,4159,5227,5142,5078,5222,4989,3084,3100,3112,2980,2851,2349,2417,2437,2385,2254,1720,1629,1622,1606,1573
10878,9774,9581,9162,8608,8035,7563,7361,140638,279512,423780,280764,144535,7124,8804,8696,8993,9734,8858,8859,11692,12097,12781,12790,13207,15012,18988,17042,16817,16408,16846,16550,16973,16632,16919,15885,15804,15757,15778,15527,14736,14670,14602,14673,14671,13807,13592,13912,13541,13849,13687,13822,13549,13986,13494,10691,10719,10509,10238,10177,9348,9157,9387,9204,9139,4845,4541,4553,4365,4343,5541,5459,5434,5401,5393,3409,3401,3441,3194,3221,2640,2666,2611,2528,2502,1826,1808,1843,1897,1736
10136,9143,9433,8592,8183,7770,7285,6929,7075,141294,280686,411238,277795,143755,8545,8533,8921,9671,8603,8604,11404,11757,12123,12204,12556,12846,13700,16332,16031,15738,15976,15767,16188,16198,16281,15505,15133,15355,15104,14867,14283,14652,14416,14258,14019,13564,13569,13402,13306,13620,13743,13657,13708,13842,13497,10599,10549,10331,10302,10205,9629,9351,9289,9326,9175,4761,4673,4445,4301,4370,5624,5561,5525,5437,5387,3356,3422,3325,3174,3164,2550,2728,2613,2503,2442,1858,1791,1821,1842,1772
10127,9231,9237,8692,8185,7481,7167,7037,6997,7149,144512,277835,412144,279871,147713,8715,9236,10133,8785,8812,11747,11800,12149,12205,12742,12639,12921,13966,15635,15408,15967,15770,16276,15948,16076,15262,15143,15251,15035,15054,14569,14518,14599,14004,14336,13585,13856,13451,13234,13739,13961,14023,13904,14090,13898,10687,11129,10283,10658,10606,9669,9501,9429,9454,9058,4933,4777,4573,4334,4491,5753,5567,5613,5658,5650,3592,3526,3303,3332,3287,2724,2803,2739,2643,2565,1815,1826,1821,1823,1902
9926,9314,9225,8508,8310,7597,7135,7130,6971,7235,7133,143728,280014,424606,290682,149470,9501,10377,8743,8926,12017,12166,12458,12500,12997,12891,12907,13531,13969,15749,15886,15810,16273,16120,16425,15623,15434,15632,15067,15308,14820,14830,14461,14553,14657,13777,13530,13643,13654,13902,14159,14283,14478,14697,14668,11268,11206,10726,10966,10775,10031,9844,9794,9586,9519,5088,5016,4698,4577,4569,6082,5831,5790,5839,5726,3586,3505,3469,3266,3315,2739,2756,2738,2660,2589,1966,1939,1879,1883,1796
26084,24032,24041,22980,22570,19821,18772,18530,18499,18591,18793,18137,157442,300935,448378,304524,166243,25283,30320,30741,38780,39446,40249,40038,40631,41185,41591,42059,42169,42797,44354,45151,45787,45686,45596,42577,42526,42583,42757,42083,40571,40365,40453,39926,40011,38418,38596,39046,38134,38940,41421,41132,41353,41435,41137,32400,32064,32086,31433,31954,29840,29899,29263,29429,28624,16525,16163,15694,15302,15470,20236,19460,19596,20025,19436,12223,12178,11931,11612,11709,9820,9794,9643,9532,9425,6869,6695,6727,6913,6601
26488,24697,24555,23788,22787,20426,18824,18557,18770,18799,19198,18840,19048,159917,304520,465332,322483,153666,32098,32918,40615,41659,42454,42562,42870,43181,43432,44013,43877,44202,45571,47903,47239,47023,46922,43848,43770,43491,43542,43253,41062,41495,41504,41473,41115,39786,39978,40032,39592,40062,42098,41863,42195,42350,41887,33015,33512,33210,32746,32850,31374,31448,31594,30915,30840,17897,17104,17060,16653,16394,22076,21769,21882,22024,21437,13610,13536,13317,13233,13055,11140,11092,11076,10867,10536,7846,7658,7611,7684,7458
28180,25920,26292,24636,24345,21320,19959,19642,19681,19739,19991,19884,20288,20537,166082,322500,445914,348439,170733,35687,43911,44881,45540,45942,46327,46355,46498,46948,47432,47239,48860,48937,51040,50653,49983,47241,46772,47025,46775,46998,44352,44417,45151,44714,44291,43038,42861,42778,42818,43195,45256,45206,45073,45876,45347,36296,36181,35430,35887,35359,33771,33479,33993,33048,32877,18966,18565,17998,17812,17582,23692,23533,23743,23388,23133,14788,14485,14298,14092,13915,11888,11869,11655,11732,11470,8513,8223,8237,8192,8105
30105,27670,27768,26513,25432,22815,21110,20944,21006,20859,21290,20823,21781,22071,25647,153612,348462,449194,259129,39478,48762,49992,50862,51921,52427,52417,52713,53534,53120,53474,55323,55161,55902,56720,56301,53296,52607,53295,53353,52967,50491,50838,50314,50451,50821,48536,48380,48603,47965,48641,50554,50669,51053,51640,51704,40382,40925,40062,39593,39963,37221,36753,36816,36266,36056,20599,20356,19739,19482,19546,25552,25565,25669,25389,24935,15840,15696,15468,15066,14999,12832,12680,12759,12373,12437,9066,9022,8527,9103,8610
46653,43809,43726,36452,33191,29724,27247,26497,26437,26552,26926,26212,26443,26733,30531,32065,170659,259086,411682,117475,122489,88234,88735,89221,88710,85680,86436,87088,85749,85956,88516,88039,89066,87945,88248,84440,84588,84253,83431,83189,77904,77460,77758,77243,77137,75398,75762,75594,74962,75819,77675,77374,78341,77772,77407,61395,61461,60264,59696,60272,54668,54622,53756,54389,52828,30396,29887,29739,28668,28576,38293,38521,38214,37818,37458,23339,22862,22266,22361,22298,18455,18324,18013,17986,17904,12966,12536,12262,12457,12457
46834,43598,43069,42104,35878,31605,28231,27250,27174,26959,27381,26795,26802,27368,30981,32490,35239,39376,117526,145010,149624,128411,104372,103695,105189,99474,100441,100500,100901,100467,104833,104848,105164,104617,104967,99431,98977,98966,98752,98340,92579,91585,91449,92349,91635,89256,89660,89710,88948,89377,91333,90267,90687,91182,90173,71420,70915,70115,69776,69375,60597,60346,59329,59231,58269,33132,32572,31820,31224,30563,40513,40755,40603,40088,39651,24102,23984,23580,23118,23100,18727,18465,18755,18344,18228,13001,12952,12784,13202,12562
55426,50456,50554,49062,46835,39691,34720,33724,33804,33457,33434,33248,33573,34099,38639,40565,43927,48922,122419,149444,185585,171567,141951,126741,127247,121889,120968,121629,121491,122271,126559,126199,127351,126297,126633,120527,119946,119480,117844,118674,111780,111365,110910,110593,110166,107978,108749,107241,107846,108447,109621,109088,109834,110650,108931,85549,85264,85097,84706,84139,72658,71676,71479,70629,70026,40039,39482,38859,37851,37248,48919,48825,48722,48777,48163,29294,28709,28390,28087,27851,22715,22463,22532,22303,22060,15760,15726,15532,15504,15182
57505,50142,50253,48574,47035,44602,36753,34797,34471,34586,34734,34107,33768,34961,39363,41507,44837,50413,88397,127775,171639,203137,166265,147869,131561,124373,125072,124929,124681,125372,130280,129692,130701,129946,130807,124159,122074,122608,122069,121636,114445,113974,113990,113906,113626,110778,111022,110943,110129,112175,112490,110992,112347,112747,111694,88243,87945,87396,86292,85964,74778,74143,73166,72775,71651,40806,40325,39857,38521,38326,49991,50067,49880,49684,48640,29911,29450,29116,28877,28212,23164,23042,22982,22604,22385,16169,16093,15767,15835,15557
57224,50895,51461,49402,47667,43187,39869,35916,34833,34657,35179,34800,34536,35427,40279,42233,45323,51324,88752,104691,141661,166289,172786,165065,136415,131788,130328,131267,129070,129754,135586,135450,135833,135418,134902,128751,127951,127458,127019,126424,120195,118890,119176,119148,118908,115840,115576,115061,115823,116736,116560,115754,116373,116611,115749,91115,91321,90398,89406,89234,76904,76332,75636,73978,73286,41344,41188,39836,39520,39091,51234,50974,50342,50839,50168,30401,30027,29526,29151,28909,23608,23284,23192,22961,22469,16373,15749,16028,16180,16140
56990,51204,51453,50280,48578,43151,39650,38702,36500,35152,35772,34965,35178,35879,40164,42558,46237,51620,89484,104044,126267,147698,165459,195494,141512,132718,134286,132910,133699,132743,138516,137492,138971,137551,137354,131029,130336,130132,128614,129127,122124,120242,121191,120858,120561,117531,117556,117450,117351,118211,118793,118365,119162,119076,117635,92366,92666,92380,91089,90984,77863,77398,76084,75983,74808,42591,41491,41629,40212,39609,52182,51693,51589,51238,50829,30997,30359,29799,29633,29115,24117,23552,23905,23298,22880,16472,16560,16142,16491,16113
56820,51623,51610,50612,49281,42840,39838,38749,38607,36445,36464,35067,35365,36552,40732,42781,46480,52386,89125,105254,126760,131651,136261,141696,143161,139341,136513,137477,135318,135389,140270,140913,141627,141219,140059,132873,131995,132077,131292,131490,123905,123451,123125,123304,122730,119540,119383,119142,118823,121013,121272,120149,120714,121247,120453,95068,94905,93254,93245,92908,78024,78825,77543,77217,75911,43177,42411,41823,40996,40191,52373,52367,52138,51892,51074,31114,30875,30170,29840,29389,24052,23581,24141,23647,23404,16604,16613,16319,16441,16264
57990,52264,52638,51402,49537,44503,40224,39319,39398,39104,38715,35821,35734,36568,40918,43274,46384,52433,86140,99693,121642,125338,131815,133298,138863,142785,145189,141551,142890,141096,147184,145372,146605,146011,145682,132818,131972,133087,132297,131540,127435,127099,126707,126726,126641,124250,123609,123756,123628,124756,124655,123276,124792,125081,124002,99309,99123,97812,96876,96336,82166,81425,80649,79535,78682,44906,43936,43319,42126,41597,53708,53529,53409,53630,52770,32228,31601,31404,30966,30317,24687,24610,24700,24180,23617,17191,16947,16584,17023,16664
57230,51458,51586,50722,48828,45734,40542,39591,39361,38892,42498,37091,36331,36944,41843,43189,46365,52811,86394,100633,121229,125218,130316,134259,136726,145115,145846,147350,143732,145217,148918,148674,148305,148252,147376,134940,133499,134163,133223,132325,129560,127641,127943,128156,127208,125441,125263,124760,124831,125360,126362,125128,125993,126262,125161,99836,99946,99370,98012,97321,82535,81847,80735,80643,79221,45424,44295,43686,42747,41810,54532,53776,53477,53902,53397,32736,31979,31544,31229,30604,24869,24565,24665,24246,24093,17233,16915,16803,17431,16885
57697,51766,51912,51060,49463,45877,41406,40073,39742,39495,40799,40000,37672,37394,42033,44302,47469,53050,86915,101075,122778,125087,131266,132923,137208,142465,147135,149043,148699,145338,152796,150157,152062,148223,148063,136991,135615,134534,134657,133434,129784,128803,128630,129316,129371,126067,126703,125626,125731,126882,127188,126904,127065,127345,126082,100348,100432,99308,98941,98452,83491,82662,82098,81468,80091,45387,44144,43887,43256,42452,54984,54464,53960,54504,53334,32520,31920,31669,31093,30717,25102,24924,24812,24564,24137,17724,17464,17059,17338,17009
56677,51557,52325,50469,49252,45544,40807,39946,39823,39964,40462,39656,39147,37863,42212,43978,47613,52999,86382,101781,122238,124916,129367,133336,135010,143000,144105,149461,148930,150181,152627,152554,151859,150430,147964,137189,135915,135665,134747,134108,130542,129213,130035,129578,129094,126821,126761,125732,126227,127327,127140,127053,126720,127210,126736,100431,100729,99861,98778,98909,83589,82921,82285,81378,80493,45295,44504,43641,42909,42353,54538,54920,54512,54099,53883,32356,32210,31810,30890,30843,25286,24901,24785,24524,24268,17608,17335,17077,17350,16759
56651,51943,52365,51054,49197,45382,41460,40568,40375,40138,40554,39399,39163,39930,42961,44298,47717,53832,86628,101264,122803,125938,130228,132591,136305,141044,145424,145324,150220,150470,157554,153950,154092,151211,151214,137452,136720,137292,136377,134093,131022,130195,130822,131458,129725,126857,127512,126929,126515,127784,127737,127633,127369,128766,126986,100876,100913,100492,99846,99312,83908,83587,82560,81797,80289,45706,44776,44172,43314,42884,54722,54193,54948,54960,53709,32773,32614,32091,31429,31376,25330,25282,24912,24881,24106,17650,17474,17052,17318,16951
56793,51749,52602,51143,49599,45796,42121,41104,41053,40669,40797,39902,40110,40311,44670,45596,48710,54913,88618,104672,127516,131587,136219,138659,140518,147181,149021,152365,152918,157495,165196,165347,164062,161617,159151,147594,144071,145153,142940,142335,138100,136642,137240,137760,136596,133339,133270,133007,133263,134878,134774,133737,133202,134284,132969,106116,105604,106016,104559,103850,86918,86415,85577,84280,82948,46987,45815,45334,44674,44106,56269,56079,55894,55966,55585,33286,32847,32845,32005,31406,25299,25415,25260,25022,24475,17672,17513,17235,17555,17115
56205,51411,51927,50926,49045,44821,41925,40314,40482,40388,40776,39827,39550,40299,45407,48339,49401,55267,88430,104842,126426,129951,136029,137386,140500,145078,148274,150220,153068,152813,165077,164928,166394,161788,162331,146793,146464,144274,143799,142833,139073,137379,137062,137321,137447,133959,134216,133900,133209,134291,134500,133565,133668,134432,132245,105580,106918,105370,104179,103921,86251,86030,84939,83607,82422,47159,46249,45246,44355,43785,56324,55619,55655,55528,54847,33030,33002,31931,31702,31424,25464,25055,25065,24758,24615,17530,17394,17358,17463,17161
55940,51975,53037,51440,49338,45120,41451,41024,41260,41007,41195,40404,40240,40789,45543,47518,51129,55735,89627,105828,127805,130477,136087,139007,141506,146333,148639,151718,151852,154591,163308,166567,168109,167118,163837,151321,147657,147467,144994,144635,140528,139127,138661,139184,139145,135136,135515,135415,135177,136389,134829,134602,135146,135512,134022,106768,106870,106502,105135,105048,88028,87475,85847,85493,83870,47568,46777,46008,45141,44332,56613,56618,56058,56209,55162,33690,33206,32536,32256,31950,25617,25402,25486,25205,24921,18020,17523,17402,17646,17312
55468,51672,52206,51089,49640,44653,41152,40824,40826,40635,40692,40307,40195,40892,45498,46919,50288,56572,88670,105397,126519,130769,135680,138253,140472,146304,147565,147949,150476,151602,162223,162338,167020,165702,165690,150005,149055,146819,145780,143765,139627,138295,138635,137316,137125,133595,134191,133373,133544,135215,134990,133717,134661,134314,133941,106664,106814,105297,104447,103490,86210,86351,85544,84722,83050,47166,46200,45281,44699,43523,56001,56296,55693,55462,55275,33140,33036,32313,32099,31094,25819,25346,25457,24930,24631,17653,17474,17355,17451,17034
55425,51565,52018,51133,48908,44316,41452,40754,40883,40837,41173,40560,40203,40865,45453,46704,49957,56533,88206,105185,127335,130058,135010,137432,139665,145201,146576,147981,147999,151131,160008,162296,163988,166090,165873,153665,148815,148815,146058,145235,139626,138461,139233,139408,137776,133879,135210,133965,134420,135551,134514,133853,134893,134812,134043,106481,106058,105544,104694,104648,86474,86450,85476,84340,83345,47202,46276,45329,44546,44017,56577,55564,55784,55983,55175,33149,32924,32660,31701,31255,25199,25205,24994,25105,24424,17733,17501,17271,17425,17051
51932,48470,48315,47692,45993,41476,38888,37883,37991,37952,38276,37738,37503,38784,42790,43501,47174,53237,84545,99868,120594,124307,129066,131106,133050,132713,135058,136442,136578,137654,147581,146849,151160,149507,153645,144059,142850,139752,139354,136086,131486,128622,128805,128561,128173,124302,124860,124342,124755,125520,125660,125364,125900,125929,124761,99338,99946,98810,97852,97590,80966,80985,80039,78744,77845,44290,42780,42518,41340,41080,52889,52316,52019,52400,51341,31294,30838,30325,30112,29366,23796,23857,23546,23442,22753,16410,16601,15988,16446,15852
51697,48217,48215,47253,45464,41382,38581,37623,38041,37695,38087,37200,37277,38336,42334,43467,46636,52799,84399,99525,119494,122668,128117,130016,132419,132691,133476,135740,136037,136789,143879,146997,147566,149115,149670,143085,142480,142816,137798,138059,130249,129370,127112,126668,127690,124249,123747,123120,123049,123968,125103,123763,125470,125038,123555,98764,99177,97882,96998,96415,80309,80555,79597,78539,76966,43859,42989,42109,41099,40571,51686,51996,52064,51958,51048,30935,30620,29990,29264,28838,23798,23363,23377,22904,22577,16302,16253,15883,16193,15746
51775,48043,48530,47575,45847,41656,38645,38292,37894,38076,38284,37819,37391,38162,42585,43444,46416,53221,84469,99265,119654,122880,127709,130556,131807,132756,134136,134573,136429,136691,145538,144357,147681,147083,149382,139540,142694,143507,141902,137695,133246,129667,130142,128271,127514,124554,125409,124538,123734,125358,125900,124392,125401,125800,123994,99074,99362,98581,97096,97040,80435,79746,79560,78379,77409,43957,42842,42229,41676,41199,52506,52413,52036,52136,51385,30749,30510,30444,29607,29516,23519,23538,23801,23466,22932,16622,16448,15922,16261,15824
51735,47539,48221,47438,45153,41593,38604,38060,38169,37856,38279,37335,37705,37810,42457,43029,46777,52986,83141,98809,118350,122367,126716,128293,131293,132711,133258,133835,134334,136060,143285,143560,145000,146054,146259,138931,138140,141399,141339,140437,131638,130943,129484,129087,126754,123554,124056,123593,122931,123693,125102,124127,124044,124749,123414,98864,98795,98104,96629,96442,80192,80108,78922,78182,77298,43917,42484,41711,40959,40646,51792,51791,51721,51602,50839,30838,30426,29897,29525,29222,23452,23295,23452,23233,22929,16679,16217,16017,16509,15848
51246,47733,48148,47143,45892,40948,38408,37646,38110,37564,37979,37258,37449,37564,42160,43369,47155,53090,83309,98284,119360,122193,126722,128709,130915,131394,131848,134186,134059,134276,142758,143174,144493,143186,145273,136161,137972,137940,140297,140252,134894,131101,131108,129170,127782,123616,124047,123735,122878,124264,124884,123920,124010,124627,123414,97999,98405,97649,95933,95762,80269,79183,79603,78007,76838,43589,42444,41694,41001,40900,51584,51688,51231,51439,51019,30763,30389,29608,29452,29062,23346,23299,23090,23232,22376,16347,16413,16029,16011,15606
48690,45204,45192,45001,43466,39384,36363,35623,36257,35855,36004,35267,35588,36320,40265,41123,44426,50638,77911,92756,112394,114462,119796,121913,123970,127284,129698,129889,130322,130719,138444,139165,140496,140046,139296,131225,130484,133170,131707,135275,130222,129523,127000,126455,124550,120162,120062,119604,118859,120715,119517,119068,120144,119316,118838,94159,94856,93657,92174,91851,76930,76020,75445,74278,73182,41678,41323,40318,39582,38965,49795,49811,49486,49362,49083,29558,29176,28561,28010,27963,22556,22645,21972,22003,21699,15590,15480,14899,15637,15130
49059,45158,45408,44550,42607,39064,36511,35724,35706,35572,35896,35544,35500,36558,40251,41184,44432,50885,77313,92295,110943,114151,119320,121052,123049,127056,127687,129181,129779,130681,136525,137314,139009,138287,138385,128260,129395,129934,131888,130907,129508,128708,129019,126174,126237,120856,121103,119752,117907,120331,120811,118912,119394,119860,118704,94528,94240,93517,91769,92267,76788,75963,74882,74348,73209,41575,40839,40209,39109,38889,49365,49269,49401,49295,48358,29102,28791,28523,27949,27418,22322,22189,22336,21844,21471,15509,15214,15085,15474,15016
48619,45204,45740,44844,43132,39270,36688,35706,35755,35521,36093,35388,35389,35905,40357,41744,45321,50579,78212,91882,111649,114714,119022,121047,123299,126667,127974,128642,129887,130630,137122,136657,138715,138458,138699,128603,127604,130894,129380,131328,126866,128915,129114,129451,125966,123508,120900,120744,118863,120112,120088,119459,119069,118944,118138,94368,95171,93636,92860,92341,77029,75857,74918,74234,72905,41793,40535,39915,39025,38906,49353,49469,49434,49397,48542,29147,28936,28670,28061,27869,22140,22392,22047,22041,21586,15646,15537,15240,15259,15317
48168,44919,45284,44428,42880,39025,36489,35641,35605,35600,35834,34980,35313,35982,40192,41726,44696,50348,77109,92126,110660,114660,118450,120688,123563,126517,127928,128546,129757,130593,137392,137391,139122,137719,138979,128549,126553,127860,128782,129379,126109,126019,129600,129640,129028,123221,122988,120633,120837,119873,120780,119792,120318,119150,118591,95020,94589,93490,92582,92168,76532,75487,74926,74501,73075,41687,40875,39741,39347,39147,49472,49373,48872,49361,48381,29060,28870,28136,28019,27672,22188,22274,22235,21878,21831,15704,15323,15353,15302,15152
48291,45144,45478,44430,42724,38768,36282,35559,35458,35304,35868,34886,35489,36204,40437,41449,44602,50336,77342,92377,110520,114002,119249,121033,123054,126467,127197,129088,128902,130023,136256,136971,138805,137213,138030,128328,127664,127460,126877,128163,124488,126171,126143,128980,129623,125975,122846,122254,120971,121112,120204,119216,120654,120174,119135,94173,94134,93166,92394,91346,76768,76070,74280,73890,73336,41531,40460,39778,38934,38470,49234,48959,49141,48932,48563,29150,28718,28778,28219,27816,22361,22211,21970,21670,21184,15578,15364,14953,15634,14985
47156,43172,43976,43043,41806,37691,35274,35133,34543,34545,34359,33752,34446,34791,38869,39887,43139,48852,75595,89554,108302,111300,115891,117894,119366,124383,125489,125935,126058,127165,133520,133570,135160,133772,133763,124049,124131,124920,123711,122639,120004,120996,122770,122529,126136,125060,125487,121848,121385,120808,120379,117491,118610,118166,117631,93390,93425,92820,91294,91810,75762,75719,74945,74094,73231,41800,40691,40324,39131,38537,49416,49314,49059,49295,48763,29346,29037,28354,28049,27579,22169,22214,22043,21866,21500,15471,15577,14955,15424,14754
47082,43915,43835,43015,41602,37972,35241,34474,34418,34340,34623,34252,34456,34629,38594,39964,43047,48685,75932,90324,109038,111284,115951,117782,119259,123689,125602,126522,126403,127300,133691,134040,135117,133796,135776,124911,123557,125528,124269,123807,120003,121281,120972,122678,122554,125395,125679,125708,122037,123396,120282,119966,119080,119715,117693,94785,94253,92779,91927,92155,76587,76196,74946,74390,73032,41869,41255,39899,39219,38842,49423,49558,49420,48957,48221,29251,28847,28689,28134,27802,22335,22058,22040,21635,21386,15635,15473,15086,15182,14799
46656,43572,44137,42950,41491,37267,35192,34785,34639,34201,34975,34015,33996,35070,38828,40076,42913,48406,75838,90440,107735,111080,115843,117509,119839,123424,124463,125452,126129,127374,133212,132874,135497,133804,134449,124552,122966,123855,123394,123496,120055,119734,120464,120557,122669,121612,125637,125468,125852,123091,122347,119273,120275,118078,117555,94867,94490,93152,91652,91854,76332,75524,74959,73967,73033,41977,40621,39852,39209,38864,49888,48400,48845,49075,48991,29229,28963,28837,28044,27718,22345,22138,22022,21806,21648,15376,15170,15101,15430,14901
46380,43158,43555,42883,41088,37504,34806,34450,34530,34169,34327,33825,33794,34682,38405,39760,42646,48308,75422,89581,108379,110642,115569,116936,118994,123316,125094,126026,126172,126910,133298,132771,134898,133711,134562,123999,123557,123816,123229,122810,118789,118789,118767,120230,120314,121708,121593,125398,124292,126218,122160,121687,119927,120203,117705,94295,94390,93778,91784,91500,76014,75350,75162,73666,73237,41656,40558,40085,39322,39081,49312,49285,49238,48751,48433,29163,28756,28059,27587,27568,22176,21758,21892,21819,21623,15543,15238,15021,15363,14793
47023,43573,43871,43711,41703,37810,34876,34755,34583,34583,34828,34315,34803,34902,39167,40469,43123,49099,76880,89894,108798,111660,116331,117842,120516,124535,125575,126974,126694,128106,135068,134746,136390,134904,135331,125883,123788,124979,123849,123818,120656,119527,120123,119642,120624,120784,124062,123302,125905,127678,127320,122600,123960,121294,120398,94771,95880,94506,93660,92408,77096,76631,75677,75424,73269,42396,41151,41032,39585,39032,49699,49640,49476,49492,49051,29531,29164,28811,28243,27607,22112,22046,22425,21757,21174,15432,15249,15143,15412,14935
48773,45607,46140,45608,44088,39229,36776,36340,36288,36639,35751,35525,35865,36482,41203,42042,45133,51033,77972,90597,109866,112223,117210,119404,120454,124562,126263,127620,126524,128000,134690,134485,135088,134190,134362,126092,125553,125059,124714,125127,119946,120663,120253,120443,120088,120316,120758,122482,122358,127451,127791,127489,124696,124409,121339,97700,96053,95157,94394,93971,79050,78371,77637,76738,75975,43159,42660,41780,40746,40677,51984,51334,51579,51513,50847,30632,30464,29754,29553,29212,23806,23594,23568,23073,22884,16397,16311,15879,16599,16002
47969,44927,45376,44656,43681,38678,35767,35387,35825,35936,35468,35369,35489,36736,40720,41896,45353,50898,77764,90692,109393,111981,116181,118584,120387,124090,124626,126449,126771,126969,133895,133135,134415,133440,133781,125207,124718,124196,124086,123415,119400,119098,119932,119893,119345,116890,119748,119326,121795,122442,127540,125877,127327,123267,122698,97646,96922,94790,93347,93272,79240,77602,76894,76311,75267,43040,41911,41607,40709,39445,51350,50994,50857,50595,50469,30365,29789,29428,28911,28748,23193,23270,23191,22815,22560,16459,16004,15911,16248,15788
48420,44873,46104,45423,43407,38769,35942,35571,35838,35691,35651,35272,35945,36695,41178,41931,45349,50786,78209,91223,109730,112351,117260,118968,120820,125181,125956,127404,127990,127884,133541,134229,135483,135384,134803,126470,124776,125331,124552,124692,119168,119334,119351,119894,120494,118645,119080,120146,120551,123287,125142,127943,128545,128435,123616,100330,98069,96678,93836,93626,80508,79299,77134,76700,75719,43486,42613,41497,40678,40387,51874,51735,51819,51034,51188,30782,30109,30191,29663,29154,23521,23483,23339,23053,22582,16392,16200,15897,16075,15870
48370,45182,45942,44875,44112,38398,36112,35764,35524,36274,36037,35595,35458,36882,41109,42072,45497,51810,78292,91312,110160,112915,116749,119060,121080,124993,125921,127234,127309,128588,134289,134071,135884,134707,134973,125582,125040,125986,124568,124397,119467,119484,119200,119373,120297,118274,118586,117790,120522,121267,124288,123682,128188,128256,127037,100326,100162,97244,95930,93996,79396,78869,77824,76756,75834,43505,42670,41778,40570,40232,51741,51841,51344,51513,50818,30662,30360,29701,29110,29091,23558,23134,23402,23024,22352,16315,15960,15887,16184,15496
47673,44626,45501,44346,43163,38184,35660,35166,35723,35711,35171,35463,35391,36741,41189,42259,45623,51394,77853,90313,109688,112300,116914,118128,120279,123710,125204,126101,126124,126946,133627,132556,134279,133584,133779,124880,123627,124514,122874,123150,118773,118415,118261,118366,118796,117851,117729,117798,117319,119932,121331,122834,123484,126988,126566,101782,99886,98636,95104,95670,78716,78127,77763,77277,74963,42766,42726,41341,40810,39855,50955,51191,51229,50832,50390,30336,30141,29685,29313,28970,23405,22903,23053,22942,22466,16237,16059,15584,16073,15698
37872,35465,36095,35424,34222,30489,28451,28186,28146,28370,28214,28209,28014,29195,32407,32957,36070,40505,61565,71369,85947,88144,91098,92974,94545,98953,99687,100761,100823,101358,105909,106056,107474,106545,106369,99947,98478,99151,98818,98153,94212,94468,94025,94755,94026,93136,94424,95050,94051,95262,97942,97807,100278,100555,101773,84034,84156,81114,79656,78332,65238,63681,63601,63026,61896,35507,34448,34444,33848,33442,42019,41901,42000,42129,41198,25152,24255,24435,23723,23215,18922,18937,18791,18668,18353,13223,13220,12977,12817,12971
37742,35358,35396,35081,33944,30250,27926,28220,28003,27946,28135,27740,28177,29214,32151,33639,35957,40750,61791,71322,85645,88357,91529,93178,94805,98846,99908,100882,101115,101846,105761,106699,107460,106935,106827,100064,98694,99344,98782,98454,94587,94198,94994,94383,94302,93676,93993,94466,94304,95407,96365,97405,98282,100252,99427,84273,84658,83704,80217,80074,65814,65328,63213,63057,61720,36247,34894,34800,33760,33459,42445,41946,42193,42303,41396,25013,24835,24426,23978,23115,18906,18874,18848,18674,18245,13214,13152,12844,13038,12625
37302,34984,35270,34369,33517,30096,27868,27112,27613,27511,28006,27773,27976,28072,32101,32805,35829,40423,60874,70382,85248,87227,91300,93098,93515,97809,99506,100061,100278,100134,105717,105571,107046,104730,105255,98831,97878,98061,98144,97105,93659,93149,93516,93539,93414,92708,92471,93313,94091,94540,95396,94405,97052,97088,98553,80976,83690,83409,82784,79745,67833,64893,64654,62365,61235,36080,35104,34268,33320,33473,42183,42075,41715,41361,41112,24710,24681,24385,23536,23098,19063,18809,18986,18633,17994,13044,12869,12854,12974,12743
36506,34665,34674,33883,32965,29673,27359,27049,27062,27295,27777,27346,27688,28065,31537,32481,35814,39546,59999,69753,84980,86692,89783,91641,92957,96853,97688,98858,99153,99555,104702,104320,105172,104850,104526,97702,96953,96819,97263,96439,92465,91708,92365,92479,92383,91637,91812,91664,92187,93415,93998,93449,93899,95683,94588,79826,80064,82718,81596,81036,66524,66513,63910,63054,60639,35649,34762,34329,32816,32642,41698,41405,41199,41384,40946,24655,24319,24215,23543,23145,18817,18237,18446,18202,18083,12967,12925,12435,12857,12552
36378,34017,34845,33858,32802,29554,27524,27038,27210,27155,27286,26781,27798,28121,31700,32935,35606,39883,60038,70212,84493,86031,89402,91376,93025,96315,97681,98521,98662,99425,104020,103880,105088,103603,104005,96908,96422,97502,96250,95798,92277,92158,92037,92025,91246,92046,92438,91542,91422,92493,93940,93631,94406,93603,95665,78242,79840,78999,81386,81761,69384,66201,65448,63025,61996,35662,34575,34475,33578,32856,41479,41167,41209,41051,40538,24542,24356,23862,23451,23138,18670,18596,18347,18397,17839,13050,12969,12584,12951,12445
35214,32907,33192,32328,31058,27740,25811,25572,25500,25540,25940,25836,25935,26630,29787,31574,33776,36790,54540,60436,73168,74693,76894,77823,78810,81835,81993,83496,83484,84322,86623,86047,87336,86334,87145,81069,80486,79908,80285,79620,76583,76352,77230,76333,76425,75514,76805,76245,76738,77460,79011,79457,79823,79472,79102,65732,66207,67491,66785,69381,62927,62410,59357,58600,56055,33797,31932,31284,31113,30448,39172,38572,38337,38592,37842,23426,23094,23003,22417,22113,18596,18017,17761,17916,17444,12731,12398,12507,12697,12334
35008,32132,32766,31597,31093,27787,25085,24923,24841,25478,25472,25733,25578,26691,29820,31333,33686,36700,54784,60052,72184,74422,75963,77246,79291,81135,82178,82406,82665,83398,86270,85969,87127,86340,86104,80468,80402,79914,79693,78880,76331,75173,76113,76045,76202,75829,76152,75446,75479,76655,78215,77658,79468,78840,78705,63803,65370,64812,65968,66123,62278,61870,61376,58723,57373,33688,32912,31662,31094,30683,39424,38334,38348,38330,37693,23350,22925,22641,22315,21980,18144,18001,17805,17492,17599,12698,12467,12245,12492,12185
34846,32484,32592,32049,30789,27107,25582,25205,25035,25371,25588,25336,25288,26246,29279,31209,33751,36548,54257,58936,71499,73503,75589,76452,77769,80631,81337,81708,81964,82818,85295,84771,86031,85735,86012,79916,79378,79637,78790,78606,75399,74622,75116,75618,74714,74988,75216,74637,74634,75471,77664,76929,77412,77978,77947,63535,63407,64666,64037,65642,59659,61217,60864,61107,57437,34526,32793,32381,30469,30124,38839,38649,38062,38338,38015,23244,23136,22582,22300,22154,18060,17795,18067,17448,17481,12451,12330,12385,12500,11932
34490,31852,32031,31174,30624,27066,25081,24600,24923,24973,25248,25338,25455,25664,29302,30887,33350,36483,53581,58484,70799,72912,74494,76103,76624,79040,80873,81216,81202,81794,84604,84690,84920,84244,84478,78714,78171,78739,78741,77821,74681,73841,74544,74589,73739,73823,74229,73988,73624,74753,77268,76020,76907,76392,77353,62575,62909,62718,62997,62965,59226,58388,61173,59970,59017,34837,33793,32211,31425,30001,39054,39025,38475,37973,37663,23230,22850,22586,22142,21682,17762,17757,17750,17607,17346,12334,12198,11827,12215,11704
33836,31127,31113,30654,29794,26478,24366,24126,24153,24677,24908,25100,24816,25362,28238,30673,32937,36290,52872,58112,70213,71834,73226,74887,75996,78958,78881,79742,80723,79837,83100,82916,84506,83364,83402,77940,76688,77035,77469,76616,73259,73186,72896,72969,73110,73343,72593,72863,73022,73465,75244,74916,75766,75632,74908,61720,61860,61447,60680,62037,56027,57615,57134,59030,58196,35336,33123,33170,31132,31034,37842,38048,37592,37539,36487,22727,22583,22295,22115,21087,17763,17382,17630,17186,17010,12180,11750,11778,12004,11876
19458,17952,18032,17580,17307,15115,14122,13825,13837,14179,14230,14044,14335,14710,16455,17640,18983,20382,30631,33132,40109,40611,41630,42565,43190,44629,44825,45581,45004,45370,46969,47225,47770,47457,47036,44698,44068,43967,43633,43576,41861,41346,41879,42086,41698,41595,41811,41731,41772,42530,43306,42895,43310,43673,42964,35945,35932,36127,35560,35189,34002,34005,34896,34610,35594,21695,21237,19578,19162,18579,23748,23092,23099,23081,23165,13852,13938,13607,13535,13246,11066,10989,10758,10727,10400,7645,7507,7299,7568,7321
18652,17309,17623,16946,16808,14735,13836,13607,13409,13566,13603,13564,13937,14352,16030,17137,18658,20242,29959,32588,39532,39988,40812,41632,42532,43870,44138,44492,44540,44411,45902,46108,46805,46463,45962,43325,42909,42728,42805,42651,40895,40984,40457,40570,40531,40647,40666,40847,40859,40957,42447,41884,42913,42378,42121,34448,34815,35209,34596,34795,32226,33177,32411,33961,33311,20961,20678,20194,19204,18530,23463,23217,22735,22506,21920,13800,13690,13298,13169,12940,10756,10649,10500,10345,10286,7380,7412,6876,7320,7167
18592,16985,17643,16918,15984,14507,13624,13205,13286,13242,13556,13336,13623,13850,16116,17085,17978,19851,29599,32408,38725,39636,40463,41267,41942,42952,43606,44474,43853,44313,45299,45371,45645,45420,45414,42561,41980,42564,42451,41795,40603,39904,40110,40177,39947,40188,39939,40076,40497,40616,41915,41431,41389,42032,41552,34497,34448,34173,34428,34642,31438,31240,32594,31941,32800,19651,20231,20155,19959,18633,24028,23016,23137,22074,22430,13687,13561,13353,12864,12640,10852,10351,10311,10299,10049,7323,7270,7054,7185,6868
18274,16665,16836,16441,15878,14240,13060,12808,13071,12931,13217,13184,13218,13777,15426,16695,18065,19145,28952,31241,37832,38859,39460,40098,40915,42070,42862,42685,42872,43330,44602,44451,44860,44394,44619,41224,41194,41418,41354,41122,39260,39300,39094,39307,39215,38954,39657,39118,39197,39862,40994,40448,40610,40218,40853,33618,33523,33674,32835,33452,30806,30837,30443,31632,31169,19508,19111,20071,19577,19389,23636,23791,22675,22650,21710,13634,13351,13337,12728,12545,10469,10401,10364,10150,9906,7199,7262,7066,7153,6846
17698,16641,16556,15874,15721,13864,12985,12693,12863,12739,13045,12963,13101,13294,15587,16550,17605,19349,28646,31159,37341,38382,39215,40043,40107,41636,42043,42860,42561,42710,43881,43784,44418,44092,43928,41050,40767,41071,40557,40630,38868,39036,38827,38858,38349,38733,38739,38581,39071,39266,40410,39676,40319,40295,40243,33182,33249,33249,32443,32479,30930,30770,30346,29814,30635,18666,18811,18471,19246,19115,24653,23516,23530,22650,22150,13222,13023,13220,12991,12603,10284,10376,10143,9978,9987,7098,7236,6992,7041,6848
23427,21765,21936,21353,20644,18401,17103,16638,16954,16919,17416,17470,17283,18088,19858,21953,23537,25498,38108,40466,48851,50145,51123,52114,52609,54274,54575,54652,54965,54775,56327,56114,57079,56386,56804,52978,51955,52611,51647,51919,50071,49339,49678,49634,48905,48903,49621,49676,49455,49617,51798,51455,52067,51987,51316,42128,42868,42451,41521,41315,39063,39194,39366,38980,37941,23876,23520,23616,23414,24820,33074,32631,30974,31013,29930,18717,17920,17626,17235,17054,13784,13881,13742,13660,13530,9663,9689,9259,9400,9385
23228,21634,21814,21274,20519,18379,17056,16518,16706,16825,17126,17208,17152,17567,19553,22049,23352,25677,38164,40408,49001,50459,51045,51621,52342,53481,53952,54323,54804,54884,56279,55591,56553,56248,55524,52789,51720,52007,52204,51439,49610,49479,49459,49180,49391,49340,49575,49053,49104,49667,51696,51225,51660,51443,51370,41940,41980,41680,41544,41325,38683,38420,38958,38809,37639,23113,23282,23196,23676,23369,32553,32735,32607,30987,30144,18881,18403,17475,17209,17036,14294,13882,13896,13565,13439,9882,9584,9198,9637,9214
23447,21766,21922,21031,20385,18524,17039,16404,16655,16801,17122,17265,17216,17685,19857,22213,23627,25543,38257,40431,48822,49876,50824,51908,52401,53668,53808,54672,54587,54841,56093,55541,56513,55870,56033,51947,51963,51692,51575,50914,49015,49209,49358,49052,48962,49026,49052,49220,48680,49489,51327,50907,51501,51352,51199,41546,41837,41437,41316,41161,38640,38722,37916,38425,37834,22846,22518,23338,22394,23658,31259,33009,32329,32387,30729,19603,18598,18632,17558,16960,14315,14419,13718,13581,13369,9780,9684,9320,9650,9319
23438,21676,21860,21240,20210,18276,16892,16393,16739,16483,17349,17222,17102,17698,19748,22045,23674,25487,37993,40290,48353,49452,50819,51041,52060,53832,54055,54201,54455,54532,56222,55732,56654,55666,56013,51729,51811,52113,51534,51402,49434,48865,49388,49191,49273,49131,49156,48906,49119,49435,51837,50681,51019,51551,50748,42392,42036,41425,41315,41210,38487,38460,38140,37724,37648,22836,22622,22176,22494,22618,31015,31204,32547,32854,32181,19638,19649,18431,18053,16969,14282,14174,14142,13473,13389,9664,9699,9407,9545,9382
22860,21281,21287,20835,19985,18063,16745,16346,16317,16455,17135,17132,17110,17289,19655,21594,23189,24801,37711,39691,47794,49133,50281,51314,51402,52860,53025,53507,53366,53861,55285,54661,55299,54992,55213,51646,51060,51325,51105,50785,49310,48384,48741,48732,48822,48966,49051,48665,48087,49513,51075,50523,50785,50535,50317,41306,41641,41145,40521,40732,38139,37996,37790,37494,36540,22829,22050,22193,21523,22024,29434,30385,30519,32294,32288,20344,19447,19284,17766,17605,14094,13920,14195,13785,13214,9619,9597,9283,9534,9231
14741,13500,13571,13167,12515,11255,10484,10125,10464,10182,10680,10585,10757,11105,12261,13724,14736,15712,23254,24396,29179,29879,30470,30894,31470,31907,32129,32914,32510,32857,32979,33261,33229,33258,33316,30971,30928,30801,30848,30850,29564,29194,29252,29067,29301,29400,29337,29107,29188,29598,30720,30500,30811,30226,30597,24764,25028,24920,24635,24448,23382,23530,23171,23208,22845,14026,14030,13687,13471,13145,18810,18765,19601,19659,20241,13196,13211,11880,11976,10996,9552,8782,8897,8761,8725,6088,5896,5901,6142,5878
14747,13432,13547,13007,12589,11233,10299,10145,10322,10283,10638,10424,10610,10827,12239,13601,14649,15797,22925,24155,28867,29602,29957,30311,30885,31678,31891,32479,32163,32571,32851,32874,33199,33060,33168,30418,30292,30539,30289,30187,29072,28792,28975,28768,29103,29154,28955,29223,28880,29118,30267,29880,30471,30295,29891,24474,24853,24846,24294,24231,23166,22963,23044,22763,22347,13942,13663,13493,13243,13353,18083,18637,18623,19412,19360,13085,13076,12838,11691,11633,9265,9204,8766,8630,8566,6279,5867,5764,6061,5888
14276,12955,13209,12958,12301,11145,10096,10025,9948,10063,10424,10300,10498,10547,12093,13412,14414,15518,22412,23275,28589,29046,29534,30053,30461,31541,31586,31771,31834,32077,32871,31756,32702,32453,32465,30352,30106,29950,29877,29994,28748,28335,28531,28624,28688,28610,28768,28656,28099,28557,29988,29415,30071,29771,29995,24392,24540,24398,23840,24081,22873,22686,22453,22554,22122,13780,13286,13166,13494,13152,17591,17653,18380,18357,19529,11995,12880,12728,12807,11288,9751,9172,9050,8735,8643,6341,6181,5757,5836,5698
14026,12750,13022,12387,12035,10816,10179,9564,10058,9929,10577,10194,10150,10427,11722,13140,14063,15209,22462,23025,27937,28625,29412,29580,30053,30858,31047,31300,31066,31811,31821,32055,32014,32126,31778,29999,29688,29854,29245,29335,28114,28358,28229,28043,28079,27893,28010,28079,27566,28194,29491,28974,29795,29300,29641,23656,23931,23704,23415,23734,22673,22277,22347,22052,21867,13569,13175,13110,12839,12938,17504,17371,17433,17980,17788,11949,11938,12639,12504,12412,9651,9727,9240,9121,8179,6134,6029,5900,5906,5780
13732,12615,12729,12303,11685,10644,9937,9811,9860,9865,10301,9936,10157,10163,11506,13008,13876,14905,22209,22901,27487,28143,29031,29337,29533,30313,30295,30946,30943,30912,31383,31305,31513,31541,31435,29389,29198,29220,29222,29081,27803,27511,28003,27707,27731,28114,27702,27664,27660,28056,29054,28608,29360,28936,28482,23266,23327,23315,23102,23069,21925,22034,21996,21606,21352,13217,12848,12615,12621,12476,17033,16993,16911,16975,17783,11130,11805,11557,12310,12073,10615,9536,9643,9019,8689,5924,6015,5805,6084,5687
11821,10653,11035,10384,10040,8804,8366,8136,8184,8093,8516,8401,8490,8748,9881,11109,11688,12670,18407,18698,23052,23196,23668,24042,24173,24645,25080,24780,25177,25171,25698,25440,25609,25660,24965,23890,23902,23487,23382,23502,22435,22410,22461,22079,22223,22208,22545,22184,21875,22529,23648,23308,23308,23378,23298,18955,19131,18995,18446,18643,18525,18284,18086,18088,17883,10805,10688,10803,10497,10309,13920,14059,14473,14224,13990,9520,9273,9891,9712,10528,8865,8968,8356,8187,7398,5457,5182,4902,5020,4882
11435,10971,10892,10257,9977,8968,8254,7945,8061,8154,8448,8381,8614,8702,9974,10975,11865,12857,18219,18753,22724,23204,23353,23310,23754,24941,24761,24775,24857,25024,25221,25151,25412,25193,25308,23481,23192,23554,23250,23269,22245,22375,22548,22090,22158,22138,22217,22113,21871,22199,23419,23124,23391,23339,22999,18711,18705,18528,18455,18663,18125,17983,17880,17959,17444,10915,10467,10427,10393,10204,13872,13826,14337,14198,14089,8856,9297,9127,9777,9501,8863,9045,9293,8070,7937,5515,5437,5019,5139,4989
11430,10645,10688,10382,9878,8952,8288,7948,8189,8062,8350,8323,8498,8733,9708,10987,11778,12472,18028,18599,22522,22979,23335,23574,23644,24449,24763,24873,24711,24696,25030,24930,25174,25376,25137,23310,23210,23507,23768,23268,22393,22240,22105,22372,22152,22125,21763,22166,21739,22116,23184,23176,23254,23504,23387,18777,18835,18636,18499,18431,17919,18072,17805,17638,17454,10643,10406,10426,10274,10140,13856,13889,13695,14189,13957,8951,8590,9058,9124,9654,8379,9041,9009,8839,8100,6032,5498,5298,5125,5055
11351,10469,10537,10110,9649,8833,8205,8013,8084,7941,8226,8201,8251,8422,9496,10696,11716,12512,18006,18526,22223,22769,23049,23348,23486,24258,24468,24803,24836,24694,24783,25125,24972,24625,24897,23412,23023,23186,22915,23030,22246,22049,22102,21813,21644,21976,21902,21929,21714,21990,22923,22887,23263,22963,22780,18441,18758,18445,17946,18358,17906,17519,17440,17427,17073,10581,10373,10473,10087,10222,13705,13807,13575,13754,13874,8837,8635,8494,8961,8899,8139,8041,8956,9049,8750,5981,5980,5347,5454,4914
11027,10244,10594,9944,9775,8442,8020,7751,7743,7834,8257,8155,8084,8491,9414,10672,11500,12373,17801,18156,21886,22291,22613,23184,23432,23773,24065,24406,24290,24318,24667,24569,24821,24728,24742,23019,22798,22405,22659,22410,21811,21658,21464,21485,21423,21548,21509,21195,21289,21430,23098,22423,22605,22610,22691,18472,18243,17941,18209,17957,17618,17467,17588,17336,16783,10690,10172,10044,9911,9644,13545,13401,13398,13195,13110,8710,8549,8328,8248,8908,7362,7913,8151,9004,8963,6810,5919,6020,5622,5374
8317,7618,7620,7284,6951,6234,5860,5752,5629,5571,5953,5997,5813,6051,6881,7855,8363,8984,12747,13115,15541,16152,16195,16550,16480,17172,17201,17643,17490,17470,17683,17571,18119,17930,17794,16562,16312,16373,16428,16387,15721,15408,15774,15787,15361,15294,15679,15591,15547,15533,16373,16189,16424,16413,16264,13277,12914,13050,12831,12858,12665,12565,12552,12368,12385,7485,7424,7323,7053,7136,9591,9827,9539,9697,9633,6010,6222,6337,6105,6000,5461,5497,6067,6084,6788,5172,5250,4424,4623,4051
7972,7455,7361,7171,7080,6179,5724,5659,5587,5425,5746,5792,5828,6118,6756,7657,8098,8872,12666,12772,16051,15879,16047,16522,16707,17059,17176,17243,17272,17334,17569,17746,17561,17755,17713,16327,16235,16411,15992,16080,15391,15508,15395,15377,15393,15516,15443,15348,15221,15601,16244,16182,16241,16108,16223,13052,13084,13098,12832,13061,12476,12557,12359,12367,11879,7520,7406,7154,7227,7055,9484,9623,9815,9780,9631,6179,5992,6254,5892,5934,5092,5563,5463,6006,6003,5237,5445,5209,4544,4762
7998,7176,7303,7140,6895,6161,5601,5494,5462,5458,5801,5884,5720,5843,6602,7723,8154,8723,12508,12637,15288,15712,15859,16159,16262,16953,16618,16799,16883,17183,17025,17298,17371,17286,17292,15929,16035,16105,16187,15731,14990,15148,15146,15338,15108,15033,15025,14998,14712,15232,15893,16069,16023,16030,15464,12896,12765,12768,12700,12591,12241,12188,12224,11956,11921,7229,7111,7210,7183,6848,9220,9344,9397,9386,9241,5958,5776,5773,6027,5923,4932,4929,5494,5333,6032,4396,5241,5454,5854,4841
8204,7278,7307,7060,7069,6051,5600,5722,5600,5574,5909,5895,5816,5964,6721,7692,8327,8854,12677,13109,15776,15925,15889,16466,16652,17319,17156,17205,17223,17323,17778,17616,17532,17408,17784,16443,15989,16550,16334,15973,15838,15679,15325,15224,15539,15202,15212,15659,15433,15560,16327,15984,16146,16345,16031,13038,13092,13165,12936,12787,12756,12334,12498,12235,12046,7502,7285,7263,7058,6949,9219,9726,9519,9560,9475,6277,6027,5819,5937,6087,4994,5301,5216,5667,5602,4638,4539,5787,6072,6289
7750,7196,7272,6912,6691,6060,5642,5577,5455,5360,5488,5680,5842,5782,6629,7501,8037,8663,12453,12493,15222,15853,16214,15862,16012,16598,16901,16906,17152,16846,16988,17001,17103,17139,17021,15798,15607,15964,15860,15753,14964,14871,15026,15258,14867,14928,14911,14792,14742,15078,16009,15654,15758,15642,15765,12638,12835,12810,12640,12603,12293,12187,12084,11947,11826,7271,7001,6991,6843,6836,9431,9119,9392,9344,9096,5962,5989,5763,5672,5676,4964,4882,4829,4881,5469,4074,4708,4828,6363,6721
