7176,6461,5849,5268,4196,3791,2857,2369,1550,1160,858,695,481,409,340,200,168,148,6222,5546,6992,9003,8345,11133,10912,15837,13310,12812,11058,9308,7369,6378,4572,4294,3255,2515,2316,2246,2159,1298,1138,1193,1214,1340,1404,1871,1972,2200,2410,2680,2975,3062,3312,3329,3326,2322,2263,2105,1984,1677,1479,1320,1191,1062,935,417,393,359,319,280,360,337,340,351,336,191,165,190,155,200,119,129,155,123,106,102,87,82,76,91
6461,6110,5447,5214,4145,3695,2868,2188,1821,1323,1062,828,601,527,383,225,179,164,1956,5358,7391,9174,8134,7144,10123,10854,13137,11126,11013,9754,8653,6731,6041,4452,4270,2519,2419,2393,2363,2187,1244,1124,1124,1148,1279,1440,1703,2007,2160,2454,2697,2762,2935,2997,3036,2228,2062,2091,1980,1896,1605,1409,1280,1168,1041,441,401,354,368,304,410,342,352,339,309,184,179,178,144,210,139,143,131,142,131,81,73,81,97,72
5849,5446,5210,5004,3994,3564,2949,2457,1809,1472,1307,953,864,686,522,293,279,239,2142,2234,7205,9460,8314,6821,6482,10350,9266,11016,9893,9871,8910,8117,6650,6033,4552,3848,2490,2445,2440,2232,2023,1238,1129,1167,1152,1434,1599,1802,1958,2114,2463,2617,2688,2775,2710,2059,1958,2041,2020,1819,1695,1472,1353,1327,1223,490,438,431,341,317,447,378,353,373,314,191,160,164,154,175,126,124,129,129,133,89,80,89,80,100
5268,5214,5004,4985,3886,3564,2903,2440,2133,1624,1357,1175,928,774,675,367,372,283,2685,2161,2560,9735,8555,6988,6344,6732,8827,7989,9787,8900,8963,8130,7693,6466,6627,4136,3876,2566,2486,2409,2307,2049,1286,1158,1135,1333,1464,1500,1765,1927,2207,2299,2459,2606,2637,1947,1857,1969,1896,1858,1747,1511,1481,1442,1222,548,473,383,393,361,451,418,381,345,336,174,157,179,174,170,127,140,122,118,145,81,80,83,98,88
4195,4145,3995,3885,3998,3576,3108,2547,2166,1887,1659,1347,1116,973,803,441,452,373,3190,2635,2119,2583,8318,6947,6176,6312,5573,7274,6727,8459,7945,8321,8154,7381,6969,5981,4171,3928,2601,2473,2271,2173,2104,1220,1108,1215,1180,1346,1384,1544,1897,2039,2030,2171,2199,1624,1725,1778,1903,1889,1743,1675,1657,1512,1364,561,504,449,430,383,500,467,391,374,329,173,180,170,155,176,128,141,130,125,115,74,74,75,89,84
3791,3695,3564,3563,3576,3980,3345,2927,2462,2240,1918,1671,1445,1260,1163,685,599,589,4468,3054,2190,2181,2431,7332,6854,6730,5764,5266,6876,6486,8409,8155,8590,8547,8861,7056,6599,4825,4391,2966,2514,2434,2373,2370,1294,1302,1224,1270,1352,1396,1665,1757,1957,2122,2204,1634,1786,1732,1836,1977,1861,1849,1762,1715,1520,655,646,560,515,479,563,514,505,474,425,232,202,171,171,177,121,131,130,133,145,86,94,71,70,83
2857,2868,2949,2903,3108,3345,3500,2889,2541,2363,2173,1887,1747,1458,1298,811,773,750,5150,4059,2310,1752,1873,2077,6229,6650,5631,4849,4430,5939,5798,7503,7600,8330,9039,8317,6852,6862,4714,4261,2676,2328,2434,2470,2574,1520,1275,1194,1165,1248,1396,1555,1734,1841,1897,1443,1547,1623,1692,1805,1759,1750,1792,1730,1639,714,642,572,538,486,654,564,518,475,403,191,203,204,147,160,132,138,128,122,115,96,83,86,72,107
2371,2188,2457,2439,2547,2927,2888,2984,2705,2409,2237,2022,1986,1753,1511,1096,1104,981,5864,4388,2900,1872,1622,1757,1914,6154,5526,4572,4216,3925,5540,5327,7165,7241,8807,8141,7935,7032,6769,4487,4059,2512,2495,2561,2698,3360,1421,1280,1171,1181,1253,1330,1411,1488,1636,1266,1333,1396,1559,1571,1590,1718,1676,1748,1704,724,713,643,581,522,716,672,561,505,464,218,212,193,190,172,124,117,133,129,112,94,71,76,83,68
1550,1821,1809,2133,2166,2462,2541,2705,2694,2529,2453,2277,2090,1853,1771,1219,1212,1178,5903,4781,3228,2369,1577,1458,1569,2228,4973,4487,3941,3682,3523,4929,4914,6778,7554,7960,8058,8016,6804,6432,4161,3715,2587,2569,2814,3425,2263,1297,1134,1127,1135,1191,1212,1287,1486,1106,1190,1171,1337,1389,1535,1477,1526,1686,1638,741,668,675,568,542,723,687,579,528,468,232,228,191,191,162,136,139,115,122,145,86,74,81,73,80
1160,1323,1472,1624,1887,2240,2364,2410,2529,2582,2575,2451,2315,2158,2051,1475,1452,1463,5997,4986,3739,2552,1940,1498,1444,1721,1862,4151,3829,3520,3327,3231,4718,4851,7229,6790,8014,8232,8129,6904,6329,4042,3748,2846,2732,3433,2409,2458,1320,1207,1134,1138,1104,1223,1211,984,1102,1055,1202,1285,1303,1376,1513,1578,1617,762,742,747,636,596,752,720,624,567,487,274,230,206,194,187,129,127,121,112,99,80,71,78,87,67
858,1062,1307,1357,1660,1917,2173,2237,2453,2575,2891,2671,2665,2440,2324,1721,1799,1912,5787,5196,4440,3120,2350,1810,1402,1678,1729,1775,3768,3548,3427,3219,3337,4648,5395,6875,7130,8255,8550,8247,6662,6066,4312,4237,3009,3616,2638,2665,2919,1471,1340,1179,1148,1176,1164,998,996,996,1129,1175,1225,1293,1423,1499,1531,760,736,728,719,662,772,762,673,658,579,287,274,235,194,176,133,144,123,136,107,82,81,73,85,60
695,828,953,1175,1347,1671,1887,2022,2277,2451,2671,2924,2897,2867,2712,2100,2243,2345,5397,4782,4540,3421,2642,2054,1710,1742,1588,1556,1715,3218,3205,3222,3162,3183,4944,4740,6709,7085,8318,8350,8089,6054,6179,4623,4587,3705,2642,2726,3057,3578,1592,1409,1162,1085,1118,883,926,972,1026,1101,1088,1173,1318,1415,1462,724,709,755,736,643,873,877,755,675,604,332,329,284,229,204,155,160,168,133,124,60,79,94,68,76
481,601,864,928,1116,1445,1747,1986,2089,2315,2664,2897,3280,3288,3346,2661,2815,3174,4722,4892,4736,3889,3068,2468,2065,2000,1725,1569,1471,1647,3192,3133,3190,3039,3394,4406,4830,6856,7235,8391,7992,7223,6339,6732,4949,6266,2956,2938,3240,3937,4594,1838,1541,1192,1099,918,924,965,989,1107,1093,1076,1190,1321,1418,669,658,682,717,640,901,886,753,737,723,331,292,271,269,259,188,181,163,155,141,81,83,71,78,69
409,527,686,774,973,1260,1458,1753,1853,2158,2440,2869,3289,4128,4002,3283,3629,3963,4333,4343,4953,4189,3492,2923,2430,2555,2020,1618,1501,1625,1695,2930,3067,3039,3159,2993,4455,4759,6881,7078,7976,7634,7602,6995,7323,6712,4182,3140,3546,3992,5247,5829,2216,1754,1304,948,1023,979,1045,1061,999,1083,1082,1217,1220,632,650,615,672,674,913,915,799,795,684,359,348,344,288,285,212,179,152,151,115,76,83,57,83,77
340,383,522,675,803,1163,1298,1511,1771,2051,2324,2712,3346,4002,4984,4245,4715,5299,3681,4171,4924,4203,3796,3249,2920,2989,2462,2040,1594,1551,1635,1639,2848,3132,3248,2861,2925,4491,4699,6844,7011,7235,7635,8339,7830,10087,4792,4719,3782,4258,5253,6459,7145,2397,2027,1202,1034,1073,1024,1026,1048,1037,1061,1147,1226,597,631,598,625,650,878,935,852,862,754,408,356,350,334,280,246,209,185,174,146,94,91,102,94,91
200,225,293,367,441,685,810,1096,1219,1475,1721,2100,2661,3283,4245,4760,5478,6685,4061,4354,5507,4800,4587,3979,3561,3721,3097,2556,2033,1575,1542,1439,1607,2585,2831,2532,2677,2774,4220,4525,6375,6279,7357,8325,8884,10364,6598,5060,5433,4450,5591,6528,7794,8547,2826,2341,1317,1093,1108,967,918,884,886,945,856,449,473,496,504,461,678,712,651,687,640,384,313,300,284,270,195,160,161,130,143,65,63,69,82,62
168,179,279,372,452,599,773,1104,1212,1452,1799,2243,2815,3629,4715,5479,8436,10084,4262,4496,5790,5320,5118,4660,4450,4837,4014,3348,2727,2279,1836,1825,1771,1763,3067,2901,2886,2824,3075,4543,4603,6403,6953,8760,9882,13309,7450,7744,6619,7629,6366,7467,8627,10262,12406,3671,1829,1456,1325,1260,1124,1064,1098,1129,1032,479,529,497,557,477,713,744,810,787,758,399,360,356,317,327,260,234,229,219,163,96,73,83,63,83
148,164,239,283,373,589,750,981,1178,1463,1912,2345,3174,3963,5298,6684,10084,19230,4260,4967,6184,5934,6014,5765,5833,6571,5920,5117,4126,3537,3073,2388,2325,2093,2283,3118,3320,3352,3270,3424,4917,5068,7555,8362,10656,14926,9548,9205,10318,9338,11231,8958,9778,11905,15898,22516,4145,2384,2133,1802,1648,1516,1455,1453,1370,738,634,604,673,581,951,816,839,903,868,510,499,463,450,463,356,296,310,297,247,157,132,118,104,98
6222,1956,2142,2685,3190,4468,5149,5865,5903,5997,5787,5397,4722,4333,3681,4061,4262,4260,32158,15983,9030,5423,4039,3548,2959,3504,3339,3212,3271,2909,2976,3236,3541,5364,19655,23227,39443,21190,12806,9266,6952,8299,6969,7937,6773,8117,5985,4845,3823,3490,2646,2397,1762,1535,1416,1240,1156,934,851,912,961,956,998,1105,1161,641,689,571,481,479,581,516,540,450,465,206,211,172,154,153,139,122,121,105,96,75,66,59,78,77
5546,5357,2234,2161,2635,3054,4059,4388,4781,4986,5196,4782,4891,4343,4171,4353,4496,4967,15982,21686,12090,6999,5339,4174,3804,4103,3680,3528,3462,3258,3073,2943,3597,3457,6279,28182,9346,26923,17351,12066,9043,7089,8958,7496,8541,9456,7388,6742,6031,4700,4600,3264,3036,2356,2106,1707,1504,1522,1176,1107,1115,1111,1174,1191,1219,692,723,669,600,528,797,678,659,643,585,338,257,278,276,269,203,200,184,202,174,115,106,117,115,88
6992,7391,7207,2561,2119,2189,2310,2900,3229,3739,4440,4538,4736,4953,4925,5507,5789,6184,9031,12090,18547,14512,8095,6414,5234,5667,4981,4594,4338,4027,4179,3568,3620,3691,3785,3633,7897,7166,23919,18186,13025,10099,8318,10702,9190,13851,10703,10128,9133,8162,7301,6763,4811,4505,3441,2693,2405,2311,2297,1670,1517,1442,1469,1427,1444,816,811,794,747,730,1030,975,968,963,843,512,482,471,474,421,302,307,317,297,248,208,218,190,186,188
9003,9174,9459,9735,2584,2181,1752,1872,2369,2552,3120,3420,3889,4189,4203,4799,5320,5933,5422,6999,14513,15405,13148,6819,6253,5880,5287,4540,4309,4241,4305,4147,3389,3340,3609,2922,3294,5163,5240,18155,14097,10652,8631,7332,9438,10486,10491,9428,9948,9119,9014,7334,6862,5142,4838,3121,2750,2539,2519,2455,1664,1598,1571,1500,1538,819,819,820,776,777,1031,1017,991,988,936,526,530,502,463,457,369,341,306,319,309,195,193,233,232,198
8345,8133,8314,8555,8317,2432,1873,1622,1577,1940,2350,2642,3069,3492,3796,4589,5118,6014,4039,5338,8095,13147,13853,12419,6252,6944,5362,5090,4468,4248,4202,4165,4110,3328,3470,2758,2851,3111,4136,4520,14270,11304,8854,7363,6590,10339,8160,9892,9191,9652,9862,8945,7586,6974,5319,4441,3038,2902,2841,2657,2389,1905,1646,1666,1583,814,790,774,814,760,1061,1092,999,1003,1036,573,574,524,511,512,400,364,352,380,339,230,210,231,233,235
11134,7144,6820,6989,6947,7332,2077,1757,1458,1498,1810,2054,2468,2923,3249,3979,4660,5765,3548,4174,6414,6819,12419,12602,12057,7138,6474,5217,4833,4502,4333,4175,4206,4110,3657,2860,2924,2892,3171,3619,3774,11259,9547,7613,6548,7036,7953,7435,9277,8871,10109,9580,9134,7813,7377,4890,4210,3248,3006,2897,2774,2635,1960,1912,1716,874,873,783,784,762,1079,1093,1047,1083,1051,648,569,544,544,543,423,433,437,382,360,276,256,233,248,249
10912,10124,6482,6343,6176,6855,6229,1914,1569,1444,1402,1710,2065,2430,2920,3560,4449,5834,2959,3805,5233,6252,6251,12057,12524,14419,6861,6276,5059,4861,4608,4398,4303,4285,4265,2863,3032,3007,2964,3114,3160,3364,9683,8067,6640,7190,5858,7488,7213,9247,9561,10272,9768,9397,8107,6694,4663,4345,3329,3237,2957,2862,2837,2037,1879,939,915,844,790,825,1179,1127,1170,1099,1140,606,616,631,556,610,471,447,446,456,389,293,238,253,270,233
15838,10855,10349,6732,6311,6731,6649,6155,2228,1721,1678,1742,2000,2554,2989,3721,4837,6570,3503,4104,5667,5880,6945,7138,14418,18448,17153,8014,7499,6147,5972,5573,5317,5335,5453,4509,3439,3546,3668,3520,3599,3385,3746,9396,8472,8751,6632,6503,8301,8210,11302,10908,11954,11791,11422,8632,7397,5779,5336,4141,3805,3712,3463,3640,2500,1194,1086,1082,1043,1029,1448,1368,1454,1348,1291,790,678,683,684,665,536,580,582,513,513,373,372,306,343,344
13310,13136,9266,8827,5573,5764,5632,5527,4973,1862,1729,1588,1725,2020,2462,3097,4013,5920,3339,3680,4981,5287,5361,6473,6861,17152,16629,16304,7478,7161,5893,5780,5336,5164,5311,4414,4403,3417,3387,3506,3266,3241,3021,3420,7711,8643,6605,5901,5802,7916,8353,10761,10546,11560,11409,9746,7424,7200,5612,5425,3806,3643,3634,3680,3537,1302,1197,1125,1103,1060,1390,1343,1408,1348,1359,753,673,767,690,690,580,578,568,538,515,382,329,332,322,288
12812,11126,11016,7990,7274,5265,4848,4570,4488,4152,1775,1556,1569,1618,2040,2557,3347,5117,3212,3528,4594,4539,5090,5218,6277,8014,16303,16188,15823,7193,6956,5664,5646,5144,5330,4431,4393,4426,3352,3344,3224,3024,3124,2894,3212,7875,6415,5795,5621,5467,7901,7861,10098,10140,11448,9869,8463,7433,7158,5464,5017,3789,3740,3764,3582,1873,1258,1155,1165,1120,1508,1444,1414,1446,1339,728,714,753,641,694,558,556,520,563,554,364,340,347,380,334
11058,11013,9893,9786,6727,6876,4430,4216,3941,3829,3768,1715,1471,1501,1594,2033,2728,4126,3271,3462,4337,4309,4468,4833,5058,7498,7478,15824,15403,15411,7077,6837,5720,5542,5291,4533,4393,4365,4467,3331,3239,2970,2941,3093,2808,3347,5884,5699,5420,5327,5658,7411,7582,9683,9909,9851,8723,8302,7366,6959,5141,5046,3935,3742,3584,1967,1929,1314,1176,1138,1488,1524,1410,1401,1368,754,742,708,712,732,562,547,538,545,604,365,320,294,381,331
9310,9755,9872,8900,8458,6486,5939,3925,3682,3520,3548,3218,1647,1625,1551,1575,2279,3537,2909,3258,4027,4241,4248,4502,4861,6148,7160,7193,15410,15052,14993,6806,6777,5561,5690,4415,4491,4538,4287,4394,3040,2873,2934,2935,3052,2992,3039,5371,5298,5145,5259,5393,7134,7446,9688,8566,8501,8351,8207,7431,6923,5113,4932,3941,3852,2004,1947,1757,1262,1221,1592,1477,1403,1454,1427,748,700,770,765,706,552,519,519,524,554,370,386,315,339,371
7369,8653,8909,8962,7944,8408,5798,5539,3523,3327,3425,3205,3192,1695,1635,1542,1836,3073,2977,3073,4179,4305,4202,4333,4607,5973,5893,6955,7077,14993,14722,14763,6881,6878,5792,4787,4556,4553,4450,4480,4141,2784,2827,3014,2982,3370,2785,3169,5278,5161,5380,5167,5425,7101,7468,8491,7647,8294,8343,8543,7134,6783,5429,5369,4048,2055,1958,2003,1863,1264,1709,1562,1490,1435,1390,779,776,750,714,684,604,563,551,530,553,377,339,349,374,401
6378,6731,8117,8130,8320,8155,7504,5327,4929,3232,3219,3222,3134,2930,1639,1439,1825,2388,3236,2943,3568,4148,4164,4174,4398,5573,5780,5665,6837,6806,14762,14526,14543,6728,7159,4815,4901,4500,4614,4459,3999,3906,2918,2790,3036,3360,3168,2765,3007,4911,5259,5070,5036,5290,7009,6151,7259,7407,8431,8514,8318,7185,7091,5500,5158,2088,2056,1976,1983,1835,1785,1717,1591,1455,1470,794,699,710,749,729,552,640,542,534,525,385,359,317,372,389
4572,6042,6649,7693,8154,8590,7601,7164,4915,4718,3337,3162,3190,3067,2848,1607,1771,2325,3541,3597,3620,3391,4110,4207,4303,5316,5336,5646,5720,6776,6881,14543,14554,14664,7135,6211,4923,4836,4543,4536,4171,3833,3803,2813,2997,3327,3051,3177,2862,2921,5152,5035,5063,5247,5297,5917,5628,7290,7831,8570,8373,8220,7561,7397,5556,2855,2136,2006,2015,1974,2687,1805,1671,1627,1507,849,764,709,763,746,555,543,551,497,482,374,380,323,370,356
4294,4451,6033,6466,7382,8547,8331,7241,6778,4851,4648,3183,3039,3039,3132,2585,1763,2093,5364,3458,3691,3341,3326,4110,4285,5336,5166,5144,5543,5561,6878,6728,14663,14268,16080,6343,6471,4949,4774,4655,4074,3753,3799,3834,2899,3335,3129,3073,3222,2792,3224,4833,5065,4908,4947,4433,5353,5511,7495,7608,8553,8423,8622,7726,7362,2898,2817,2153,2001,1951,2727,2777,1816,1706,1613,840,788,796,730,720,548,579,550,552,513,336,359,347,374,386
3255,4270,4552,6626,6970,8861,9039,8807,7553,7229,5395,4944,3394,3159,3248,2831,3068,2284,19655,6279,3785,3610,3471,3656,4266,5453,5311,5330,5291,5690,5792,7159,7134,16080,17904,16344,6660,6525,5073,5256,4385,4071,4064,3994,4019,3336,3184,3216,3218,3385,3013,3351,4994,5052,5085,4323,4180,5359,5819,7707,7633,8669,8960,8987,7942,4165,3098,2928,2161,2129,2944,3013,2763,1815,1663,862,865,810,773,733,582,610,607,532,579,338,353,388,371,380
2515,2519,3848,4137,5981,7056,8317,8141,7961,6790,6876,4740,4406,2993,2861,2532,2901,3118,23228,28182,3634,2922,2759,2860,2863,4509,4413,4431,4533,4415,4787,4815,6211,6344,16344,14522,15015,5752,5661,4297,3955,3379,3431,3397,3281,3790,2566,2595,2619,2672,2992,2249,2470,3770,3891,3279,3132,3263,4446,4593,6157,6238,7204,7516,7289,3455,3421,2363,2252,1698,2461,2405,2243,2251,1338,711,690,633,589,567,441,467,416,429,430,253,263,284,262,253
2316,2419,2490,3876,4171,6600,6852,7935,8058,8012,7130,6708,4830,4455,2925,2677,2886,3320,39444,9345,7897,3294,2851,2923,3032,3439,4403,4394,4393,4490,4556,4901,4923,6471,6661,15015,15193,15114,5825,5685,3990,3877,3478,3403,3342,3861,3603,2642,2635,2679,2944,2941,2374,2458,3967,3256,3096,3328,3432,4514,4773,6098,6352,7429,7500,4048,3518,3440,2494,2390,2583,2468,2261,2275,2120,775,720,657,658,597,486,439,461,466,412,317,296,275,278,294
2246,2393,2445,2566,3927,4824,6861,7032,8016,8232,8255,7085,6854,4759,4491,2775,2824,3353,21189,26922,7166,5163,3111,2892,3007,3546,3417,4426,4365,4538,4552,4500,4836,4949,6525,5752,15114,15331,15377,5723,5195,3717,3817,3520,3420,3984,3608,3666,2619,2624,2829,2903,2959,2392,2589,3101,3110,3151,3166,3481,4415,4703,6309,6837,7869,4273,4199,3598,3549,2631,3522,2551,2497,2401,2301,1183,777,698,667,646,524,422,451,461,423,298,278,274,277,256
2159,2363,2440,2486,2602,4392,4714,6769,6803,8129,8550,8318,7236,6882,4699,4220,3073,3270,12806,17350,23919,5240,4136,3172,2964,3668,3389,3352,4467,4287,4449,4614,4543,4774,5073,5660,5825,15376,15487,15276,5482,5017,3772,3696,3430,3976,3590,3660,3537,2608,2853,2862,2897,2967,2390,2074,3084,3187,3274,3365,3345,4661,4948,6818,6917,4197,4409,4242,3794,3545,3800,3631,2607,2410,2337,1247,1191,748,681,626,486,505,456,450,453,304,271,247,291,278
1298,2187,2232,2410,2473,2966,4261,4488,6432,6904,8247,8351,8390,7077,6844,4525,4543,3424,9266,12067,18186,18155,4520,3619,3114,3520,3506,3344,3331,4394,4481,4459,4536,4656,5256,4297,5684,5723,15275,15299,14461,4935,4978,3911,3784,3932,3665,3547,3713,3581,2952,2838,2882,2970,3083,1901,1987,3013,3262,3407,3249,3419,4832,5114,6725,3731,4270,4341,4297,3740,5275,3920,3610,2574,2406,1367,1223,1190,757,724,504,471,513,428,472,286,299,259,290,295
1138,1244,2023,2306,2271,2514,2676,4059,4161,6329,6662,8089,7994,7976,7013,6375,4603,4919,6952,9042,13024,14099,14271,3774,3160,3599,3266,3224,3239,3040,4141,3999,4171,4073,4385,3955,3990,5195,5482,14463,13842,12815,4825,4834,3704,4125,3584,3383,3392,3466,3689,2567,2669,2721,2675,2374,1732,1858,2932,2974,3058,3172,3194,4572,4642,3505,3541,4128,4109,4176,5163,5240,3622,3505,2394,1289,1306,1276,1111,684,571,521,495,457,421,278,261,253,283,297
1193,1124,1238,2049,2173,2434,2328,2512,3715,4041,6066,6054,7223,7634,7237,6279,6403,5068,8300,7089,10099,10652,11303,11259,3364,3386,3241,3024,2970,2873,2784,3906,3833,3753,4071,3379,3876,3716,5016,4934,12814,11944,11923,4524,4502,4092,3514,3150,3128,3299,3374,3292,2456,2413,2477,2115,2102,1641,1712,2375,2356,2465,2564,2712,3453,1933,2615,2728,3110,3199,4589,4018,3830,2924,2616,1173,1011,1020,987,958,515,479,456,411,427,268,255,231,255,233
1214,1124,1129,1286,2103,2372,2434,2495,2587,3748,4313,6179,6339,7602,7636,7357,6952,7554,6969,8958,8319,8631,8855,9547,9683,3746,3021,3124,2941,2934,2827,2918,3803,3799,4064,3431,3478,3818,3772,4978,4825,11922,11766,12305,4673,5204,3587,3548,3216,3141,3389,3306,3319,2409,2442,2144,2057,2067,1600,1751,2250,2381,2465,2547,2616,1854,2000,2656,2728,3097,4575,4463,3994,3878,2699,1533,1068,1003,1012,934,780,520,490,410,426,264,266,255,234,257
1340,1148,1168,1158,1220,2370,2470,2561,2569,2846,4237,4623,6732,6994,8338,8325,8759,8362,7936,7496,10702,7333,7363,7613,8067,9396,3420,2894,3093,2935,3014,2790,2813,3834,3995,3397,3403,3520,3696,3911,4834,4523,12305,12254,12104,5274,4683,3508,3482,3256,3332,3292,3317,3296,2427,2093,2012,2024,2123,1594,1620,2269,2442,2572,2519,1392,1896,2020,2612,2764,4523,4595,4571,3945,3618,1509,1431,1062,1002,1007,781,670,493,451,409,273,251,266,241,268
1404,1279,1152,1136,1108,1294,2573,2698,2814,2731,3009,4588,4949,7323,7828,8883,9881,10656,6773,8541,9190,9438,6590,6547,6640,8472,7710,3212,2808,3053,2982,3036,2997,2899,4019,3281,3344,3420,3430,3784,3704,4502,4673,12103,11858,14397,4688,4669,3469,3456,3328,3302,3273,3280,3358,2006,1958,1986,2107,2173,1572,1613,2281,2579,2556,1383,1357,1867,2011,2668,4104,4601,4528,4602,3852,2030,1470,1414,1072,962,747,752,735,458,449,285,266,250,273,258
1871,1440,1434,1333,1215,1302,1520,3360,3425,3433,3616,3705,6266,6713,10087,10365,13309,14926,8118,9456,13853,10486,10338,7036,7190,8750,8644,7875,3347,2992,3370,3359,3327,3335,3336,3790,3861,3984,3976,3932,4125,4092,5203,5273,14397,18503,15355,5748,5528,4204,4408,3936,3862,3979,3859,3527,2385,2372,2339,2385,2423,1750,1930,2751,2748,1513,1590,1671,2235,2360,4822,4958,5443,5608,5293,2593,2389,1821,1751,1220,920,888,867,808,564,359,336,339,289,274
1972,1703,1599,1464,1180,1224,1275,1421,2263,2409,2638,2642,2956,4184,4792,6598,7450,9548,5985,7388,10704,10492,8160,7953,5859,6633,6605,6415,5884,3039,2785,3167,3051,3129,3184,2566,3603,3608,3590,3665,3584,3514,3587,4683,4689,15355,12266,12258,4841,4689,3806,3778,3478,3448,3468,3149,2755,2150,2137,2259,2070,2231,1708,1938,2713,1507,1513,1578,1643,2213,3422,4441,4634,5247,5115,2898,2388,2268,1674,1549,959,862,891,902,790,358,326,314,321,289
2200,2007,1803,1500,1346,1270,1194,1280,1296,2458,2665,2726,2938,3140,4719,5060,7744,9205,4845,6744,10129,9428,9893,7435,7489,6503,5901,5794,5700,5371,3169,2765,3177,3071,3216,2595,2642,3667,3660,3547,3383,3151,3548,3507,4669,5747,12257,12053,12250,4739,5056,3727,3720,3472,3405,3129,2815,2751,2072,2132,2011,2140,2162,1805,1794,1439,1512,1486,1579,1709,3234,3448,4517,4580,5094,2821,2794,2399,2222,1665,1324,939,963,846,832,530,321,323,337,293
2410,2160,1958,1765,1384,1352,1165,1171,1134,1320,2919,3056,3240,3546,3782,5433,6619,10319,3823,6031,9133,9947,9190,9277,7213,8300,5803,5621,5420,5298,5278,3007,2862,3222,3218,2619,2635,2619,3538,3713,3393,3128,3216,3482,3469,5528,4842,12250,12368,12245,5085,4742,3657,3711,3563,3150,2833,2789,2957,2057,2104,2085,2093,2184,1805,984,1489,1475,1573,1530,2404,3156,3422,4417,4497,2800,2755,2772,2310,2364,1385,1262,960,937,916,588,540,338,344,331
2680,2454,2114,1927,1544,1396,1248,1180,1127,1207,1471,3578,3937,3992,4258,4450,7629,9339,3490,4700,8162,9119,9652,8871,9247,8210,7916,5467,5328,5145,5161,4911,2921,2793,3385,2672,2679,2624,2607,3581,3466,3299,3141,3256,3456,4204,4689,4739,12244,12346,12935,4824,4875,3670,3795,3155,2871,2862,2767,2857,2080,2154,2180,2173,2259,900,978,1458,1537,1484,2326,2317,3067,3353,4387,2466,2733,2764,2785,2328,1925,1350,1238,961,823,562,536,521,384,356
2975,2697,2463,2207,1897,1665,1396,1253,1135,1134,1340,1592,4593,5247,5253,5590,6364,11231,2646,4600,7301,9013,9862,10109,9561,11300,8353,7902,5658,5259,5380,5259,5152,3224,3013,2992,2944,2829,2853,2952,3689,3374,3390,3332,3328,4408,3806,5056,5085,12935,14256,13479,5216,5162,4016,3505,3024,3097,2922,3161,2942,2229,2281,2333,2371,1348,964,1103,1527,1561,2413,2457,2515,3283,3561,2618,2560,2880,2951,2895,1912,1888,1400,1312,1009,603,617,613,582,391
3062,2762,2617,2299,2039,1757,1555,1330,1191,1138,1179,1409,1838,5829,6460,6528,7467,8958,2397,3264,6763,7334,8947,9580,10272,10908,10761,7861,7411,5393,5168,5070,5035,4833,3351,2249,2941,2903,2861,2838,2567,3292,3306,3292,3302,3936,3778,3727,4743,4824,13479,12932,13091,5050,5212,3553,3327,3042,3111,2948,2966,2921,2169,2251,2307,1240,1243,973,1040,1445,2176,2151,2201,2315,2891,1724,2104,2208,2433,2424,2068,1729,1787,1277,1220,567,529,535,577,568
3312,2935,2688,2458,2030,1957,1734,1411,1212,1104,1148,1162,1542,2216,7146,7794,8627,9778,1762,3036,4811,6861,7586,9134,9768,11954,10546,10098,7582,7133,5425,5036,5063,5065,4994,2470,2373,2960,2898,2882,2669,2456,3319,3317,3273,3862,3478,3719,3657,4875,5216,13089,13274,13409,5257,4633,3206,3195,2855,3001,2835,2867,2946,2226,2256,1206,1201,1299,923,994,2010,2078,2060,2134,2160,1545,1549,2122,2144,2412,1926,1961,1661,1648,1230,832,599,567,534,534
3329,2997,2775,2606,2171,2122,1841,1489,1287,1223,1176,1085,1193,1754,2397,8547,10263,11906,1534,2356,4505,5143,6974,7813,9397,11791,11560,10140,9683,7446,7101,5290,5247,4908,5052,3770,2458,2392,2967,2970,2721,2413,2409,3296,3280,3979,3448,3473,3711,3670,5163,5050,13408,12924,13386,4623,4122,3181,3213,3059,2867,2853,2923,2855,2244,1183,1281,1240,1296,884,1450,2040,2086,2088,2039,1198,1464,1612,2123,2125,1911,1937,1987,1644,1617,840,762,587,593,612
3327,3035,2710,2637,2199,2204,1897,1636,1486,1211,1164,1118,1099,1304,2027,2826,12406,15897,1416,2106,3441,4839,5319,7377,8107,11422,11410,11447,9908,9688,7468,7009,5295,4947,5085,3891,3967,2589,2390,3083,2675,2477,2442,2428,3358,3859,3468,3405,3563,3796,4015,5212,5257,13386,13740,12925,4264,4173,3262,3238,2902,2822,3015,2966,2977,1197,1199,1221,1237,1251,1291,1442,1926,1992,2065,1193,1133,1550,1598,2055,1758,1986,2078,1985,1652,1092,807,769,599,582
2322,2228,2059,1947,1624,1634,1443,1266,1107,984,998,883,918,948,1202,2341,3671,22515,1240,1707,2694,3121,4442,4890,6694,8632,9746,9869,9852,8566,8490,6150,5917,4433,4323,3279,3256,3100,2074,1901,2374,2115,2144,2092,2006,3527,3149,3129,3151,3155,3505,3554,4633,4623,12925,12462,10711,3969,3892,3019,2809,2651,2568,2609,2584,1521,1038,1041,1065,1114,1594,1098,1197,1869,1949,1037,1031,1105,1471,1545,1583,1667,1962,1994,1894,1075,1035,785,751,579
2263,2062,1958,1857,1725,1786,1547,1333,1190,1102,996,926,924,1023,1034,1317,1829,4144,1156,1504,2404,2750,3038,4210,4663,7397,7422,8462,8723,8501,7647,7257,5628,5353,4181,3132,3096,3110,3084,1987,1732,2102,2056,2012,1958,2385,2755,2815,2833,2871,3024,3328,3207,4122,4265,10712,8848,8911,3514,3381,2451,2495,2374,2400,2378,1306,1347,973,1032,1029,1456,1452,1087,1250,1739,958,991,981,1029,1441,1203,1590,1608,1803,1864,1255,1101,1040,787,762
2105,2091,2041,1969,1779,1732,1623,1396,1171,1055,996,972,965,979,1073,1093,1455,2385,934,1522,2311,2539,2903,3249,4345,5779,7200,7432,8302,8351,8294,7408,7290,5511,5359,3263,3328,3151,3187,3013,1858,1641,2067,2024,1986,2371,2150,2751,2789,2861,3097,3042,3196,3181,4173,3969,8911,9218,9031,3590,3262,2558,2444,2379,2414,1405,1328,1382,945,969,1406,1430,1552,1121,1112,947,986,990,958,1038,1082,1246,1574,1589,1925,1136,1172,1014,1081,810
1984,1979,2020,1896,1903,1836,1692,1559,1337,1202,1129,1026,989,1045,1024,1108,1325,2133,851,1176,2297,2519,2841,3006,3329,5336,5611,7158,7366,8208,8343,8431,7831,7494,5820,4446,3431,3167,3274,3262,2932,1712,1600,2123,2107,2339,2137,2072,2957,2768,2922,3111,2855,3214,3262,3893,3514,9031,9190,9039,3286,3278,2576,2583,2392,1349,1418,1357,1367,980,1461,1321,1476,1510,1116,668,1030,974,1017,983,879,1170,1260,1524,1577,1205,1244,1224,1179,1058
1677,1896,1819,1858,1889,1977,1805,1571,1389,1285,1175,1101,1107,1060,1026,967,1260,1802,912,1107,1670,2455,2657,2897,3237,4141,5425,5464,6959,7431,8544,8513,8570,7608,7707,4594,4514,3481,3365,3408,2974,2375,1751,1593,2173,2385,2259,2132,2056,2857,3161,2948,3001,3059,3238,3020,3381,3590,9039,9118,8811,3342,3372,2505,2536,1342,1430,1313,1381,1400,1427,1392,1440,1475,1481,625,601,924,962,1004,801,901,1126,1181,1625,1118,1184,1333,1328,1146
1479,1605,1695,1747,1743,1861,1759,1589,1535,1303,1225,1088,1093,999,1048,918,1124,1648,961,1115,1517,1664,2389,2774,2957,3805,3806,5017,5141,6923,7135,8318,8373,8553,7633,6157,4774,4415,3345,3249,3058,2356,2250,1620,1573,2423,2070,2011,2104,2080,2942,2966,2835,2867,2902,2810,2450,3261,3286,8812,8628,8561,3285,3363,2524,1447,1387,1323,1308,1333,1908,1320,1312,1368,1344,801,559,564,914,1040,738,824,776,1004,1114,999,1045,1182,1261,1125
1320,1409,1472,1512,1675,1849,1750,1718,1477,1376,1293,1173,1076,1083,1037,884,1064,1516,956,1111,1442,1598,1905,2635,2861,3712,3644,3789,5046,5114,6782,7185,8222,8423,8669,6238,6098,4703,4662,3418,3172,2466,2381,2269,1613,1750,2231,2140,2085,2154,2229,2921,2866,2853,2823,2651,2495,2558,3278,3342,8561,8680,8773,3264,3329,1467,1458,1368,1336,1307,1868,1935,1341,1352,1417,831,799,601,611,902,766,749,726,847,1138,737,1087,1130,1240,1256
1191,1280,1353,1481,1657,1762,1792,1676,1526,1513,1423,1318,1190,1082,1061,886,1098,1455,998,1174,1468,1571,1646,1960,2837,3463,3634,3740,3935,4932,5429,7090,7561,8621,8960,7205,6352,6309,4946,4831,3194,2564,2463,2441,2281,1929,1708,2162,2093,2180,2281,2169,2946,2923,3015,2568,2374,2444,2576,3372,3285,8772,8673,9018,3280,1939,1489,1405,1367,1348,1833,1834,1858,1366,1355,816,757,816,545,599,738,785,783,725,779,678,762,1040,1144,1253
1062,1168,1327,1442,1512,1715,1730,1748,1686,1578,1499,1415,1321,1217,1147,945,1129,1453,1105,1191,1427,1499,1666,1912,2037,3641,3680,3764,3742,3941,5369,5500,7397,7727,8986,7516,7428,6838,6819,5114,4572,2712,2546,2572,2579,2751,1937,1805,2184,2172,2333,2251,2226,2856,2966,2609,2400,2379,2583,2505,3363,3264,9017,9160,9315,1893,1978,1463,1394,1325,1910,1863,1857,1957,1334,752,831,808,848,585,508,734,787,813,732,525,796,823,1133,1108
935,1041,1223,1222,1364,1520,1640,1704,1638,1617,1531,1462,1418,1220,1226,857,1032,1370,1161,1219,1444,1538,1583,1716,1879,2500,3537,3581,3584,3852,4048,5158,5556,7362,7942,7289,7500,7869,6916,6726,4641,3452,2615,2519,2556,2747,2713,1794,1805,2259,2371,2307,2256,2244,2977,2584,2378,2414,2392,2536,2524,3329,3280,9314,9422,5684,2004,2048,1451,1440,1946,1976,1956,1923,1981,763,819,785,796,861,460,491,817,782,770,533,533,727,850,1083
417,441,490,548,561,655,714,724,741,762,760,724,669,632,597,449,479,738,641,692,816,819,814,874,939,1194,1302,1873,1967,2004,2055,2088,2855,2898,4164,3454,4048,4274,4197,3730,3505,1933,1854,1392,1383,1513,1507,1439,984,900,1348,1240,1206,1183,1197,1521,1306,1405,1349,1342,1447,1467,1939,1893,5684,3592,3602,1255,1228,876,1259,1058,1178,1157,1159,710,464,461,473,484,398,221,264,441,501,294,278,319,436,494
393,401,438,473,504,646,642,714,668,742,736,709,658,650,631,473,529,634,689,723,811,819,790,875,915,1086,1197,1258,1929,1947,1958,2055,2136,2818,3098,3421,3518,4199,4410,4270,3541,2615,2000,1896,1357,1590,1513,1512,1489,978,964,1243,1201,1281,1199,1038,1347,1328,1418,1430,1387,1458,1489,1978,2004,3602,3736,3743,1290,1203,1215,1266,1154,1082,1195,669,691,436,446,482,399,396,229,231,377,266,274,257,266,364
359,354,431,383,449,560,572,643,675,747,728,755,682,615,598,496,497,604,570,669,793,820,774,783,844,1082,1125,1155,1314,1757,2003,1975,2006,2153,2928,2363,3440,3598,4242,4343,4128,2728,2656,2020,1867,1671,1578,1486,1475,1458,1103,974,1299,1240,1221,1041,973,1382,1357,1313,1323,1368,1405,1463,2048,1255,3744,3810,3727,1205,1806,1239,1196,1086,1115,677,665,706,444,454,396,376,404,223,274,234,269,265,240,269
319,368,341,393,430,515,538,581,568,636,719,736,717,672,625,504,557,673,481,600,747,776,814,783,790,1042,1103,1165,1176,1262,1863,1984,2015,2001,2161,2252,2493,3549,3793,4297,4109,3111,2728,2612,2011,2236,1643,1579,1573,1537,1527,1040,923,1295,1238,1065,1032,945,1367,1381,1308,1336,1367,1394,1451,1228,1290,3726,3870,3691,1769,1772,1216,1236,1152,678,694,720,654,473,364,407,360,404,199,132,215,257,248,236
280,304,317,361,383,479,486,522,542,596,662,644,640,674,650,461,477,581,479,528,730,777,760,762,825,1029,1060,1120,1138,1221,1264,1835,1974,1951,2129,1698,2390,2632,3545,3740,4176,3199,3097,2764,2668,2359,2213,1709,1530,1483,1561,1445,994,884,1251,1114,1030,969,980,1400,1333,1307,1348,1325,1440,876,1203,1205,3692,3700,5193,1683,1694,1268,1301,694,683,693,669,692,376,387,378,390,370,126,159,250,231,243
360,410,447,451,500,563,654,716,723,752,772,873,901,913,878,678,713,951,581,797,1030,1031,1061,1078,1180,1448,1390,1508,1488,1592,1709,1785,2687,2727,2944,2460,2583,3523,3800,5276,5163,4589,4575,4523,4104,4822,3422,3234,2404,2326,2413,2176,2010,1450,1291,1594,1455,1406,1461,1427,1908,1868,1833,1910,1946,1259,1215,1806,1769,5193,7476,7453,2485,2541,1803,1046,961,1061,1019,1005,817,532,572,534,527,431,193,226,350,380
337,342,378,418,467,514,564,672,687,720,762,877,886,915,935,712,744,816,516,678,975,1017,1092,1093,1127,1368,1343,1443,1524,1477,1562,1717,1805,2777,3013,2406,2469,2551,3631,3920,5241,4018,4463,4595,4601,4959,4440,3448,3156,2317,2457,2151,2078,2040,1442,1098,1452,1430,1321,1392,1320,1935,1834,1863,1976,1058,1266,1239,1772,1683,7453,7228,7259,2419,2472,1006,1048,981,957,1039,820,830,558,539,559,400,401,213,233,332
340,352,353,381,391,505,518,561,579,624,673,755,753,799,852,651,810,839,540,659,968,991,999,1047,1170,1454,1408,1414,1410,1403,1489,1591,1671,1816,2763,2243,2261,2498,2607,3610,3622,3830,3994,4571,4528,5443,4634,4518,3423,3067,2515,2200,2060,2086,1926,1197,1087,1552,1476,1440,1312,1341,1858,1857,1956,1178,1154,1197,1216,1694,2485,7258,7398,7255,2489,1479,1082,1139,1020,1039,835,878,912,525,566,381,375,408,224,178
351,339,373,345,374,474,475,505,528,567,658,675,737,795,862,687,787,903,450,643,963,988,1003,1083,1099,1348,1348,1446,1401,1454,1435,1455,1627,1706,1815,2251,2275,2401,2409,2574,3503,2924,3878,3945,4602,5608,5247,4581,4417,3353,3283,2315,2134,2088,1992,1869,1250,1121,1510,1475,1368,1352,1366,1957,1923,1157,1081,1086,1236,1268,2541,2419,7255,7354,7942,1454,1546,1095,1059,1057,867,814,872,898,526,346,415,420,438,207
336,309,314,336,329,425,403,464,468,487,579,604,723,684,754,640,758,868,465,585,843,936,1036,1051,1140,1291,1360,1339,1368,1427,1390,1470,1507,1613,1663,1338,2120,2301,2337,2406,2393,2616,2700,3618,3852,5293,5114,5094,4497,4387,3561,2891,2160,2039,2065,1949,1739,1112,1116,1481,1344,1417,1355,1334,1981,1159,1195,1115,1152,1302,1803,2472,2489,7942,7810,4743,1636,1626,1112,1104,810,910,906,920,926,368,405,399,412,416
191,184,191,174,173,232,191,218,232,274,287,332,331,359,408,384,399,510,206,338,512,526,573,648,606,790,753,728,754,748,779,794,849,840,862,711,775,1183,1247,1367,1289,1173,1532,1509,2030,2593,2898,2821,2801,2466,2618,1724,1545,1198,1193,1037,958,947,668,625,801,831,816,752,763,710,669,677,678,694,1046,1006,1479,1454,4744,2786,2964,918,945,679,562,509,529,518,575,349,210,236,250,249
165,179,160,157,180,202,203,212,228,230,274,329,292,348,356,313,360,499,211,257,482,530,574,569,616,678,673,714,742,700,776,698,764,788,865,690,720,777,1191,1222,1306,1011,1068,1431,1470,2389,2387,2794,2755,2733,2560,2104,1549,1464,1133,1031,991,987,1030,601,559,799,757,831,819,464,691,665,694,683,961,1048,1082,1546,1636,2964,3068,2941,931,981,602,568,521,540,555,399,394,232,271,284
190,178,164,179,170,171,204,193,191,206,234,284,271,344,350,300,356,463,172,278,471,502,524,544,631,683,767,753,708,770,750,710,709,796,810,633,657,698,748,1189,1276,1020,1003,1062,1414,1821,2268,2399,2772,2764,2880,2208,2122,1612,1550,1105,981,990,974,924,564,601,816,808,785,461,436,706,720,693,1061,981,1139,1095,1626,918,2941,3234,3079,1009,832,596,566,509,547,391,406,418,252,288
155,144,154,174,155,171,147,190,191,194,194,229,269,288,334,283,317,450,154,276,473,463,512,544,556,684,690,641,712,765,714,749,763,730,773,589,658,667,681,757,1111,987,1012,1002,1072,1751,1674,2222,2310,2785,2951,2433,2144,2123,1598,1471,1029,958,1017,961,914,611,545,848,796,473,446,444,654,669,1019,957,1020,1059,1112,945,931,3079,3074,3218,896,872,608,649,589,409,414,441,455,282
200,210,175,170,176,177,160,172,162,187,176,203,259,285,280,270,327,463,153,269,421,457,513,544,609,665,690,694,732,706,684,729,746,720,733,567,597,646,626,724,684,958,934,1007,962,1220,1549,1665,2364,2328,2895,2424,2411,2125,2056,1545,1441,1038,983,1004,1040,902,599,585,861,484,482,454,473,692,1005,1039,1039,1057,1104,679,981,1009,3218,3248,2838,867,890,595,661,401,387,404,471,521
119,139,126,127,128,121,132,124,136,129,133,155,188,212,246,195,260,356,139,203,302,369,400,423,471,536,580,558,562,552,604,552,555,548,583,441,486,524,486,504,571,515,780,781,747,920,959,1323,1385,1926,1912,2068,1926,1911,1758,1583,1203,1082,879,801,738,766,738,508,460,398,399,396,364,376,817,820,835,867,810,562,602,832,896,2838,2206,2453,769,712,517,394,358,354,402,462
129,143,124,140,141,131,138,117,139,127,144,160,181,179,209,160,234,296,122,200,307,341,364,433,447,580,578,556,547,519,563,640,543,579,610,467,439,422,505,471,521,479,520,670,752,888,862,939,1262,1350,1888,1729,1960,1937,1986,1667,1590,1246,1170,901,824,749,785,734,491,221,396,376,407,387,532,830,878,814,910,509,568,596,872,867,2453,2518,2574,762,813,322,354,372,370,415
155,131,129,122,130,130,128,133,115,121,123,168,163,152,185,161,229,310,121,184,317,306,352,437,446,582,568,520,538,519,551,542,551,550,607,416,461,451,456,514,495,456,490,493,735,867,891,963,960,1238,1400,1787,1661,1987,2078,1962,1608,1574,1260,1126,776,726,783,787,817,264,229,404,360,378,572,558,912,872,906,529,521,566,608,890,769,2574,2696,2755,761,594,405,414,383,431
123,142,129,118,125,133,122,129,122,112,136,133,155,151,174,130,219,297,105,202,297,319,380,382,456,513,538,563,545,524,530,534,497,552,532,429,466,461,450,428,457,411,410,451,458,808,902,846,937,961,1312,1277,1648,1644,1985,1994,1803,1589,1524,1181,1004,847,725,813,782,441,231,223,404,390,534,539,525,898,920,518,540,509,649,595,712,762,2755,2592,2762,550,615,386,428,458
106,131,133,145,115,145,115,112,145,99,107,124,141,115,146,143,163,247,96,174,248,309,339,360,389,513,515,554,604,554,553,525,482,513,579,430,412,423,453,472,421,427,426,409,449,565,790,832,916,823,1009,1220,1231,1617,1652,1894,1864,1925,1577,1625,1114,1138,779,732,770,501,377,274,199,370,527,559,566,526,926,575,555,547,589,661,517,814,761,2762,2958,1982,625,692,493,540
102,81,89,81,74,86,96,94,86,80,82,60,81,76,94,65,96,157,75,115,208,195,230,276,293,373,382,364,365,370,377,385,374,336,338,253,317,298,304,286,278,268,264,273,285,359,358,530,588,562,603,567,833,840,1092,1075,1255,1136,1205,1118,999,737,678,525,533,294,266,234,132,126,431,400,381,346,368,349,399,391,409,401,394,322,594,550,1982,1412,1449,434,453,319
87,73,80,80,74,94,83,71,74,71,81,79,83,83,91,63,73,132,66,106,218,193,210,256,238,372,329,340,319,386,339,359,380,359,353,263,296,278,271,299,261,255,266,251,266,336,326,321,540,536,617,529,599,762,807,1035,1101,1172,1244,1184,1045,1087,762,796,533,278,274,269,215,159,193,401,375,415,405,210,394,406,414,387,358,354,405,615,625,1449,1578,1637,518,626
82,81,89,83,75,71,86,76,81,78,73,94,71,57,102,69,83,118,59,117,190,233,231,233,253,306,332,347,294,315,349,317,323,347,388,284,275,274,247,259,253,231,255,266,250,339,314,323,338,521,613,535,567,587,769,785,1040,1014,1224,1333,1182,1130,1040,823,727,319,257,265,257,250,226,213,408,420,399,236,232,419,441,404,354,372,414,386,692,434,1637,1652,1776,523
76,97,80,98,89,70,72,83,73,87,85,68,78,83,94,82,63,104,78,115,186,232,233,248,270,343,322,380,381,339,374,372,370,374,371,262,278,277,291,290,282,255,234,241,273,289,321,337,344,384,582,577,534,593,599,751,787,1080,1179,1328,1261,1240,1144,1133,850,436,266,240,248,231,350,233,224,438,412,250,271,252,455,471,402,370,383,428,493,453,518,1776,1822,2039
91,72,100,88,84,83,107,68,80,67,60,76,69,77,91,62,83,98,77,88,188,198,235,249,233,344,288,334,331,371,401,389,356,386,380,253,294,256,278,295,297,233,257,268,258,274,289,293,331,356,391,568,534,612,582,579,762,810,1057,1146,1125,1256,1253,1108,1083,494,364,269,236,243,380,332,178,207,416,249,284,288,282,521,462,415,431,458,540,319,626,523,2039,2320
