0.36859131859131866,4.188561288561292,3.693447993447994,3.238083538083539,4.78823368823369,3.7017472017472013,2.8836745836745825,4.9743652743652715,-0.9739312039312038,-0.6783319683319681,-0.26413049413049416,-0.19220857220857213,-0.15887796887796893,-0.35858585858585806,-0.050505050505050504,0.9172727272727272,0.6773673673673672,0.6952725452725453,0.8362280462280464,0.5928100828100832,0.5228637728637726,0.5340531440531442,131.69715169715167,118.49758849758851,173.3720083720084,214.98680498680503,131.7740467740467,285.6843206843207,260.70070070070074,0.0012187600576230404,0.0009828150670387879,0.0003213583874903825,5.060654668579836e-6
0.4291973791973792,4.131995631995636,3.7601146601146604,3.1168714168714176,4.8730821730821745,3.764373464373464,2.920038220038219,5.077395577395574,-0.9486786786786785,-0.6965137865137863,-0.27221130221130224,-0.16493584493584487,-0.1275648375648376,-0.36262626262626213,-0.013131313131313146,0.9239393939393938,0.7003976703976703,0.7316361816361817,0.8835007735007737,0.6079615979615983,0.5107425607425605,0.5892046592046594,134.2224042224042,119.20465920465922,166.90736190736192,216.19892619892624,140.05687505687496,288.1085631085631,267.8724178724179,0.0012554811398786956,0.000990114489287352,0.00030566674724421535,5.045059430772194e-6
0.45444990444990446,4.164318864318869,3.618700518700519,3.056265356265357,4.8023751023751045,3.7118482118482112,2.84125034125034,4.954163254163252,-0.9577695877695875,-0.6601501501501499,-0.21059514059514065,-0.18311766311766303,-0.12857493857493862,-0.37373737373737326,-0.08282828282828283,0.9342424242424242,0.676155246155246,0.7395149695149696,0.8350159250159251,0.6122040222040226,0.5434698334698332,0.5782955682955685,137.35371735371734,119.10364910364912,172.66493766493767,212.1585221585222,131.47101647101638,285.4823004823005,262.31686231686234,0.0012858710010557896,0.0009984566861428537,0.0003015036590156404,5.019067367759457e-6
0.35950040950040957,4.1562380562380605,3.626781326781327,3.133033033033034,4.913486213486215,3.6653835653835647,2.7826644826644817,5.103658203658201,-0.904234234234234,-0.7409582309582308,-0.23887796887796892,-0.14473382473382468,-0.16190827190827195,-0.35454545454545405,-0.08787878787878789,0.9372727272727273,0.6864582764582764,0.7267876967876968,0.8622886522886525,0.5655373555373558,0.5143789243789242,0.5419319319319321,136.24260624260623,122.53799253799255,174.8871598871599,213.77468377468384,132.7841477841477,288.6136136136136,267.0643370643371,0.0012529486514472712,0.0010547665149174897,0.0003168750617057633,5.164622920630783e-6
0.39889434889434894,4.047147147147152,3.7742560742560745,3.1875784875784885,4.826617526617529,3.7461916461916456,2.8917553917553906,5.091536991536989,-0.9789817089817088,-0.7419683319683318,-0.26312039312039315,-0.2103903903903903,-0.1053426153426154,-0.39999999999999947,-0.06666666666666668,0.9409090909090909,0.696155246155246,0.7273937573937574,0.8828947128947131,0.5619009919009923,0.5610455910455908,0.5461743561743563,131.4951314951315,120.92183092183095,170.74574574574575,211.5524615524616,137.22859222859213,285.3812903812904,259.7916097916098,0.0013023321758600488,0.0009817722924318503,0.00032199886260247094,5.258194347476635e-6
0.3696014196014196,4.140076440076444,3.6671853671853674,3.1310128310128316,4.7538902538902565,3.6350805350805344,2.8432705432705423,5.028910728910726,-0.9012039312039309,-0.6914632814632812,-0.19140322140322147,-0.16190554190554185,-0.09928200928200932,-0.346464646464646,-0.047474747474747475,0.956060606060606,0.704034034034034,0.6928483028483029,0.8792583492583494,0.5661434161434165,0.5168031668031666,0.5382955682955685,130.99008099008097,118.69960869960872,175.39221039221042,217.31003731003736,134.60232960232952,286.08836108836107,267.16534716534716,0.0013111958853700345,0.0010599803879521783,0.00032776313861126706,5.3569641869250345e-6
0.36657111657111663,4.1703794703794745,3.6550641550641556,3.1350532350532356,4.860960960960963,3.7542724542724537,2.897815997815997,5.097597597597595,-0.9315069615069613,-0.7106552006552004,-0.18938301938301944,-0.17907725907725902,-0.13059514059514066,-0.38585858585858535,-0.022222222222222227,0.9645454545454545,0.7113067613067612,0.7061816361816362,0.865925015925016,0.591597961597962,0.5695304395304394,0.5861743561743563,134.52543452543452,117.89152789152791,172.56392756392756,214.27973427973433,133.5922285922285,290.83583583583584,260.4986804986805,0.0013149946180171712,0.0009890717146804142,0.00032552147571895745,4.915099115708511e-6
0.36758121758121765,4.1966420966421,3.6914277914277918,3.0805077805077814,4.929647829647831,3.6371007371007367,2.8028665028665016,5.131941031941029,-0.9345372645372644,-0.7227764127764126,-0.18534261534261542,-0.15180453180453174,-0.13564564564564568,-0.3303030303030298,-0.04141414141414141,0.9209090909090909,0.6943370643370642,0.7195149695149696,0.8453189553189554,0.5867494767494771,0.5701365001365,0.5582955682955685,133.3133133133133,113.24506324506326,167.31140231140233,216.29993629993635,137.63263263263255,282.65401765401765,260.90272090272094,0.0012149613249759037,0.001000542235356729,0.00032872385127939973,5.227003871861351e-6
0.40798525798525803,4.121894621894626,3.644963144963145,3.0724269724269733,4.763991263991266,3.6694239694239688,2.827108927108926,4.966284466284463,-0.9779716079716079,-0.7126754026754024,-0.24291837291837295,-0.23261261261261254,-0.1265547365547366,-0.3878787878787874,-0.06565656565656566,0.9378787878787879,0.7088825188825187,0.695878605878606,0.8895613795613797,0.5976585676585681,0.5592274092274091,0.5546592046592048,137.45472745472745,117.5884975884976,167.4124124124124,212.0575120575121,139.04677404677398,282.14896714896713,262.01383201383203,0.0012212925460544648,0.0009838578416457256,0.00033128575172775357,4.972281654336532e-6
0.4392983892983893,4.1138138138138185,3.7904176904176907,3.1108108108108117,4.891263991263993,3.6512421512421507,2.930139230139229,4.990526890526888,-0.8900928200928199,-0.675301665301665,-0.25301938301938304,-0.1467540267540267,-0.16291837291837297,-0.3434343434343429,-0.03333333333333334,0.97,0.7173673673673673,0.6904240604240605,0.8744098644098646,0.5879615979615983,0.5440758940758939,0.5679925379925381,136.14159614159612,120.51779051779053,168.01847301847303,213.67367367367373,134.1982891982891,288.9166439166439,266.963326963327,0.0012415524535058608,0.001057894838738303,0.00031751553681785177,5.175019745835877e-6
0.43626808626808633,4.059268359268364,3.703549003549004,3.078487578487579,4.834698334698337,3.7340704340704334,2.8776139776139766,5.010728910728908,-0.906254436254436,-0.6813622713622711,-0.25503958503958507,-0.1962489762489762,-0.11443352443352448,-0.3333333333333328,-0.05757575757575758,0.9354545454545454,0.6652461552461552,0.7043634543634544,0.8919856219856221,0.5691737191737195,0.5313486213486212,0.5776895076895079,131.09109109109107,120.71981071981074,176.5033215033215,209.8352898352899,139.14778414778405,281.8459368459368,264.53908453908457,0.0012808060241929406,0.001061023162559116,0.0003280833761673113,5.003472129951816e-6
0.4251569751569752,4.055227955227959,3.814660114660115,3.2118209118209124,4.897324597324599,3.7057876057876054,2.8856947856947848,5.071334971334968,-0.9587796887796886,-0.7379279279279277,-0.1843325143325144,-0.14372372372372366,-0.10332241332241336,-0.39494949494949444,-0.04242424242424243,0.9415151515151514,0.6785794885794885,0.7146664846664847,0.8441068341068343,0.611597961597962,0.5513486213486212,0.572841022841023,130.48503048503048,122.94203294203297,168.42251342251342,214.58276458276464,139.65283465283457,290.73482573482573,259.6905996905997,0.0012478836745844222,0.0010485098672758635,0.00032584171327500167,5.149027682823141e-6
0.40899535899535905,4.067349167349172,3.7479934479934482,3.240103740103741,4.923587223587226,3.697706797706797,2.934179634179633,5.127900627900625,-0.9719110019110018,-0.6934834834834832,-0.26009009009009015,-0.18614796614796608,-0.0972618072618073,-0.38484848484848433,-0.051515151515151514,0.9112121212121211,0.6755491855491854,0.7183028483028484,0.876834106834107,0.5831131131131135,0.5386213486213485,0.5601137501137503,138.66684866684864,118.39657839657842,172.96796796796798,209.7342797342798,139.85485485485478,284.47219947219946,258.2764582764583,0.0012276237671330261,0.000993242813108165,0.0003261619508310459,4.946289591323795e-6
0.4140458640458641,4.037046137046142,3.715670215670216,3.1390936390936397,4.895304395304397,3.578514878514878,2.905896805896805,5.138001638001635,-0.9294867594867593,-0.672271362271362,-0.20453453453453457,-0.18210756210756204,-0.07503958503958509,-0.33535353535353485,-0.07777777777777778,0.9475757575757575,0.6779734279734279,0.7116361816361817,0.8538038038038039,0.5849312949312953,0.513166803166803,0.5449622349622351,131.79816179816177,116.6794066794067,171.85685685685687,218.01710801710806,133.79424879424872,285.1792701792702,259.8926198926199,0.0012390199650744364,0.0010756220070562439,0.00033032503905962085,5.330972123912298e-6
0.3776822276822277,4.194621894621899,3.630821730821731,3.1976794976794984,4.794294294294296,3.667403767403767,2.924078624078623,4.978405678405676,-0.9203958503958501,-0.6621703521703519,-0.18029211029211034,-0.2093802893802893,-0.08918099918099921,-0.3929292929292924,-0.030303030303030304,0.953030303030303,0.673124943124943,0.7413331513331514,0.8774401674401676,0.6025070525070528,0.5186213486213485,0.5801137501137503,135.43452543452543,115.77031577031579,170.84675584675585,218.72417872417878,136.31950131950123,285.88634088634086,266.4582764582765,0.00119596766174022,0.0010620659371660536,0.0003085488852486134,5.180218158438425e-6
0.3564701064701065,4.073409773409778,3.632841932841933,3.0986895986895995,4.836718536718538,3.57043407043407,2.812967512967512,5.055173355173352,-0.9830221130221128,-0.7056046956046954,-0.1752416052416053,-0.14170352170352166,-0.10938301938301942,-0.4010101010101005,-0.03131313131313131,0.9572727272727273,0.7076703976703976,0.715878605878606,0.8344098644098645,0.5885676585676589,0.5634698334698333,0.5789016289016291,133.9193739193739,122.13395213395215,171.25079625079627,211.1484211484212,131.16798616798607,287.1994721994722,264.33706433706436,0.0012491499188001342,0.0010297399243509849,0.00033224646439588624,5.133432445015499e-6
0.44030849030849034,4.200682500682505,3.7621348621348627,3.1289926289926298,4.812476112476115,3.614878514878514,2.819028119028118,5.069314769314767,-0.9234261534261532,-0.7308572208572206,-0.2560496860496861,-0.15281463281463276,-0.07402948402948406,-0.3696969696969692,-0.08585858585858586,0.9603030303030303,0.7161552461552461,0.7407270907270908,0.8586522886522888,0.5582646282646286,0.5574092274092273,0.5661743561743563,134.3234143234143,121.83092183092185,172.86695786695788,216.90599690599697,134.097279097279,281.23987623987625,262.11484211484213,0.0013162608622328835,0.0010777075562701194,0.0003245607630508248,4.941091178721248e-6
0.36152061152061155,4.129975429975434,3.6389025389025393,3.062325962325963,4.8165165165165185,3.6411411411411407,2.889735189735189,4.994567294567292,-0.9678705978705977,-0.7076248976248974,-0.19544362544362548,-0.1891782691782691,-0.15988806988806994,-0.3969696969696965,-0.07171717171717172,0.9348484848484848,0.6700946400946399,0.7340604240604242,0.85986440986441,0.5534161434161438,0.5501365001365,0.5673864773864775,133.7173537173537,114.25516425516427,168.82655382655383,212.3605423605424,130.56192556192548,289.9267449267449,267.46837746837747,0.001201032638603069,0.001025568825923234,0.0003300048015035766,5.299781648297014e-6
0.44939939939939944,4.04512694512695,3.711629811629812,3.0946491946491954,4.915506415506417,3.752252252252252,2.794785694785694,5.061233961233959,-0.9426180726180724,-0.6975238875238873,-0.2611001911001911,-0.2002893802893802,-0.15685776685776692,-0.35353535353535304,-0.09494949494949495,0.9257575757575757,0.6913067613067612,0.7055755755755756,0.8786522886522888,0.5855373555373559,0.5446819546819545,0.5631440531440532,137.95977795977794,114.86122486122488,169.02857402857404,217.41104741104746,132.5821275821275,289.8257348257348,263.73100373100374,0.0012922022221343507,0.0009880289400734765,0.00032295957527060366,4.894305465298321e-6
0.3786923286923287,4.069369369369374,3.6469833469833475,3.177477477477478,4.911466011466013,3.6128583128583123,2.817007917007916,4.976385476385474,-0.9597897897897896,-0.7530794430794429,-0.21665574665574672,-0.21241059241059235,-0.08817089817089821,-0.3393939393939389,-0.0393939393939394,0.9633333333333333,0.6828219128219127,0.7225452725452726,0.8665310765310766,0.603719173719174,0.5234698334698332,0.532841022841023,133.5153335153335,120.01274001274003,167.10938210938212,217.71407771407777,132.17808717808708,283.05805805805807,265.44817544817545,0.0012757410473300916,0.0010193121782816077,0.00032904408883544395,5.008670542554363e-6
0.37970242970242973,4.14613704613705,3.6974883974883976,3.2098007098007106,4.755910455910458,3.584575484575484,2.7766038766038754,5.0733551733551705,-0.9557493857493856,-0.6803521703521701,-0.21867594867594872,-0.1689762489762489,-0.1437264537264538,-0.39898989898989845,-0.046464646464646465,0.9615151515151514,0.7052461552461552,0.7352725452725454,0.8798644098644101,0.5873555373555377,0.5204395304395302,0.5879925379925381,131.59614159614156,114.76021476021478,176.90736190736192,213.26963326963332,137.32960232960224,281.9469469469469,264.943124943125,0.0011947014175245076,0.0010245260513162963,0.00030758817258048075,4.909900703105964e-6
0.4332377832377833,4.109773409773414,3.6611247611247615,3.082527982527983,4.790253890253893,3.596696696696696,2.907917007917007,5.133961233961231,-0.9113049413049411,-0.7207562107562105,-0.23180726180726186,-0.22453180453180446,-0.13968604968604975,-0.4252525252525247,-0.011111111111111113,0.9609090909090909,0.6852461552461552,0.6976967876967878,0.8713795613795615,0.6031131131131134,0.536197106197106,0.5843561743561745,132.00018200018198,113.85112385112387,171.04877604877606,213.87569387569394,137.53162253162245,284.97724997725,265.65019565019566,0.0012909359779186384,0.001003670559177542,0.00030534650968817113,5.242599109668993e-6
0.40091455091455097,4.057248157248162,3.7055692055692058,3.052224952224953,4.7680316680316706,3.582555282555282,2.8008463008463,5.000627900627898,-0.9466584766584765,-0.6985339885339883,-0.2156456456456457,-0.23160251160251152,-0.10029211029211034,-0.36767676767676716,-0.02323232323232323,0.9124242424242424,0.7022158522158521,0.7104240604240605,0.8677431977431979,0.5897797797797801,0.5616516516516514,0.5492046592046593,129.37391937391936,122.63900263900265,172.15988715988718,218.926198926199,135.71344071344063,283.6641186641187,260.80171080171084,0.0012288900113487384,0.001007841657605293,0.00033256670195193046,4.987876892144173e-6
0.4423286923286924,4.210783510783514,3.7762762762762767,3.207780507780509,4.80843570843571,3.588615888615888,2.760442260442259,5.09355719355719,-0.9547392847392846,-0.7449986349986348,-0.23483756483756488,-0.2083701883701883,-0.07806988806988811,-0.40404040404040353,-0.08181818181818182,0.913030303030303,0.6925188825188824,0.6934543634543635,0.8428947128947131,0.5588706888706892,0.5349849849849848,0.5510228410228412,130.78806078806076,117.4874874874875,173.06897806897808,219.02720902720907,139.95586495586488,286.7954317954318,265.75120575120576,0.0012618123609572569,0.0010067988829983551,0.00032071791237829405,5.117837207207857e-6
0.39081354081354086,4.039066339066344,3.7560742560742564,3.1916188916188926,4.875102375102377,3.693666393666393,2.849331149331148,5.004668304668302,-0.9688806988806987,-0.7187360087360085,-0.17625170625170633,-0.2305924105924105,-0.15382746382746387,-0.36666666666666614,-0.09898989898989899,0.9693939393939394,0.6707007007007005,0.744969514969515,0.8501674401674403,0.5806888706888711,0.5543789243789242,0.5795076895076897,131.19210119210118,120.11375011375013,169.43261443261443,215.39084539084544,132.9861679861679,281.64391664391667,262.51888251888255,0.0012706760704672426,0.0010495526418828013,0.00031719529926180754,5.3829562499377705e-6
0.39384384384384385,4.192601692601697,3.6651651651651656,3.1895986895986903,4.772072072072074,3.592656292656292,2.8109473109473098,5.039011739011737,-0.9658503958503957,-0.7066147966147964,-0.2712012012012012,-0.22049140049140042,-0.1548375648375649,-0.35555555555555507,-0.007070707070707061,0.9681818181818181,0.6967613067613067,0.7134543634543635,0.8847128947128948,0.5843252343252346,0.5586213486213485,0.5389016289016291,133.1112931112931,122.03294203294205,171.95786695786697,215.79488579488586,140.25889525889517,290.2297752297752,265.54918554918555,0.0012402862092901485,0.0010693653594146177,0.0003226393377145594,5.211408634053709e-6
0.4342478842478843,4.208763308763313,3.6570843570843574,3.1148512148512157,4.846819546819549,3.6249795249795245,2.8675129675129667,4.948102648102646,-0.8961534261534259,-0.7480289380289379,-0.2378678678678679,-0.18008736008736,-0.1366557466557467,-0.347474747474747,-0.07474747474747476,0.9706060606060606,0.6646400946400945,0.7086058786058786,0.8925916825916828,0.6049312949312953,0.5489243789243787,0.561931931931932,136.74765674765672,114.55819455819457,174.48311948311948,213.37064337064342,136.72354172354164,287.5025025025025,264.13504413504415,0.0013061309085071855,0.0010808358800909325,0.0003181560119299402,4.977480066939079e-6
0.3635408135408136,4.035025935025939,3.7318318318318324,3.0865683865683873,4.749849849849852,3.5724542724542716,2.825088725088724,5.0026481026481004,-0.9304968604968603,-0.6591400491400489,-0.22978705978705982,-0.14776412776412773,-0.10837291837291842,-0.3606060606060601,-0.07575757575757576,0.9542424242424242,0.6622158522158521,0.738908908908909,0.8404704704704706,0.5709919009919013,0.5410455910455908,0.5704167804167806,138.26280826280825,119.91172991172994,173.47301847301847,214.68377468377474,138.03667303667297,290.4317954317954,261.2057512057512,0.0012643448493886813,0.0009911572638942896,0.00032424052549478056,5.3517657743224865e-6
0.38071253071253075,4.226945126945131,3.636882336882337,3.1936390936390944,4.931668031668034,3.756292656292656,2.8291291291291283,5.081435981435979,-0.9799918099918098,-0.6995440895440893,-0.2661506961506962,-0.15786513786513778,-0.09221130221130225,-0.40808080808080754,-0.06262626262626263,0.9336363636363636,0.667064337064337,0.7031513331513332,0.8641068341068343,0.5994767494767499,0.5471061971061969,0.5873864773864775,132.10119210119208,121.32587132587135,171.45281645281645,218.42114842114847,139.45081445081436,282.35098735098734,266.05423605423607,0.0012466174303687098,0.001046424318061988,0.0003098298354727903,5.216607046656256e-6
0.4564701064701065,4.030985530985536,3.792437892437893,3.163336063336064,4.869041769041771,3.574474474474474,2.8614523614523604,5.083456183456181,-0.9183756483756482,-0.7550996450996449,-0.19342342342342347,-0.16089544089544083,-0.16089817089817096,-0.4202020202020197,-0.03232323232323232,0.9233333333333332,0.6658522158522158,0.7013331513331513,0.8610765310765313,0.5940222040222044,0.522257712257712,0.5443561743561744,132.70725270725268,116.8814268814269,171.55382655382655,212.86559286559293,136.62253162253154,284.06815906815905,266.5592865592866,0.0012947347105657753,0.0010120127560330437,0.00031591434903763065,5.398551487745413e-6
0.3887933387933388,4.06532896532897,3.6348621348621353,3.0542451542451547,4.850859950859952,3.683565383565383,2.814987714987714,4.968304668304666,-0.897163527163527,-0.677321867321867,-0.17726180726180732,-0.1406934206934206,-0.1063527163527164,-0.3646464646464641,-0.02121212121212121,0.9190909090909091,0.7137310037310036,0.7310301210301211,0.8877431977431979,0.5934161434161438,0.5198334698334697,0.5455682955682957,133.8183638183638,116.07334607334609,169.63463463463464,211.0474110474111,133.2891982891982,286.2903812903813,259.5895895895896,0.0012250912787016017,0.0010422532196342374,0.0003117512608090557,5.081448318990025e-6
0.4463690963690964,4.091591591591596,3.713650013650014,3.242123942123943,4.798334698334701,3.703767403767403,2.8574119574119563,5.02285012285012,-0.8880726180726178,-0.6894430794430793,-0.24392847392847397,-0.14877422877422872,-0.09322140322140327,-0.42626262626262573,-0.010101010101010097,0.9584848484848485,0.7185794885794885,0.7370907270907272,0.8544098644098646,0.6019009919009923,0.5289243789243787,0.5595076895076897,135.6365456365456,114.05314405314407,168.52352352352352,219.12821912821917,136.82455182455175,280.93684593684594,261.1047411047411,0.0012453511861529975,0.001039124895813424,0.00031847624948598443,5.0658530811823836e-6
0.4170761670761671,4.2188643188643224,3.6833469833469836,3.157275457275458,4.776112476112479,3.6310401310401303,2.9483210483210476,4.980425880425878,-0.8921130221130219,-0.7369178269178267,-0.2065547365547366,-0.19927927927927921,-0.07301938301938306,-0.33131313131313084,-0.009090909090909094,0.9445454545454545,0.6949431249431248,0.7073937573937574,0.856834106834107,0.5788706888706893,0.5319546819546818,0.5710228410228412,131.89917189917188,116.7804167804168,172.76594776594777,217.20902720902725,132.6831376831376,290.63381563381563,264.23605423605426,0.0013010659316443365,0.0010026277845706043,0.00032103814993433827,4.889107052695774e-6
0.3958640458640459,4.051187551187556,3.681326781326782,3.2178815178815188,4.800354900354902,3.649221949221949,2.837209937209936,5.018809718809716,-0.9163554463554462,-0.6924733824733822,-0.17322140322140328,-0.1548348348348348,-0.1164537264537265,-0.4111111111111106,-0.024242424242424246,0.9396969696969697,0.7125188825188824,0.7364846664846666,0.8447128947128948,0.6012949312949317,0.5598334698334697,0.5607198107198109,133.010283010283,115.66930566930569,175.998270998271,213.1686231686232,131.37000637000628,287.9065429065429,258.7815087815088,0.0012035651270344934,0.0010839642039117455,0.0003165548241497191,5.3205752987072025e-6
0.35849030849030855,4.041086541086545,3.73991263991264,3.058285558285559,4.887223587223589,3.677504777504777,2.8594321594321586,5.117799617799615,-0.9850423150423149,-0.7571198471198469,-0.246958776958777,-0.22554190554190545,-0.08413049413049416,-0.351515151515151,-0.005050505050505055,0.9506060606060606,0.6767613067613066,0.7170907270907272,0.8416825916825919,0.5964464464464468,0.5174092274092272,0.5716289016289018,135.8385658385658,119.50768950768952,174.0790790790791,214.17872417872422,132.8851578851578,282.55300755300755,262.61989261989265,0.0012656110936043936,0.001043295994241175,0.000306627459912348,4.9982737173492684e-6
0.3968741468741469,4.033005733005737,3.788397488397489,3.2199017199017206,4.838738738738741,3.689625989625989,2.8877149877149866,5.1157794157794125,-0.9335271635271634,-0.7348976248976247,-0.2358476658476659,-0.2073600873600873,-0.12958503958503964,-0.3979797979797975,-0.018181818181818188,0.9269696969696969,0.6834279734279733,0.724969514969515,0.8647128947128948,0.6000828100828105,0.5210455910455908,0.5825379925379927,136.84866684866682,122.23496223496225,176.8063518063518,210.3403403403404,137.83465283465276,289.017654017654,268.0744380744381,0.0012339549882115874,0.0010651942609868669,0.0003252012381629132,5.315376886104655e-6
0.4271771771771772,4.099672399672404,3.614660114660115,3.232022932022933,4.862981162981165,3.586595686595686,2.8533715533715522,5.024870324870323,-0.9567594867594866,-0.6944935844935842,-0.18231231231231237,-0.13564291564291558,-0.10130221130221134,-0.3373737373737369,-0.026262626262626265,0.9524242424242424,0.6822158522158521,0.6946664846664847,0.8883492583492585,0.6061434161434165,0.5337728637728636,0.5692046592046593,132.60624260624257,119.60869960869962,172.36190736190738,219.22922922922928,138.84475384475377,285.2802802802803,267.5693875693876,0.001216227569191616,0.0009942855877151028,0.00032392028793873633,5.16982133323333e-6
0.4241468741468742,4.1420966420966465,3.794458094458095,3.1855582855582862,4.796314496314499,3.6290199290199285,2.7543816543816533,4.98244608244608,-0.9092847392847391,-0.7500491400491398,-0.2055446355446356,-0.15584493584493578,-0.1346355446355447,-0.38686868686868636,-0.05454545454545455,0.9281818181818181,0.6682764582764582,0.7334543634543635,0.836834106834107,0.6097797797797802,0.533166803166803,0.5407198107198109,129.17189917189916,115.56829556829558,170.34170534170536,210.8453908453909,135.10738010738,288.8156338156338,262.21585221585224,0.0011997663943873567,0.0010213977274954832,0.00031367268614532104,4.99307530474672e-6
0.38980343980343984,4.180480480480485,3.72981162981163,3.060305760305761,4.889243789243791,3.7158886158886153,2.8735735735735726,5.041031941031938,-0.905244335244335,-0.6631804531804529,-0.21968604968604974,-0.177057057057057,-0.11948402948402953,-0.34040404040403993,-0.09797979797979799,0.95,0.6591855491855491,0.735878605878606,0.8628947128947131,0.5958403858403862,0.5646819546819545,0.5734470834470836,130.18200018200017,123.04304304304306,176.20029120029122,214.88579488579495,136.11748111748102,283.86613886613884,266.8623168623169,0.001206097615465918,0.0010140983052469193,0.0003203976748222498,4.9358927661187005e-6
0.3726317226317227,4.103712803712808,3.770215670215671,3.167376467376468,4.856920556920559,3.5764946764946757,2.8513513513513504,4.99254709254709,-0.9638301938301936,-0.6833824733824732,-0.2570597870597871,-0.17301665301665295,-0.09120120120120125,-0.36363636363636315,-0.08888888888888889,0.9142424242424242,0.6634279734279733,0.7067876967876968,0.8889553189553191,0.5703858403858407,0.5271061971061969,0.5552652652652654,134.42442442442442,116.17435617435619,167.81645281645282,219.33023933023938,138.54172354172346,283.7651287651288,258.4784784784785,0.0012238250344858894,0.0010631087117729913,0.0003063072223563038,5.01386895515691e-6
0.39990444990444995,4.123914823914828,3.707589407589408,3.244144144144145,4.782173082173085,3.6876057876057873,2.913977613977613,5.04305214305214,-0.9749413049413048,-0.7359077259077257,-0.24190827190827197,-0.2215015015015014,-0.11241332241332247,-0.3424242424242419,-0.0787878787878788,0.9663636363636363,0.6888825188825187,0.6940604240604241,0.8931977431977434,0.6073555373555377,0.5549849849849848,0.5534470834470836,137.55573755573755,116.57839657839659,174.2810992810993,218.21912821912827,134.50131950131941,288.5126035126035,258.5794885794886,0.0013073971527228978,0.0010172266290677323,0.00031239173592114414,4.9670832417339845e-6
0.3847529347529348,4.111793611793616,3.695468195468196,3.092628992628993,4.907425607425609,3.681545181545181,2.9321594321594313,4.984466284466282,-0.9082746382746381,-0.7278269178269177,-0.21160524160524166,-0.22352170352170345,-0.0760496860496861,-0.4212121212121207,-0.016161616161616155,0.9299999999999999,0.6894885794885793,0.7140604240604241,0.8380462280462282,0.6006888706888711,0.5137728637728636,0.5667804167804169,138.56583856583853,118.59859859859861,175.4932204932205,210.4413504413505,140.15788515788506,283.5631085631086,265.95322595322597,0.0012086301038973424,0.0010401676704203618,0.000324881000606869,4.9306943535161525e-6
0.45040950040950045,4.154217854217858,3.8085995085995092,3.1754572754572763,4.854900354900357,3.77043407043407,2.7705432705432695,5.095577395577393,-0.9769615069615069,-0.6874228774228772,-0.20251433251433257,-0.18412776412776405,-0.08312039312039315,-0.38181818181818133,-0.01919191919191919,0.9578787878787879,0.7155491855491855,0.7110301210301211,0.8689553189553191,0.5625070525070529,0.5483183183183181,0.5867804167804169,129.07088907088905,116.2753662753663,168.32150332150334,211.4514514514515,132.2790972790972,287.70452270452273,263.02393302393307,0.0012326887439958751,0.000997413911535916,0.00031879648704202866,5.029464192964552e-6
0.3756620256620257,4.079470379470384,3.7823368823368826,3.2017199017199025,4.842779142779145,3.707807807807807,2.756401856401855,4.9460824460824435,-0.8931231231231229,-0.7540895440895439,-0.25099918099918106,-0.21140049140049133,-0.14473655473655478,-0.37272727272727224,-0.03838383838383838,0.9469696969696969,0.7119128219128218,0.698908908908909,0.8810765310765313,0.5782646282646287,0.5671061971061969,0.5655682955682957,131.29311129311128,118.80061880061882,174.1800891800892,216.09791609791614,137.43061243061234,282.047957047957,262.72090272090276,0.0012022988828187813,0.0010735364578423686,0.0003059869848002596,5.039861018169647e-6
0.38172263172263177,4.107753207753212,3.7419328419328424,3.0966693966693972,4.893284193284195,3.663363363363363,2.7584220584220573,4.94204204204204,-0.9193857493857491,-0.6854026754026752,-0.21362544362544367,-0.1679661479661479,-0.16796887796887802,-0.4020202020202015,-0.09696969696969697,0.9657575757575757,0.6955491855491854,0.7092119392119393,0.8356219856219858,0.5734161434161438,0.5355910455910454,0.5485985985985987,138.96987896987895,113.54809354809356,175.0891800891801,217.10801710801715,135.81445081445074,286.1893711893712,261.8118118118118,0.0012263575229173138,0.0009994994607497912,0.0003114310232530115,5.154226095425688e-6
0.39485394485394487,4.172399672399677,3.6995085995086,3.1714168714168722,4.883183183183185,3.6027573027573023,2.9402402402402394,4.986486486486484,-0.9214059514059512,-0.7035844935844934,-0.19039312039312045,-0.1457439257439257,-0.17099918099918104,-0.3595959595959591,-0.0010101010101010027,0.9451515151515151,0.6688825188825187,0.7431513331513332,0.8635007735007737,0.5752343252343256,0.5689243789243787,0.5570834470834473,133.4143234143234,120.31577031577034,171.75584675584676,219.43124943124948,139.75384475384467,286.5934115934116,261.6097916097916,0.001313728373801459,0.0010015850099636668,0.00031399292370136526,5.050257843374741e-6
0.37162162162162166,4.101692601692606,3.624761124761125,3.173437073437074,4.806415506415508,3.7401310401310397,2.911957411957411,5.0592137592137565,-0.9840322140322139,-0.67025116025116,-0.20150423150423155,-0.23362271362271353,-0.10231231231231236,-0.4070707070707066,-0.06868686868686869,0.9263636363636363,0.7064582764582764,0.7164846664846666,0.8513795613795615,0.5564464464464468,0.5452880152880151,0.5837501137501139,129.57593957593954,121.22486122486124,170.54372554372554,215.69387569387575,133.1881881881881,284.57320957320957,264.8421148421149,0.001283338512624365,0.0010766647816631816,0.0003162345865936749,5.055456255977289e-6
0.44535899535899537,4.158258258258263,3.7197106197106202,3.236063336063337,4.925607425607427,3.673464373464373,2.899836199836199,5.1016380016379985,-0.9820120120120118,-0.6793420693420691,-0.18130221130221136,-0.20230958230958224,-0.1558476658476659,-0.35050505050505,-0.06161616161616162,0.9548484848484848,0.6937310037310036,0.7176967876967878,0.8374401674401676,0.577658567658568,0.5604395304395302,0.5625379925379927,134.7274547274547,113.34607334607337,169.93766493766495,210.5423605423606,134.90535990535983,283.15906815906817,264.43807443807447,0.0012997996874286244,0.0009859433908596012,0.0003271226634991786,5.40374990034796e-6
0.3928337428337429,4.186541086541091,3.6530439530439534,3.14919464919465,4.881162981162983,3.679524979524979,2.8957957957957947,5.111739011739009,-0.9709009009009008,-0.7429784329784328,-0.19948402948402955,-0.1588752388752388,-0.12150423150423155,-0.40909090909090856,-0.012121212121212116,0.9215151515151514,0.6882764582764582,0.7443634543634544,0.8822886522886525,0.557658567658568,0.5113486213486211,0.5334470834470836,134.1213941213941,118.90162890162892,170.13968513968516,215.89589589589596,140.56192556192548,284.16916916916915,267.7714077714078,0.0012694098262515303,0.0010474670926689258,0.0003284036137233555,5.086646731592573e-6
0.4150559650559651,4.043106743106748,3.800518700518701,3.1431340431340438,4.735708435708438,3.645181545181545,2.845290745290744,5.105678405678403,-0.907264537264537,-0.7470188370188369,-0.21463554463554468,-0.15079443079443072,-0.1578678678678679,-0.4121212121212116,-0.02525252525252525,0.9203030303030303,0.6737310037310036,0.7292119392119393,0.8750159250159252,0.574628264628265,0.5283183183183181,0.5649622349622351,130.58604058604055,121.62890162890164,170.24069524069526,217.51205751205757,131.6730366730366,288.7146237146237,263.83201383201384,0.0011972339059559323,0.0010526809657036144,0.00030694769746839225,4.982678479541626e-6
0.44131859131859136,4.053207753207758,3.721730821730822,3.1027300027300035,4.8447993447993465,3.695686595686595,2.903876603876603,5.034971334971332,-0.9810019110019108,-0.7217663117663116,-0.22372645372645378,-0.17099645099645094,-0.15079716079716085,-0.39595959595959546,-0.1,0.9712121212121212,0.6973673673673673,0.6995149695149696,0.8580462280462282,0.5570525070525074,0.5277122577122575,0.5589016289016291,133.61634361634358,113.44708344708347,170.64473564473565,218.11811811811816,140.46091546091537,284.37118937118936,263.62999362999363,0.0012516824072315589,0.00106832258480768,0.00030214413412772885,5.024265780362004e-6
0.406975156975157,4.087551187551192,3.806579306579307,3.1693966693966704,4.743789243789246,3.7300300300300293,2.804886704886704,5.099617799617796,-0.9476685776685775,-0.7510592410592408,-0.20049413049413056,-0.1568550368550368,-0.15180726180726187,-0.34141414141414095,-0.01414141414141415,0.9184848484848485,0.693124943124943,0.6910301210301211,0.8780462280462282,0.5988706888706893,0.5665001365001363,0.5395076895076897,136.04058604058602,123.14405314405316,169.23059423059425,216.40094640094645,135.41041041041032,281.13886613886615,259.1855491855492,0.0012504161630158466,0.0010662370355938044,0.0003200774372662056,5.237400697066445e-6
0.4524297024297025,4.08553098553099,3.6631449631449633,3.064346164346165,4.814496314496316,3.622959322959322,2.7846846846846836,5.051132951132948,-0.9456483756483754,-0.7258067158067156,-0.21261534261534268,-0.20432978432978427,-0.14877695877695885,-0.3686868686868682,-0.03737373737373738,0.9481818181818181,0.7028219128219128,0.7425452725452726,0.8762280462280464,0.5722040222040226,0.5192274092274091,0.58981071981072,129.77795977795975,113.95213395213398,176.30130130130132,217.81508781508788,135.00637000636993,281.7449267449268,264.03403403403405,0.001298533443212912,0.0010224405021024207,0.0003316059892837978,5.185416571040972e-6
0.404954954954955,4.119874419874424,3.7378924378924383,3.248184548184549,4.8306579306579325,3.6472017472017466,2.901856401856401,4.9602238602238575,-0.9759514059514058,-0.7490390390390389,-0.18837291837291842,-0.15988533988533982,-0.16392847392847398,-0.33636363636363587,-0.08484848484848485,0.9287878787878787,0.707064337064337,0.718908908908909,0.8901674401674403,0.5612949312949317,0.5477122577122575,0.5473864773864775,130.88907088907087,122.43698243698246,173.2709982709983,215.18882518882523,139.24879424879416,289.1186641186641,265.85221585221586,0.001273208558898667,0.0010161838544607946,0.0003264821883870901,4.8995038779008685e-6
0.41909636909636916,4.17644007644008,3.622740922740923,3.230002730002731,4.74782964782965,3.699726999726999,2.79074529074529,4.944062244062241,-0.9123150423150421,-0.674291564291564,-0.23079716079716084,-0.17503685503685498,-0.16897897897897904,-0.37575757575757524,-0.048484848484848485,0.9324242424242424,0.7149431249431248,0.7346664846664848,0.8871371371371373,0.5982646282646287,0.5343789243789242,0.5849622349622351,130.68705068705066,117.79051779051781,167.61443261443262,215.28983528983534,134.2992992992992,290.3307853307853,265.24615524615524,0.0012896697337029263,0.0010453815434550505,0.00031015007302883453,5.263392760079182e-6
0.37061152061152064,4.071389571389576,3.784357084357085,3.1269724269724275,4.879142779142781,3.7098280098280094,2.8553917553917545,5.067294567294565,-0.9264564564564562,-0.665200655200655,-0.23281736281736287,-0.13968331968331962,-0.11544362544362549,-0.3747474747474742,-0.020202020202020207,0.9596969696969697,0.7082764582764582,0.7383028483028484,0.8907735007735009,0.5643252343252346,0.5380152880152879,0.5401137501137503,138.16179816179815,115.16425516425518,169.33160433160435,209.43124943124948,135.51142051142043,281.34088634088636,267.973427973428,0.0012960009547814874,0.001032868248171798,0.00030886912280465764,5.1906149836435195e-6
0.3827327327327328,4.204722904722908,3.7015288015288017,3.1653562653562664,4.905405405405407,3.691646191646191,2.8695331695331685,5.135981435981433,-0.9325170625170623,-0.673281463281463,-0.245948675948676,-0.14271362271362265,-0.10433251433251438,-0.4242424242424237,-0.03535353535353536,0.933030303030303,0.7107007007007006,0.7467876967876969,0.8435007735007737,0.5952343252343256,0.516197106197106,0.5764773864773867,137.25270725270724,119.81071981071983,176.09928109928111,218.62316862316868,138.13768313768304,288.3105833105833,259.0845390845391,0.001217493813407328,0.0010099272068191684,0.0003095095979167461,5.09184514419512e-6
0.3655610155610156,4.214823914823919,3.628801528801529,3.1209118209118216,4.786213486213488,3.7219492219492216,2.7968058968058958,5.140021840021837,-0.9618099918099916,-0.7288370188370186,-0.2338274638274639,-0.23564291564291556,-0.14776685776685783,-0.3616161616161611,-0.03636363636363636,0.942121212121212,0.7167613067613067,0.7328483028483029,0.893803803803804,0.5794767494767499,0.5465001365001363,0.5413258713258715,138.76785876785874,118.29556829556832,174.58412958412958,214.07771407771412,136.92556192556185,284.8762398762399,258.6804986804987,0.001271942314682955,0.0010088844322122307,0.00031559411148158643,5.367361012130129e-6
0.3746519246519247,4.190581490581494,3.6490035490035493,3.1087906087906094,4.784193284193286,3.5987168987168983,2.8392301392301382,5.06325416325416,-0.9446382746382744,-0.7157057057057055,-0.22271635271635276,-0.19321867321867314,-0.15281736281736286,-0.3939393939393934,-0.03434343434343434,0.9227272727272726,0.6791855491855491,0.7498179998179999,0.8386522886522888,0.5758403858403862,0.5149849849849848,0.5425379925379926,137.75775775775773,120.21476021476023,172.26089726089728,215.49185549185555,137.73364273364265,282.45199745199744,259.2865592865593,0.001303598420075761,0.0010818786546978702,0.0003232798128266479,5.232202284463898e-6
0.43121758121758125,4.136036036036041,3.685367185367186,3.2138411138411147,4.792274092274094,3.604777504777504,2.9361998361998354,4.9885066885066855,-0.8941332241332239,-0.6864127764127762,-0.22877695877695883,-0.20331968331968325,-0.17301938301938308,-0.3707070707070702,-0.07373737373737374,0.9639393939393939,0.6858522158522158,0.7128483028483029,0.8562280462280464,0.5697797797797801,0.5525607425607424,0.5437501137501138,129.67694967694965,113.75011375011377,169.73564473564474,210.94640094640098,137.12758212758203,281.54290654290656,258.983528983529,0.0012871372452715017,0.0010558092895244274,0.0003191167245980729,5.1282340324129515e-6
0.3736418236418237,4.0633087633087674,3.7641550641550645,3.1794976794976804,4.901365001365003,3.7320502320502316,2.7988260988260976,5.123860223860221,-0.9001938301938299,-0.7389380289380287,-0.244938574938575,-0.1871580671580671,-0.07907998907998912,-0.41818181818181765,-0.0707070707070707,0.9463636363636363,0.6876703976703976,0.7461816361816362,0.8495613795613797,0.5861434161434165,0.5246819546819544,0.5770834470834473,135.23250523250522,114.35617435617438,175.6952406952407,217.91609791609795,130.66293566293558,289.42169442169444,266.6602966602967,0.0012377537208587241,0.0010057561083914176,0.000317835774373896,5.294583235694466e-6
0.45343980343980345,4.222904722904727,3.7863772863772867,3.137073437073438,4.818536718536721,3.618918918918918,2.7927654927654917,5.014769314769312,-0.9375675675675674,-0.671261261261261,-0.2267567567567568,-0.16998634998634993,-0.08009009009009013,-0.352525252525252,-0.09292929292929293,0.9403030303030303,0.6797916097916097,0.7437573937573938,0.8944098644098646,0.5728100828100832,0.5301365001364999,0.5467804167804169,130.28301028301027,114.96223496223499,168.62453362453363,212.2595322595323,138.23869323869314,290.027755027755,263.52898352898353,0.0012542148956629833,0.0010318254735648602,0.0003146333988134537,5.388154662540318e-6
0.4554600054600055,4.061288561288566,3.804559104559105,3.048184548184549,4.903385203385205,3.7259896259896257,2.8816543816543807,5.0309309309309285,-0.9274665574665573,-0.6904531804531802,-0.1944335244335245,-0.21746109746109737,-0.13160524160524167,-0.3565656565656561,-0.0494949494949495,0.936060606060606,0.6676703976703976,0.7007270907270907,0.8422886522886525,0.583719173719174,0.5265001365001363,0.5522349622349624,134.9294749294749,121.12385112385114,176.7053417053417,209.5322595322596,133.3902083902083,288.4115934115934,260.3976703976704,0.0013124621295857468,0.0009963711369289782,0.0003130322110332326,5.278987997886824e-6
0.3877832377832378,4.093611793611798,3.7782964782964785,3.2461643461643472,4.935708435708437,3.6552825552825547,2.808927108927108,4.956183456183454,-0.9668604968604967,-0.666210756210756,-0.17928200928200935,-0.21645099645099639,-0.13867594867594873,-0.3808080808080803,-0.05858585858585859,0.9196969696969697,0.6694885794885793,0.7261816361816362,0.873803803803804,0.6103858403858408,0.5658940758940757,0.5813258713258715,138.46482846482846,116.98243698243701,173.67503867503868,216.60296660296666,136.52152152152144,285.7853307853308,258.3774683774684,0.0012314224997801628,0.0010412104450272996,0.0003133524485892768,5.123035619810404e-6
0.3918236418236419,4.212803712803717,3.798498498498499,3.2279825279825287,4.822577122577124,3.671444171444171,2.8796341796341784,5.109718809718807,-0.9517089817089815,-0.6672208572208569,-0.1742315042315043,-0.19523887523887518,-0.14170625170625176,-0.3323232323232318,-0.056565656565656576,0.9427272727272726,0.6846400946400946,0.7298179998179999,0.8841068341068343,0.5800828100828105,0.5416516516516514,0.5498107198107199,137.85876785876783,117.2854672854673,168.11948311948314,209.93629993629997,131.8750568750568,289.52270452270454,263.3269633269633,0.0012364874766430118,0.0010537237403105521,0.00031495363636949793,4.925495940913605e-6
0.42212667212667215,4.228965328965333,3.7520338520338523,3.1067704067704076,4.73772863772864,3.76033306033306,2.922058422058421,4.996587496587494,-0.8981736281736279,-0.7025743925743924,-0.2520092820092821,-0.2194812994812994,-0.14271635271635277,-0.40505050505050455,-0.045454545454545456,0.9136363636363636,0.6810037310037309,0.6970907270907272,0.8683492583492585,0.594628264628265,0.5258940758940757,0.5364773864773866,130.38402038402037,121.02284102284104,171.35180635180637,211.2494312494313,139.55182455182447,286.997451997452,258.0744380744381,0.001278273535761516,0.0010516381910966766,0.00031047031058487875,5.273789585284277e-6
0.35748020748020753,4.134015834015838,3.7661752661752668,3.2057603057603066,4.927627627627629,3.7583128583128578,2.8069069069069057,5.1299208299208265,-0.9405978705978704,-0.7581299481299479,-0.22069615069615073,-0.17200655200655193,-0.12352443352443357,-0.3797979797979793,-0.09595959595959597,0.9178787878787878,0.6803976703976703,0.7286058786058787,0.8865310765310767,0.6067494767494771,0.553166803166803,0.5752652652652654,131.39412139412138,117.0834470834471,173.77604877604878,214.38074438074443,132.07707707707698,282.85603785603786,262.82191282191286,0.0012795397799772283,0.0010047133337844798,0.0003328869395079747,5.24779752227154e-6
0.44333879333879334,4.1845208845208886,3.6772863772863777,3.2239421239421246,4.8589407589407605,3.6108381108381105,2.926098826098825,5.026890526890524,-0.9416079716079714,-0.7086349986349985,-0.20958503958503963,-0.18109746109746103,-0.166958776958777,-0.4101010101010096,-0.0040404040404040525,0.9512121212121212,0.6603976703976703,0.7486058786058787,0.8816825916825919,0.5819009919009923,0.5119546819546817,0.5831440531440533,129.27290927290926,121.42688142688145,173.978068978069,211.6534716534717,130.76394576394569,283.4620984620985,260.2966602966603,0.0012820722684086527,0.0010370393465995488,0.00031271197347718837,5.201011808848614e-6
0.4352579852579853,4.11583401583402,3.7580944580944586,3.074447174447175,4.919546819546821,3.7441714441714438,2.8654927654927644,4.950122850122848,-0.9254463554463552,-0.676311766311766,-0.2671607971607972,-0.178067158067158,-0.09524160524160528,-0.42323232323232274,-0.07676767676767676,0.9651515151515151,0.6900946400946399,0.7479998179998181,0.8701674401674403,0.563719173719174,0.5392274092274091,0.5540531440531442,136.44462644462644,120.41678041678044,175.8972608972609,214.78478478478485,138.33970333970325,286.6944216944217,265.34716534716534,0.0012098963481130547,0.001074579232449306,0.0003120714983650999,5.32577371130975e-6
0.4160660660660661,4.144116844116848,3.717690417690418,3.155255255255256,4.933688233688235,3.608817908817908,2.893775593775593,5.0450723450723425,-0.9729211029211028,-0.759140049140049,-0.19241332241332249,-0.1497843297843297,-0.11847392847392851,-0.3787878787878783,-0.015151515151515152,0.9245454545454544,0.7179734279734279,0.7322422422422423,0.8525916825916827,0.5825070525070528,0.5180152880152878,0.56981071981072,132.4042224042224,115.46728546728549,174.7861497861498,211.85549185549192,131.06697606697597,287.0984620984621,262.41787241787245,0.0012605461167415446,0.0010829214293048078,0.00033064527661566507,4.9047022905034165e-6
0.41000546000546007,4.0289653289653335,3.6873873873873877,3.15929565929566,4.877122577122579,3.7684138684138677,2.786704886704886,4.952143052143049,-0.8911029211029209,-0.7268168168168166,-0.27322140322140326,-0.22251160251160243,-0.14978705978705983,-0.41717171717171664,-0.05555555555555556,0.9275757575757575,0.6907007007007006,0.6983028483028484,0.8616825916825919,0.5812949312949317,0.5555910455910454,0.5643561743561745,132.9092729092729,116.4773864773865,169.83665483665484,216.70397670397676,138.64273364273356,285.0782600782601,266.1552461552462,0.0013048646642914732,0.0010505954164897388,0.0003034250843519058,5.393353075142866e-6
0.4382882882882883,4.138056238056242,3.802538902538903,3.070406770406771,4.745809445809448,3.6067977067977064,2.7786240786240777,5.020829920829918,-0.9355473655473654,-0.6955036855036852,-0.20756483756483762,-0.2285722085722085,-0.13362544362544368,-0.37676767676767625,-0.027272727272727282,0.9675757575757575,0.6616097916097915,0.7255755755755756,0.8604704704704706,0.5552343252343256,0.5677122577122575,0.581931931931932,134.020384020384,116.3763763763764,172.46291746291746,213.57266357266363,131.9760669760669,288.2095732095732,264.7411047411048,0.0012440849419372855,0.0010704081340215553,0.00032680242594313434,5.26859117268173e-6
0.36253071253071256,4.083510783510788,3.7540540540540546,3.147174447174448,4.774092274092276,3.6209391209391204,2.918018018018017,5.036991536991534,-0.9628200928200926,-0.7045945945945944,-0.2176658476658477,-0.19119847119847114,-0.164938574938575,-0.41414141414141364,-0.09393939393939395,0.9457575757575757,0.6725188825188824,0.7098179998179999,0.8913795613795615,0.6055373555373559,0.5101365001364999,0.5431440531440532,129.97997997997996,114.65920465920468,173.57402857402857,215.99690599690604,135.61243061243053,284.7752297752298,265.14514514514514,0.001288403489487214,0.001010969981426106,0.000331926226839842,4.956686416528889e-6
0.3837428337428338,4.206743106743111,3.735872235872236,3.1996996996997007,4.77813267813268,3.7239694239694234,2.7745836745836736,5.085476385476382,-0.9284766584766583,-0.7338875238875237,-0.24089817089817095,-0.22756210756210749,-0.08110019110019115,-0.4222222222222217,-0.008080808080808091,0.9627272727272727,0.6597916097916097,0.7019392119392119,0.8695613795613797,0.5922040222040226,0.5628637728637726,0.5564773864773866,138.86886886886884,119.00263900263903,170.94776594776596,218.32013832013837,133.087178087178,284.27017927017926,261.9128219128219,0.001293468466350063,0.0010349537973856732,0.00032744290105522284,5.1594245080282355e-6
0.405965055965056,4.220884520884525,3.7237510237510243,3.145154245154246,4.751870051870054,3.7421512421512415,2.7887250887250876,4.958203658203656,-0.9496887796887795,-0.7439885339885338,-0.19847392847392853,-0.13867321867321863,-0.1457466557466558,-0.41515151515151466,-0.0797979797979798,0.9148484848484848,0.6664582764582764,0.6964846664846666,0.8725916825916827,0.6109919009919014,0.542257712257712,0.5740531440531442,135.33351533351532,119.40667940667943,175.5942305942306,213.47165347165353,136.01647101647094,289.72472472472475,263.4279734279734,0.0012567473840944079,0.0010443387688481127,0.00033096551417170935,5.341368949117392e-6
0.43222768222768226,4.1279552279552325,3.6692055692055696,3.151214851214852,4.871061971061973,3.7360906360906356,2.9281190281190272,5.125880425880423,-0.902214032214032,-0.7460087360087359,-0.22776685776685782,-0.22655200655200647,-0.13766584766584772,-0.37777777777777727,-0.08080808080808081,0.9251515151515151,0.71009464009464,0.741939211939212,0.8653189553189554,0.571597961597962,0.5155910455910454,0.552841022841023,132.3032123032123,117.38647738647741,173.1699881699882,210.03731003731008,133.4912184912184,285.98735098735096,267.6703976703977,0.001190902684877371,0.001035996571992611,0.00030374532190795,4.9618848291314364e-6
0.45141960141960147,4.202702702702707,3.640922740922741,3.088588588588589,4.832678132678135,3.6168987168987163,2.9503412503412494,5.03295113295113,-0.9173655473655471,-0.7177259077259075,-0.25402948402948405,-0.19018837018837012,-0.13261534261534266,-0.39090909090909043,-0.028282828282828285,0.916060606060606,0.7046400946400946,0.704969514969515,0.8756219856219858,0.5600828100828105,0.5307425607425605,0.5904167804167806,137.05068705068703,118.19455819455821,168.72554372554373,212.66357266357272,131.26899626899618,285.5833105833106,260.59969059969063,0.0012352212324272995,0.0009807295178249126,0.0003143131612574095,5.076249906387478e-6
0.41202566202566204,4.10573300573301,3.7500136500136505,3.1047502047502054,4.804395304395307,3.6269997269997263,2.915997815997815,5.049112749112746,-0.9870625170625169,-0.7096450996450994,-0.24897897897897903,-0.21443079443079435,-0.16998907998908006,-0.34949494949494897,-0.043434343434343436,0.9306060606060605,0.7016097916097915,0.7473937573937575,0.8707735007735009,0.5970525070525075,0.5568031668031667,0.5516289016289018,129.87896987896985,115.8713258713259,168.92756392756394,212.56256256256262,130.9659659659659,281.44189644189646,259.3875693875694,0.0012846047568400773,0.001078750330877057,0.0003082286476925692,4.951488003926342e-6
0.42111657111657114,4.152197652197656,3.812639912639913,3.1835380835380844,4.852880152880155,3.7280098280098275,2.835189735189734,5.047092547092545,-0.9537291837291836,-0.7005541905541903,-0.1974638274638275,-0.18513786513786507,-0.09019110019110024,-0.40606060606060557,-0.0696969696969697,0.9536363636363636,0.6628219128219127,0.7231513331513332,0.8392583492583494,0.5685676585676589,0.5216516516516514,0.535871325871326,136.54563654563654,117.1844571844572,175.7962507962508,211.3504413504414,140.35990535990527,281.03785603785605,263.1249431249431,0.0011934351733087953,0.0010568520641313652,0.00030438579702003846,5.377757837335223e-6
0.3605105105105106,4.216844116844121,3.743953043953044,3.1249522249522257,4.739748839748842,3.766393666393666,2.82104832104832,5.008708708708706,-0.9365574665574664,-0.664190554190554,-0.20857493857493864,-0.1881681681681681,-0.09423150423150427,-0.3919191919191914,-0.09191919191919193,0.962121212121212,0.7010037310037309,0.7504240604240605,0.8550159250159252,0.5673555373555377,0.5295304395304393,0.5685985985985987,137.65674765674763,121.52789152789154,167.71544271544272,210.13832013832018,136.21849121849112,287.3004823004823,261.5087815087815,0.001266877337820106,0.0010203549528885454,0.0003293643263914882,5.102241969400215e-6
0.40293475293475295,4.168359268359272,3.7459732459732464,3.1128310128310135,4.917526617526619,3.6391209391209385,2.9422604422604413,4.97234507234507,-0.9102948402948401,-0.7146956046956044,-0.2368577668577669,-0.1982691782691782,-0.08514059514059519,-0.4030303030303025,-0.04444444444444445,0.9166666666666666,0.6997916097916097,0.7207270907270908,0.8731977431977433,0.5891737191737195,0.5580152880152879,0.5637501137501139,138.06078806078804,115.36627536627539,167.21039221039223,215.59286559286565,135.30940030940022,290.5328055328055,266.3572663572664,0.00130866339693861,0.0010797931054839947,0.00030790841013652497,5.362162599527582e-6
0.411015561015561,4.160278460278464,3.7681954681954686,3.0764673764673773,4.82863772863773,3.6573027573027566,2.9463008463008453,5.079415779415776,-0.899183729183729,-0.7015642915642913,-0.22574665574665578,-0.1366530166530166,-0.12251433251433257,-0.4161616161616156,-0.08383838383838385,0.9154545454545454,0.6979734279734279,0.7304240604240605,0.8410765310765312,0.5764464464464468,0.5404395304395302,0.5807198107198109,132.2022022022022,114.45718445718448,176.4023114023114,217.00700700700705,138.94576394576387,280.83583583583584,261.4077714077714,0.001263078605172969,0.0009922000385012273,0.0003011834214595962,5.284186410489371e-6
0.4483892983892984,4.16633906633907,3.7722358722358726,3.2037401037401048,4.840758940758943,3.748211848211848,2.8473109473109464,5.121840021840018,-0.903224133224133,-0.6611602511602509,-0.22170625170625174,-0.2295823095823095,-0.0770597870597871,-0.3383838383838379,0.0,0.9318181818181818,0.6816097916097915,0.7213331513331513,0.845925015925016,0.5631131131131134,0.5325607425607424,0.5910228410228412,135.030485030485,117.6895076895077,173.8770588770589,218.52215852215858,132.4811174811174,284.67421967421967,261.3067613067613,0.0012048313712502057,0.0009953283623220404,0.0003197571997101614,5.112638794605309e-6
0.41303576303576306,4.07542997542998,3.810619710619711,3.11889161889162,4.759950859950862,3.594676494676494,2.8755937755937744,4.964264264264262,-0.9153453453453452,-0.7399481299481298,-0.2247365547365548,-0.16291564291564287,-0.11140322140322145,-0.3656565656565651,-0.006060606060606058,0.9366666666666666,0.6749431249431248,0.7152725452725454,0.8465310765310766,0.5528100828100831,0.5652880152880151,0.5746592046592048,136.64664664664662,119.30566930566933,176.6043316043316,210.6433706433707,135.91546091546084,282.95704795704796,266.2562562562563,0.0012972671989971997,0.0010234832767093585,0.00030406555946399424,5.0346626055671e-6
0.4261670761670762,4.081490581490586,3.6166803166803168,3.0502047502047507,4.921567021567023,3.6330603330603326,2.823068523068522,5.0874965874965845,-0.9244362544362542,-0.7561097461097459,-0.26817089817089823,-0.20533988533988526,-0.14069615069615074,-0.3292929292929288,-0.01717171717171717,0.9590909090909091,0.6985794885794885,0.7201210301210301,0.83986440986441,0.5558403858403862,0.5240758940758938,0.555871325871326,135.13149513149511,122.74001274001276,170.44271544271544,214.48175448175454,134.70333970333962,283.96714896714894,262.92292292292296,0.00120736385968163,0.0010589376133452405,0.00031943696215411716,5.195813396246067e-6
0.41808626808626814,4.148157248157252,3.6510237510237515,3.068386568386569,4.761971061971064,3.7502320502320496,2.7806442806442795,5.119819819819817,-0.9880726180726179,-0.6843925743925742,-0.1863527163527164,-0.16392574392574386,-0.0962517062517063,-0.3575757575757571,-0.05252525252525253,0.9493939393939393,0.6743370643370642,0.7401210301210301,0.8853189553189554,0.6085676585676589,0.5640758940758939,0.5613258713258715,134.6264446264446,120.61880061880063,169.12958412958415,211.75448175448182,134.80434980434973,287.4014924014924,267.26635726635726,0.001212428836544479,0.0010380821212064865,0.00030246437168377307,5.346567361719939e-6
0.4201064701064702,4.0774501774501815,3.620720720720721,3.0845481845481855,4.820556920556923,3.6431613431613425,2.9442806442806435,5.089516789516787,-0.9133251433251431,-0.668230958230958,-0.247968877968878,-0.20634998634998628,-0.17200928200928206,-0.4131313131313126,-0.0595959595959596,0.9433333333333332,0.687064337064337,0.6916361816361817,0.8556219856219858,0.5606888706888711,0.5495304395304393,0.5576895076895079,136.34361634361633,115.972335972336,174.3821093821094,215.08781508781513,132.3801073801073,290.1287651287651,258.8825188825189,0.0012301562555644507,0.0010672798102007422,0.000310790548140923,5.2893848230919186e-6
0.42313677313677317,4.174419874419878,3.6752661752661755,3.0906087906087913,4.770051870051872,3.659322959322959,2.938220038220037,5.053153153153151,-0.9860524160524159,-0.6823723723723721,-0.25907998907998914,-0.15382473382473377,-0.1467567567567568,-0.42828282828282777,-0.06363636363636364,0.9554545454545454,0.7034279734279734,0.6922422422422423,0.8671371371371372,0.5770525070525074,0.5368031668031666,0.5479925379925381,135.7375557375557,119.70970970970973,171.14978614978617,217.61306761306767,130.8649558649558,282.75502775502775,260.1956501956502,0.0013099296411543222,0.0010339110227787357,0.0003050262721321269,5.138630857618046e-6
0.40394485394485397,4.224924924924929,3.796478296478297,3.141113841113842,4.741769041769044,3.6613431613431606,2.9543816543816535,5.075375375375373,-0.9607998907998906,-0.7298471198471196,-0.2701911001911002,-0.17402675402675397,-0.1255446355446356,-0.3717171717171712,-0.08686868686868687,0.9384848484848485,0.6991855491855491,0.707999817999818,0.8471371371371372,0.6091737191737195,0.556197106197106,0.5370834470834472,136.94967694967693,114.15415415415417,175.1901901901902,216.50195650195656,133.89525889525882,287.6035126035126,265.0441350441351,0.001211162592328767,0.0010266116005301716,0.00032231910015851516,5.107440382002762e-6
0.4281872781872782,4.198662298662303,3.7803166803166808,3.2158613158613165,4.766011466011468,3.7138684138684135,2.8634725634725626,5.057193557193554,-0.9143352443352442,-0.7318673218673216,-0.1873628173628174,-0.19422877422877416,-0.10736281736281741,-0.34444444444444394,-0.05353535353535353,0.9118181818181817,0.7143370643370642,0.7376967876967878,0.8507735007735009,0.5740222040222044,0.5507425607425606,0.5922349622349624,139.07088907088905,117.99253799253802,170.03867503867505,213.97670397670402,131.5720265720265,286.3913913913914,259.99362999363,0.0011985001501716443,0.001028697149744047,0.0003216786250464267,5.304980060899561e-6
0.401924651924652,4.178460278460283,3.6732459732459737,3.1007098007098013,4.885203385203387,3.5805350805350797,2.7725634725634714,4.998607698607696,-0.9506988806988805,-0.7167158067158065,-0.2580698880698881,-0.13766311766311762,-0.08211029211029215,-0.3828282828282823,-0.07272727272727272,0.922121212121212,0.713124943124943,0.7037573937573938,0.8804704704704707,0.6128100828100832,0.5125607425607424,0.5722349622349624,132.80826280826278,120.82082082082084,174.6851396851397,213.0676130676131,133.99626899626892,283.3610883610884,264.6400946400947,0.0012580136283101202,0.0010151410798538568,0.0003031048467958615,5.252995934874087e-6
0.37667212667212674,4.089571389571394,3.7338520338520342,3.066366366366367,4.9094458094458115,3.7179088179088176,2.8715533715533708,4.96224406224406,-0.9527190827190826,-0.6884329784329781,-0.2691809991809992,-0.19725907725907718,-0.08716079716079721,-0.41919191919191867,-0.0020202020202020193,0.9566666666666667,0.6719128219128218,0.7243634543634544,0.8719856219856221,0.5649312949312952,0.5374092274092273,0.5885985985985988,132.5052325052325,118.09354809354811,169.53362453362453,210.2393302393303,138.44071344071335,289.21967421967423,260.0946400946401,0.0012200263018387527,0.0010276543751371093,0.0003111107856969672,5.310178473502108e-6
0.3867731367731368,4.049167349167353,3.6712257712257714,3.234043134043135,4.780152880152882,3.7381108381108374,2.764482664482663,5.0167895167895145,-0.9436281736281734,-0.7237865137865136,-0.23988806988806993,-0.23463281463281455,-0.11746382746382751,-0.34545454545454496,-0.003030303030303022,0.9312121212121212,0.6640340340340339,0.7122422422422423,0.885925015925016,0.5903858403858407,0.5398334698334697,0.5916289016289018,133.2123032123032,115.26526526526528,167.91746291746293,212.76458276458283,137.02657202657196,288.007553007553,263.93302393302395,0.0011921689290930832,0.0010307826989579224,0.0003152738739255422,5.336170536514845e-6
0.3978842478842479,4.095631995632,3.7277914277914284,3.122932022932024,4.75793065793066,3.7199290199290194,2.8331695331695324,5.065274365274362,-0.9648402948402947,-0.7197461097461095,-0.26211029211029213,-0.2184711984711984,-0.12453453453453459,-0.42727272727272675,-0.06767676767676768,0.9669696969696969,0.6585794885794884,0.7455755755755756,0.8574401674401676,0.5667494767494771,0.5458940758940757,0.5352652652652654,129.47492947492947,115.06324506324508,168.22049322049324,216.80498680498687,138.74374374374366,286.4924014924015,258.1754481754482,0.0012136950807601914,0.0010130555306399815,0.0003296845639475324,5.2218054592588034e-6
0.43020748020748023,4.12593502593503,3.6591045591045592,3.1956592956592966,4.865001365001367,3.762353262353262,2.952361452361451,5.01274911274911,-0.9385776685776683,-0.7247966147966146,-0.1833224133224134,-0.16695604695604688,-0.11039312039312044,-0.33434343434343383,-0.06060606060606061,0.9487878787878787,0.7094885794885794,0.721939211939212,0.8519856219856221,0.554628264628265,0.5519546819546818,0.5322349622349624,135.53553553553553,121.72991172991175,175.2912002912003,211.956501956502,134.4003094003093,286.8964418964419,266.7613067613068,0.001222558790270177,0.001071450908628493,0.0003027846092398173,5.372559424732676e-6
0.4372781872781873,4.162298662298666,3.6429429429429434,3.1613158613158623,4.867021567021569,3.6532623532623525,2.7665028665028655,4.940021840021838,-0.9395877695877694,-0.7520693420693418,-0.1782719082719083,-0.21544089544089537,-0.16594867594867602,-0.3888888888888884,-0.0292929292929293,0.9439393939393939,0.6919128219128218,0.7237573937573938,0.8483492583492585,0.5540222040222044,0.5683183183183181,0.5504167804167805,137.15169715169714,113.64910364910367,174.98816998817,210.7443807443808,136.42051142051133,283.2600782600783,263.2259532259532,0.001268143582035818,0.0009849006162526634,0.0003236000503826921,5.0970435567976675e-6
0.44434889434889435,4.097652197652202,3.725771225771226,3.181517881517882,4.824597324597327,3.59063609063609,2.7685230685230673,5.107698607698604,-0.9224160524160522,-0.7328774228774226,-0.20352443352443356,-0.20129948129948122,-0.11342342342342346,-0.34848484848484795,-0.08989898989898991,0.9390909090909091,0.6610037310037309,0.7492119392119393,0.8592583492583494,0.5679615979615983,0.5537728637728636,0.5855682955682957,138.36381836381835,123.24506324506326,167.5134225134225,218.8251888251889,137.93566293566286,289.32068432068434,261.00373100373105,0.0012428186977215731,0.0010724936832354308,0.00030918936036070186,5.071051493784931e-6
0.38576303576303583,4.150177450177455,3.70960960960961,3.153235053235054,4.848839748839751,3.675484575484575,2.909937209937209,4.970324870324868,-0.8890827190827189,-0.7136855036855034,-0.1964537264537265,-0.17604695604695597,-0.09827190827190832,-0.3898989898989894,-0.09090909090909091,0.9687878787878788,0.7058522158522158,0.727999817999818,0.8477431977431978,0.6043252343252347,0.562257712257712,0.5376895076895079,134.8284648284648,122.84102284102286,171.65483665483666,212.966602966603,139.34980434980426,282.24997724997723,267.36736736736736,0.0012770072915458037,0.0010182694036746701,0.0003018238965716846,4.920297528311058e-6
0.3645509145509146,4.182500682500686,3.68940758940759,3.225962325962327,4.810455910455913,3.685585585585585,2.83114933114933,5.113759213759211,-0.895143325143325,-0.7116653016653014,-0.24998907998908004,-0.16594594594594586,-0.12049413049413055,-0.3838383838383833,-0.06464646464646465,0.9518181818181818,0.6713067613067611,0.7001210301210302,0.8489553189553191,0.5909919009919014,0.525288015288015,0.5758713258713261,130.08099008099006,121.93193193193196,167.00837200837202,209.6332696332697,135.2083902083901,289.62371462371465,259.4885794885795,0.0012592798725258323,0.0010641514863799291,0.0003072679350244365,5.143829270220593e-6
0.4473791973791974,4.117854217854222,3.6793065793065796,3.221921921921923,4.899344799344801,3.6007371007371,2.7624624624624614,5.006688506688504,-0.9698907998907997,-0.6692410592410589,-0.2651405951405952,-0.21342069342069334,-0.08615069615069619,-0.3282828282828278,-0.04040404040404041,0.9293939393939393,0.684034034034034,0.7025452725452725,0.8531977431977433,0.5594767494767499,0.5428637728637726,0.5346592046592048,135.93957593957592,122.33597233597236,172.05887705887707,212.46155246155251,133.6932386932386,287.80553280553283,261.7108017108017,0.0012744748031143793,0.0009869861654665387,0.0003047060345760827,5.206210221451162e-6
